Attendance_Rate,Unexcused_Absence_Count,Unexcused_Absence_Rate,Late_Count,Consecutive_Unexcused_Absences,Days_Since_Last_Attended,Assignment_Missing_Rate,Assignment_Late_Count,Average_Score,Score_Trend,Has_Overdue_Invoice,Days_Overdue,Class_Progress_Ratio,Is_Dropout
0.7745,2,0.1818,1,1,10,0.2673,1,6.25,-0.68,1,41,0.6711,0
0.5166,6,0.25,2,6,8,0.78,1,3.9,-1.2,0,0,0.597,1
0.8653,1,0.0625,0,1,4,0.1047,0,7.82,-0.0,0,0,0.3668,0
0.8754,2,0.0909,1,0,4,0.1085,0,8.71,-0.56,0,0,0.3507,0
0.9334,0,0.0,0,0,1,0.3372,0,6.92,-0.21,1,1,0.2629,0
0.9638,1,0.0385,0,0,3,0.22,0,8.55,-0.14,0,0,0.9614,0
0.9875,0,0.0,0,0,0,0.0257,0,7.73,0.41,0,0,0.7182,0
1.0,0,0.0,0,0,1,0.0805,0,8.48,-0.27,0,0,0.2122,0
0.8541,3,0.1304,0,3,14,0.03,0,6.03,-0.84,0,0,0.3751,0
1.0,0,0.0,0,0,3,0.1819,1,7.91,-0.63,0,0,0.3588,0
0.4262,6,0.3,3,3,14,0.734,3,4.84,-0.99,1,37,0.528,1
0.8155,3,0.1154,1,1,10,0.4433,0,7.73,-0.69,0,0,0.3365,1
0.9224,1,0.0588,0,0,0,0.1894,1,7.59,-0.74,0,0,0.6842,0
1.0,0,0.0,0,0,0,0.0542,1,9.63,-0.48,0,0,0.2577,0
0.6878,2,0.2222,0,1,2,0.4454,0,6.77,0.21,0,0,0.376,0
0.8145,3,0.125,0,1,19,0.1261,0,6.42,-0.62,0,0,0.6215,1
0.6935,5,0.2381,1,2,3,0.0722,0,7.23,-0.94,1,6,0.8746,1
0.4264,8,0.4211,0,2,4,0.6989,1,4.72,-1.64,0,0,0.5187,1
0.9348,1,0.0435,0,0,2,0.035,1,6.87,-0.22,0,0,0.5106,0
1.0,0,0.0,0,0,2,0.22,0,7.89,0.72,0,0,0.4068,0
0.9475,0,0.0,0,0,0,0.0179,0,6.9,0.12,0,0,0.2074,0
0.2287,17,0.68,6,13,4,0.6376,1,5.53,-2.26,0,0,0.3713,1
0.7059,5,0.1923,1,5,6,0.3199,0,5.49,-1.11,0,0,0.5546,1
0.887,1,0.0588,0,1,14,0.4314,2,6.95,-0.51,0,0,0.3822,0
0.7462,2,0.2,0,2,16,0.482,1,7.9,-1.83,1,45,0.8508,1
0.8807,1,0.0769,0,1,2,0.6687,2,3.56,-1.93,0,0,0.2778,1
0.6038,2,0.2,0,2,5,0.2721,2,6.77,-1.32,0,0,0.5972,1
0.5624,5,0.2381,1,3,13,0.7067,1,5.58,-1.78,0,0,0.3571,1
0.773,1,0.1429,1,0,9,0.3103,1,5.25,-1.13,0,0,0.222,0
0.7641,2,0.1818,2,0,20,0.2756,1,5.65,-0.69,0,0,0.5032,0
0.5212,7,0.3182,2,7,11,0.4638,1,4.56,-1.59,1,33,0.4675,1
0.7779,5,0.1724,2,1,5,0.2051,0,4.6,-0.82,1,29,0.4821,1
0.5739,10,0.3333,0,7,6,0.2721,0,6.48,-1.0,0,0,0.5126,1
0.943,1,0.0556,0,1,0,0.0638,0,7.83,-0.06,0,0,0.7718,0
0.8874,1,0.0435,0,0,3,0.1001,1,7.04,0.28,0,0,0.5142,0
0.9077,1,0.0667,0,1,3,0.0202,0,7.37,-0.06,0,0,0.2627,0
0.8675,1,0.0909,0,0,15,0.4726,1,6.34,-1.77,0,0,0.2289,0
0.6437,1,0.2,0,0,11,0.5068,1,8.69,-1.97,0,0,0.0923,0
0.4936,8,0.4211,2,1,19,0.9021,0,4.98,-1.39,1,37,0.4163,1
0.6575,4,0.1905,1,0,5,0.62,2,6.66,-0.38,0,0,0.4027,1
0.8126,2,0.1176,1,1,15,0.1331,0,5.69,0.35,0,0,0.9132,0
1.0,0,0.0,1,0,2,0.0703,0,8.9,0.31,0,0,0.7354,0
0.9114,1,0.0556,0,0,1,0.1288,0,7.17,-1.11,0,0,0.3369,0
0.7327,1,0.125,0,1,16,0.3787,0,7.19,-0.79,1,25,0.099,0
0.8932,1,0.0455,0,1,1,0.2196,1,7.27,1.09,1,22,0.4689,0
0.5855,10,0.3333,0,6,7,0.7633,3,6.46,-1.78,0,0,0.2619,1
0.527,9,0.3333,2,6,14,0.3582,1,4.43,-1.02,0,0,0.67,1
0.7263,6,0.2,0,4,7,0.203,1,6.33,0.48,0,0,0.3082,0
0.9248,1,0.0714,1,0,0,0.2231,0,7.76,-0.38,0,0,0.7504,0
0.8605,1,0.0909,1,1,8,0.0331,0,8.12,-0.56,0,0,0.6091,0
0.9364,1,0.0385,0,1,3,0.0088,0,7.89,0.31,0,0,0.65,0
0.9176,1,0.0833,0,1,1,0.0209,0,7.87,-0.15,1,36,0.8759,0
0.8968,3,0.1034,0,0,8,0.1304,0,7.51,-0.8,0,0,0.739,1
0.7294,4,0.16,0,3,7,0.1502,0,6.16,-0.56,1,1,0.5046,1
0.5716,2,0.2857,2,1,10,0.2558,0,6.23,-1.72,0,0,0.262,0
0.8152,0,0.0,0,0,8,0.3685,1,3.9,-1.19,1,5,0.8683,1
0.845,3,0.1071,1,0,12,0.3562,2,5.68,-0.67,0,0,0.5914,0
0.5812,2,0.4,0,1,15,0.389,1,4.92,-1.4,1,1,0.6278,1
0.9799,0,0.0,0,0,3,0.0218,0,8.83,-0.04,0,0,0.262,1
0.7214,5,0.1786,2,5,13,0.3909,0,7.31,-1.16,1,20,0.1275,1
0.7099,2,0.1818,1,0,2,0.3957,1,4.85,-0.69,1,17,0.5664,0
0.9496,1,0.05,0,1,3,0.077,0,8.09,0.1,0,0,0.7298,0
0.32,8,0.3478,0,3,13,0.8106,1,2.31,-1.53,1,35,0.5819,1
0.6214,3,0.2143,1,1,11,0.42,3,4.43,-1.5,0,0,0.3054,1
0.8725,1,0.0625,0,0,16,0.0608,1,6.56,-0.03,0,0,0.4829,1
0.7162,3,0.2,1,2,10,0.2548,2,8.25,-0.94,0,0,0.3099,1
0.6315,7,0.3043,0,4,20,0.1961,0,6.23,-0.81,0,0,0.4874,1
0.839,2,0.0833,0,0,16,0.4515,1,6.33,0.04,1,24,0.4302,1
0.7461,3,0.2,0,3,15,0.2129,0,6.48,-0.15,0,0,0.8535,1
0.9378,0,0.0,0,0,0,0.1036,0,8.54,-0.65,0,0,0.4743,0
0.7657,4,0.1818,0,3,15,0.4593,0,7.63,-0.68,0,0,0.194,1
0.7902,5,0.1786,0,2,7,0.2512,1,4.79,-1.09,0,0,0.5763,1
0.7592,4,0.1429,1,3,9,0.1104,0,8.3,-0.97,1,18,0.3884,1
0.8056,1,0.25,1,1,14,0.3798,1,9.21,-1.48,0,0,0.5575,0
0.5853,2,0.2,0,1,15,0.4779,1,5.1,-1.21,0,0,0.6412,1
0.8741,1,0.1111,0,0,8,0.2629,0,6.95,-0.58,0,0,0.2279,0
0.8792,1,0.0526,0,1,20,0.22,0,9.46,-0.18,0,0,0.4031,0
0.9312,1,0.037,0,1,1,0.1098,0,8.67,-0.99,0,0,0.5622,0
0.7977,4,0.1333,2,2,19,0.1785,2,6.65,-0.03,0,0,0.7338,1
0.9163,1,0.0455,0,0,3,0.0292,0,8.93,-0.92,0,0,0.3079,0
0.7462,1,0.1667,2,1,3,0.7228,3,2.67,-1.19,0,0,0.4109,1
0.6068,5,0.2083,0,3,3,0.4838,2,7.0,-2.21,0,0,0.3887,0
0.6518,8,0.2963,1,3,1,0.4743,2,5.61,-0.74,0,0,0.4162,1
0.9139,1,0.0588,0,0,3,0.0373,0,7.81,-0.54,0,0,0.504,0
0.9502,0,0.0,0,0,1,0.132,1,8.13,0.08,0,0,0.2426,0
0.7369,2,0.125,0,2,19,0.4172,3,0.55,-0.46,1,36,0.4401,1
0.8411,2,0.1,0,2,14,0.1188,0,7.21,0.11,0,0,0.5382,0
0.7735,3,0.1154,0,3,11,0.4624,1,7.61,-0.92,1,15,0.5681,1
0.7866,3,0.1304,1,1,17,0.2853,1,5.45,-0.28,0,0,0.5468,1
0.8071,3,0.1111,3,1,18,0.5746,2,7.93,-1.37,1,17,0.6016,1
0.7364,3,0.1667,1,0,9,0.309,0,5.9,-1.28,0,0,0.4717,1
0.8549,2,0.1053,2,1,18,0.0551,0,8.6,0.42,0,0,0.521,0
0.6517,2,0.3333,1,2,6,0.5752,2,4.58,-1.26,0,0,0.3301,1
0.9619,0,0.0,0,0,1,0.22,0,8.97,-0.72,0,0,0.2862,0
0.9484,1,0.037,0,0,3,0.1825,1,6.89,-1.33,0,0,0.2276,1
0.6012,5,0.1724,2,3,7,0.1,0,4.43,-0.84,0,0,0.7191,1
0.9202,0,0.0,0,0,0,0.1361,0,6.71,0.69,0,0,0.1112,0
0.939,1,0.0556,0,1,1,0.22,1,7.7,-1.41,0,0,0.5698,0
0.9196,1,0.0667,0,0,0,0.1014,0,8.67,-1.0,0,0,0.6516,0
0.883,1,0.1,0,1,19,0.0153,0,7.21,0.54,0,0,0.6492,0
0.6743,5,0.25,3,4,1,0.2586,2,7.07,-0.03,0,0,0.541,0
0.8951,1,0.0909,2,0,9,0.0771,2,6.02,-0.3,0,0,0.6963,1
0.7495,4,0.2,0,2,9,0.1314,0,6.02,-0.52,1,26,0.7853,1
0.6843,1,0.25,1,1,12,0.62,2,6.92,-1.19,1,45,0.6431,0
0.9704,0,0.0,0,0,3,0.0087,0,8.4,-0.1,0,0,0.3289,0
0.5183,2,0.25,2,1,2,0.1397,0,6.9,0.03,1,45,0.9463,1
0.777,4,0.1538,0,0,13,0.2756,0,6.88,-1.53,0,0,0.3313,0
0.8281,1,0.0909,1,0,18,0.0671,0,7.57,-0.1,0,0,0.5657,1
0.8763,1,0.0769,2,1,20,0.0025,0,8.07,-0.15,0,0,0.3269,1
0.9479,0,0.0,0,0,3,0.2524,2,6.96,0.39,0,0,0.7845,0
0.6311,4,0.3077,1,2,2,0.62,1,7.32,-0.92,0,0,0.8613,1
0.4938,7,0.2917,2,3,2,0.7503,0,4.65,-2.23,0,0,0.3173,1
0.8034,3,0.1304,0,1,6,0.05,0,7.63,0.18,1,14,0.9562,1
0.9397,1,0.0625,0,0,3,0.3705,1,7.75,-0.58,0,0,0.5424,0
0.9269,0,0.0,0,0,2,0.0929,0,7.9,-0.39,0,0,0.5459,0
0.8989,1,0.1429,0,1,3,0.0657,1,7.19,-0.61,1,25,0.7708,1
0.917,2,0.069,1,2,3,0.0142,0,8.57,-0.05,0,0,0.2754,0
0.9584,1,0.04,0,1,3,0.1588,0,7.96,0.92,0,0,0.3045,0
0.854,3,0.12,0,1,7,0.0873,0,7.71,-0.67,0,0,0.5797,0
0.8325,3,0.15,0,2,2,0.163,0,7.33,-0.25,0,0,0.6278,0
0.9173,1,0.0588,0,0,2,0.0803,0,5.89,-0.52,0,0,0.1699,1
0.8547,2,0.0909,0,0,14,0.1774,1,7.57,-0.44,0,0,0.175,0
0.6504,7,0.2333,0,3,2,0.2671,0,3.6,-0.2,0,0,0.4674,1
0.8808,1,0.0476,0,0,19,0.2929,1,5.5,-0.38,0,0,0.6697,1
0.5874,1,0.2,3,1,10,0.4988,2,7.86,-1.72,0,0,0.5469,1
0.3478,4,0.5,6,2,13,0.7284,1,5.84,-2.59,1,1,0.188,0
0.8551,2,0.125,0,1,19,0.2352,2,7.81,-0.99,0,0,0.8501,0
0.9565,1,0.037,0,0,0,0.0917,0,7.27,-0.16,0,0,0.6422,0
0.6617,1,0.1667,2,0,7,0.1343,0,4.52,0.18,1,19,0.3074,1
0.8039,3,0.1429,0,2,2,0.2412,1,8.3,-1.17,0,0,0.5144,0
0.7536,1,0.1111,0,0,8,0.5512,1,7.29,-0.58,1,12,0.214,1
0.688,3,0.1429,1,1,11,0.2354,1,6.58,0.68,0,0,0.3302,1
0.7166,3,0.3,0,0,6,0.2772,1,8.13,-1.01,0,0,0.6771,1
0.7831,3,0.1667,0,1,20,0.4818,2,3.52,-0.13,0,0,0.3264,1
0.9252,0,0.0,1,0,1,0.0964,0,7.38,-0.85,0,0,0.502,1
1.0,0,0.0,0,0,3,0.2536,1,7.74,-0.07,0,0,0.4381,0
0.7396,3,0.1667,1,0,4,0.2081,2,8.17,-0.08,0,0,0.5164,0
0.916,0,0.0,0,0,3,0.0557,0,6.94,0.52,0,0,0.4447,0
1.0,0,0.0,0,0,3,0.0334,1,8.0,-0.15,0,0,0.7104,0
0.8669,0,0.0,0,0,12,0.0864,0,5.74,-0.28,0,0,0.689,1
0.7688,1,0.1111,2,1,11,0.3163,0,7.71,-0.86,0,0,0.2254,1
0.9551,0,0.0,0,0,3,0.0338,1,9.13,0.59,0,0,0.6299,0
0.859,1,0.0769,2,0,10,0.0811,0,6.87,-0.41,0,0,0.5607,1
0.6729,5,0.1667,0,1,20,0.8819,2,4.83,-1.37,0,0,0.7399,1
0.7549,4,0.1379,2,1,20,0.0948,0,5.61,-0.66,0,0,0.4259,0
0.9237,1,0.04,0,0,2,0.0477,0,8.35,0.51,0,0,0.6304,0
0.779,1,0.2,0,1,17,0.0513,0,7.77,-0.46,0,0,0.6607,0
0.8284,4,0.16,0,3,18,0.0885,0,7.72,-0.36,0,0,0.6084,1
0.9245,0,0.0,0,0,0,0.1091,0,6.71,0.71,0,0,0.4287,0
0.4923,10,0.4167,2,7,5,0.2273,0,5.48,-0.78,0,0,0.5107,1
0.7911,1,0.1429,0,1,5,0.5519,3,5.8,-1.52,0,0,0.7104,1
0.4624,2,0.5,3,2,4,0.5288,2,7.28,-1.0,0,0,0.5351,1
0.9979,0,0.0,0,0,0,0.009,0,7.87,-0.26,0,0,0.3023,0
0.8697,1,0.1111,0,0,4,0.4104,1,7.82,-0.53,0,0,0.5893,1
0.7495,4,0.1538,0,2,4,0.5259,1,7.55,-1.81,1,4,0.4742,1
0.9025,2,0.0741,2,1,2,0.1981,1,8.08,-0.9,0,0,0.0662,0
0.949,1,0.0417,0,1,0,0.0038,0,8.06,-0.08,0,0,0.7021,0
0.5861,5,0.3125,2,2,7,0.584,1,4.09,-2.11,0,0,0.6516,1
0.9312,1,0.037,0,0,2,0.0347,0,9.25,-1.05,0,0,0.627,0
0.942,1,0.037,0,0,3,0.0517,0,8.19,0.39,1,29,0.5224,0
0.8447,2,0.1333,1,0,5,0.4372,2,7.1,-1.58,0,0,0.4888,1
0.7598,1,0.25,1,0,12,0.2506,0,7.98,-0.03,0,0,0.6291,0
0.9981,0,0.0,0,0,3,0.037,0,8.92,0.13,0,0,0.2041,0
0.7838,4,0.1905,2,1,4,0.0971,0,6.45,-0.46,0,0,0.4838,0
0.4496,2,0.3333,1,1,12,0.4835,3,2.33,-2.04,1,29,0.4755,1
0.6938,4,0.1739,0,2,15,0.2625,1,7.72,-1.43,1,39,0.8855,1
0.7603,4,0.1905,0,1,6,0.4253,1,8.01,0.38,0,0,0.5032,1
0.976,0,0.0,0,0,0,0.1393,0,8.79,-0.53,0,0,0.4827,0
0.8285,2,0.0952,0,1,15,0.5435,1,5.99,-0.89,0,0,0.2079,1
0.6637,3,0.2,1,3,7,0.4576,1,7.48,-0.17,0,0,0.3184,1
0.959,0,0.0,1,0,0,0.0483,0,7.41,-0.03,0,0,0.6837,0
0.9448,1,0.0526,0,1,2,0.0073,0,8.9,0.36,1,10,0.6122,0
0.9685,0,0.0,0,0,2,0.1103,0,8.92,-0.57,0,0,0.8878,0
0.7386,1,0.2,2,1,4,0.4065,0,4.29,-0.69,0,0,0.7456,1
0.6019,4,0.2222,1,1,20,0.8528,3,7.83,-2.14,1,41,0.6756,1
0.8141,2,0.1176,1,2,13,0.5948,1,6.26,-0.85,1,34,0.5284,1
0.673,3,0.25,1,1,7,0.2747,0,8.18,-1.63,1,38,0.3202,1
0.4996,3,0.2143,2,1,8,0.5032,1,3.77,-2.16,0,0,0.4442,1
0.952,1,0.0435,1,0,3,0.0809,0,5.61,-0.17,0,0,0.3589,0
0.67,2,0.1818,3,2,2,0.8245,1,4.79,-1.49,0,0,0.5317,1
0.9325,1,0.0556,1,1,3,0.003,0,7.7,0.52,0,0,0.596,0
0.841,2,0.1176,0,1,12,0.3025,3,6.58,-0.54,1,6,0.1776,1
0.604,5,0.2,2,1,5,0.544,0,7.26,-1.82,1,10,0.7012,1
0.8229,2,0.1667,0,1,13,0.45,0,6.47,-1.17,0,0,0.5105,1
0.7572,3,0.2143,1,3,5,0.3573,0,5.81,-0.65,1,21,0.2579,0
0.6232,6,0.2727,2,5,12,0.438,5,6.19,-1.13,0,0,0.4613,1
0.7212,2,0.1818,0,0,17,0.3284,0,7.28,-0.77,1,21,0.3897,0
0.9158,1,0.1,0,0,0,0.1831,0,8.22,0.04,0,0,0.2733,0
0.4872,3,0.2727,0,3,20,0.3735,2,6.04,-1.76,1,6,0.0682,1
0.8369,1,0.1111,1,0,3,0.0591,0,8.4,-0.22,0,0,0.5355,0
1.0,0,0.0,0,0,3,0.0105,0,7.64,-0.14,0,0,0.4716,0
0.5327,4,0.3636,2,1,13,0.3493,1,5.18,-1.21,1,40,0.3803,1
0.8045,3,0.1875,1,2,13,0.0712,0,8.55,0.47,0,0,0.8149,1
0.4016,4,0.3077,4,1,1,0.418,2,4.6,-1.88,0,0,0.3291,1
0.8061,2,0.0833,0,2,14,0.2199,1,7.29,-0.82,0,0,0.353,0
0.9659,0,0.0,1,0,2,0.0806,0,6.59,0.06,0,0,0.6528,0
0.4339,1,0.25,3,0,1,0.6932,2,4.56,-1.46,0,0,0.3953,1
0.5326,5,0.3333,1,2,3,0.5289,1,4.19,-0.77,1,23,0.3981,1
0.6854,7,0.25,1,4,1,0.4166,1,5.61,-1.05,1,18,0.5748,1
0.862,1,0.0833,0,1,9,0.3917,1,7.29,-1.66,0,0,0.7131,0
0.7835,2,0.1538,1,1,12,0.3986,0,7.51,-0.99,0,0,0.1657,1
0.7589,2,0.2222,3,1,12,0.2829,2,6.21,-0.76,1,5,0.4906,1
0.8031,2,0.1333,1,0,10,0.2431,2,6.47,0.24,0,0,0.5478,0
0.6858,3,0.2727,0,0,16,0.1537,0,6.19,-0.96,1,2,0.7799,1
0.9531,0,0.0,1,0,3,0.2931,1,6.75,-0.2,0,0,0.7033,0
0.391,2,0.4,1,0,17,0.7877,1,4.18,-2.34,0,0,0.5716,1
0.5855,4,0.2857,1,4,16,0.3444,2,4.92,-2.16,1,37,0.3258,1
0.9007,0,0.0,0,0,1,0.0274,0,7.94,0.09,0,0,0.4881,0
0.8286,1,0.1,0,1,10,0.62,1,6.02,-1.35,0,0,0.1092,1
0.9644,0,0.0,0,0,3,0.0361,0,8.16,-0.57,0,0,0.7094,0
0.704,2,0.1538,0,0,10,0.321,1,3.05,-1.15,0,0,0.2697,0
0.953,0,0.0,0,0,2,0.0193,0,7.81,-0.5,0,0,0.3157,1
0.9182,1,0.0417,0,0,1,0.0361,0,8.41,-0.88,0,0,0.3197,0
0.9417,1,0.0714,0,0,2,0.2391,0,8.52,-0.91,0,0,0.4266,0
0.7419,3,0.2143,1,1,18,0.5266,3,5.18,-1.12,0,0,0.2513,1
0.7968,3,0.1667,0,2,3,0.3197,2,5.84,-0.62,1,25,0.2854,1
0.7493,2,0.125,0,1,13,0.0834,0,8.71,-1.17,0,0,0.5929,0
0.8044,4,0.16,0,2,15,0.5788,0,4.36,-1.84,0,0,0.709,1
0.7543,3,0.2,1,3,8,0.7,0,4.64,-2.45,1,45,0.3994,1
0.7082,1,0.25,0,1,14,0.4293,1,5.47,-0.76,0,0,0.5401,0
0.3006,11,0.5789,3,5,15,0.582,4,4.65,-1.45,0,0,0.7081,1
0.8956,1,0.0588,0,0,12,0.0321,0,9.57,0.29,0,0,0.8007,0
0.6535,2,0.4,2,0,5,0.7293,4,4.43,-1.45,0,0,0.6281,1
0.7008,2,0.2,0,0,8,0.3158,0,6.5,-0.91,0,0,0.2527,0
0.6664,7,0.2593,1,5,1,0.177,0,7.75,-0.57,0,0,0.3594,1
0.6543,4,0.1667,0,1,9,0.3899,0,6.46,-1.3,0,0,0.3226,0
0.8689,3,0.12,0,0,11,0.2009,1,8.97,0.01,0,0,0.3838,0
0.8729,1,0.0455,0,0,3,0.4903,1,5.48,-1.6,0,0,0.5867,0
0.8733,1,0.1429,0,1,1,0.3747,0,7.13,-0.13,0,0,0.6213,1
0.8821,2,0.0909,0,2,20,0.1437,2,9.11,-0.88,0,0,0.8095,0
0.7502,3,0.1667,0,3,18,0.2131,0,6.89,-1.66,0,0,0.7974,0
0.7117,1,0.1667,0,0,7,0.292,1,7.5,0.05,0,0,0.4845,0
0.7381,3,0.1765,0,0,10,0.2408,0,6.43,-0.29,0,0,0.4871,1
0.842,1,0.0769,0,0,17,0.274,1,6.38,-0.4,0,0,0.5771,0
1.0,0,0.0,0,0,1,0.0073,0,8.38,-0.35,0,0,0.2903,0
0.6277,3,0.1765,0,0,5,0.4565,0,3.51,-1.17,1,2,0.6043,1
0.8708,2,0.0909,0,1,2,0.1057,0,7.74,-0.79,0,0,0.3078,0
0.6925,7,0.2414,1,5,2,0.5608,1,5.92,-2.01,0,0,0.7128,1
0.5518,6,0.25,1,3,15,0.4367,0,2.33,-1.28,0,0,0.8184,1
0.7045,4,0.2353,2,1,20,0.1196,0,7.16,0.8,1,34,0.4132,1
0.7459,5,0.2174,2,4,20,0.2636,1,4.41,-1.03,1,18,0.1945,1
0.8998,2,0.0909,0,2,19,0.0229,0,7.81,0.33,0,0,0.4351,0
0.9005,1,0.1,0,0,2,0.2511,0,6.22,0.12,0,0,0.5301,0
0.8616,1,0.1429,0,0,10,0.119,2,7.21,-0.97,0,0,0.8017,0
0.5433,3,0.2143,0,1,2,0.6994,4,3.54,-2.6,0,0,0.3419,1
0.7779,2,0.125,1,2,11,0.3214,1,5.83,0.18,0,0,0.5368,1
0.9655,1,0.0556,0,1,3,0.22,1,7.64,-0.54,0,0,0.5916,0
0.8404,1,0.0833,1,1,7,0.4237,1,7.39,-1.21,0,0,0.4332,1
0.6552,6,0.3,1,2,5,0.4771,3,5.99,-1.56,0,0,0.6562,1
0.8603,1,0.0833,0,1,5,0.2518,1,7.42,-0.17,0,0,0.7767,0
0.7737,2,0.2222,1,1,15,0.4015,1,4.49,-1.36,0,0,0.6865,1
0.3859,7,0.4667,3,7,7,0.7558,1,3.5,-2.48,0,0,0.5552,1
0.8724,2,0.0952,0,0,5,0.3111,1,8.87,-1.87,0,0,0.5073,0
0.8887,2,0.1053,1,1,17,0.1272,2,8.76,-0.87,0,0,0.4603,0
0.9621,0,0.0,0,0,0,0.0409,0,8.89,0.44,0,0,0.1798,0
0.9741,0,0.0,0,0,2,0.0903,0,6.97,-0.76,1,22,0.6438,1
0.899,1,0.0833,0,0,18,0.1826,0,8.08,0.16,0,0,0.236,0
0.8357,1,0.0833,0,1,7,0.0841,0,7.63,-0.1,0,0,0.6129,0
0.3373,7,0.4667,4,4,13,0.7256,1,5.39,-1.03,1,20,0.3585,1
0.9699,0,0.0,1,0,0,0.0352,0,8.01,-0.09,0,0,0.4937,0
0.813,2,0.125,0,1,12,0.2603,1,5.42,-1.02,0,0,0.2744,0
0.8043,3,0.1765,0,1,14,0.45,0,8.42,-0.09,0,0,0.2099,0
0.9657,1,0.0526,0,0,2,0.0263,0,7.64,-0.06,0,0,0.5255,0
0.9741,0,0.0,0,0,1,0.0908,0,7.74,-0.77,0,0,0.2787,0
0.8943,1,0.0714,1,0,7,0.0419,1,7.76,-0.26,0,0,0.5185,0
0.7031,2,0.1818,1,0,7,0.2089,0,5.72,-1.12,0,0,0.2547,0
0.695,3,0.1875,1,1,12,0.7234,5,3.78,-2.82,1,4,0.7283,1
0.7492,2,0.1429,0,1,9,0.1749,0,4.57,-0.64,1,37,0.1835,1
0.7833,2,0.1667,0,1,17,0.2157,0,4.92,-0.39,1,34,0.3237,1
0.6108,4,0.3333,1,3,13,0.5551,5,2.75,-1.4,1,36,0.4283,1
0.8914,2,0.0741,0,1,10,0.22,0,8.08,0.38,0,0,0.6752,0
0.7347,2,0.2,0,0,11,0.5206,2,7.9,-1.14,0,0,0.4707,0
0.3562,3,0.5,5,2,10,0.6948,3,6.1,-2.53,0,0,0.1156,1
0.7631,2,0.2,4,1,14,0.3647,1,5.06,-1.12,0,0,0.4347,0
0.9232,1,0.0455,0,0,1,0.1893,0,8.67,-0.32,0,0,0.3602,0
0.7987,3,0.1765,0,2,13,0.0667,0,8.33,-0.84,0,0,0.2114,1
0.7691,3,0.12,0,0,11,0.3163,1,7.17,-0.77,1,1,0.6378,1
0.949,0,0.0,0,0,2,0.117,2,8.21,-0.35,0,0,0.5639,0
0.6525,4,0.2353,2,3,7,0.7607,3,3.32,-1.04,0,0,0.7301,1
0.9448,0,0.0,0,0,2,0.0638,0,6.71,-0.24,0,0,0.4524,0
0.7406,3,0.15,3,3,14,0.1191,1,5.45,0.22,0,0,0.7381,1
0.914,0,0.0,0,0,3,0.0152,0,7.86,0.03,0,0,0.7763,0
0.5788,2,0.3333,1,0,8,0.0853,0,7.89,-1.69,0,0,0.5582,1
0.7928,1,0.1111,1,1,8,0.174,0,6.43,-1.05,0,0,0.8356,0
0.7852,1,0.2,2,0,10,0.2439,0,7.13,-0.63,0,0,0.5889,0
0.9868,0,0.0,0,0,3,0.175,1,9.76,-0.57,0,0,0.5591,0
0.9957,0,0.0,0,0,2,0.0068,0,7.55,-0.34,0,0,0.6652,0
0.5182,2,0.3333,2,2,14,0.5057,3,4.05,-1.24,1,42,0.5388,1
0.2517,12,0.4615,0,6,16,0.706,2,2.52,-1.7,0,0,0.1314,1
0.8969,1,0.0833,1,0,20,0.2767,0,8.84,-0.14,1,12,0.3385,1
0.7012,3,0.2308,0,3,5,0.1996,1,4.62,-0.74,0,0,0.5511,1
0.5915,9,0.36,0,7,7,0.3755,2,4.0,-0.95,0,0,0.4377,1
0.9478,0,0.0,0,0,3,0.0135,1,7.83,0.56,0,0,0.4934,0
0.956,0,0.0,0,0,2,0.1036,0,9.08,0.04,0,0,0.2182,0
0.699,3,0.1875,2,0,5,0.3955,1,7.3,-1.19,0,0,0.795,0
0.4119,3,0.5,2,2,11,0.5875,2,6.73,-2.02,0,0,0.5069,1
0.7377,4,0.2353,0,3,6,0.4178,0,6.54,-0.96,1,19,0.4481,1
0.843,2,0.1176,1,1,12,0.0362,0,7.11,-0.21,0,0,0.7511,0
0.7169,2,0.1333,0,2,1,0.1671,0,5.92,-0.58,1,22,0.7271,1
0.6343,9,0.3,0,9,18,0.1432,0,5.45,-0.77,0,0,0.3844,0
0.9348,0,0.0,0,0,1,0.0907,0,7.72,0.34,0,0,0.7407,0
1.0,0,0.0,1,0,0,0.0416,0,9.06,0.03,0,0,0.5863,0
0.1918,3,0.4286,2,0,6,0.6137,2,4.25,-1.67,0,0,0.2922,1
0.9216,2,0.08,0,0,2,0.0343,0,7.2,-0.42,0,0,0.1744,0
0.464,8,0.4706,4,6,3,0.668,0,3.96,-0.68,1,33,0.8636,1
0.645,6,0.3158,3,4,4,0.1814,1,8.96,-0.77,1,41,0.7756,1
0.3608,8,0.4444,3,7,20,0.7973,3,3.49,-1.6,0,0,0.3274,1
0.8411,2,0.0909,0,2,9,0.1172,1,6.31,0.2,0,0,0.8747,0
0.4216,2,0.4,3,1,18,0.3418,1,3.08,-0.54,0,0,0.281,1
1.0,0,0.0,0,0,0,0.45,3,6.99,-1.9,0,0,0.4565,0
0.6073,3,0.25,1,2,10,0.1726,1,5.12,-0.02,0,0,0.4197,1
0.7906,3,0.1765,1,3,9,0.1814,0,8.57,-0.9,0,0,0.6712,0
0.8718,1,0.0667,1,0,19,0.2376,0,4.8,-0.6,0,0,0.349,0
0.8794,2,0.087,0,2,14,0.2141,0,7.28,-0.96,0,0,0.8444,1
0.6353,2,0.2,3,0,13,0.1057,0,6.96,-0.31,1,14,0.2771,1
0.9793,0,0.0,0,0,0,0.0422,0,8.43,-0.64,0,0,0.143,0
0.8975,1,0.0556,0,0,7,0.0512,0,9.61,-0.09,0,0,0.163,0
0.866,3,0.1071,1,1,11,0.4051,2,6.34,-0.98,0,0,0.7554,0
0.8948,1,0.0714,0,1,18,0.455,2,8.74,-0.53,0,0,0.4932,0
0.7318,2,0.1,2,2,18,0.2283,1,5.81,-0.81,0,0,0.5908,0
0.9219,0,0.0,0,0,2,0.3042,1,6.91,-0.56,0,0,0.7405,0
0.5373,4,0.4444,3,4,8,0.5708,0,4.75,-1.33,0,0,0.372,1
0.962,0,0.0,0,0,3,0.0942,0,8.55,-0.17,0,0,0.5801,0
0.8321,2,0.1111,0,1,17,0.7505,1,5.18,-1.31,1,19,0.4197,1
0.6283,4,0.2667,2,0,13,0.3306,3,4.19,-0.28,0,0,0.3664,1
1.0,0,0.0,0,0,1,0.471,0,7.31,-0.64,1,41,0.5061,0
0.8948,2,0.0769,0,2,3,0.2172,0,9.65,-0.9,0,0,0.4568,0
1.0,0,0.0,1,0,0,0.0864,0,8.33,-1.33,0,0,0.4353,0
0.7135,3,0.1304,0,0,15,0.1532,1,3.11,-0.39,0,0,0.7182,1
0.6526,5,0.2273,1,4,15,0.5126,1,5.77,-1.0,0,0,0.2692,1
0.4845,4,0.3636,2,1,4,0.6498,1,4.56,-0.94,0,0,0.2922,1
0.5616,7,0.28,0,1,19,0.3723,0,6.57,-0.37,0,0,0.425,1
0.6552,4,0.2,1,1,2,0.5956,2,5.17,-1.37,0,0,0.4539,1
0.8389,3,0.12,2,1,18,0.1985,0,6.48,-0.53,0,0,0.3779,1
0.4209,3,0.5,0,3,14,0.6203,2,4.65,-2.33,1,5,0.5067,1
0.9188,1,0.0714,1,0,2,0.2381,1,7.04,-0.41,0,0,0.4415,0
0.8214,2,0.1818,2,1,16,0.03,0,8.19,-1.2,0,0,0.3982,0
0.9302,0,0.0,0,0,2,0.0931,0,10.0,-0.05,0,0,0.4665,0
0.7062,2,0.2,0,0,6,0.7176,1,5.89,-1.62,0,0,0.7956,1
0.9137,1,0.0455,0,1,3,0.119,1,6.14,0.07,1,27,0.3643,0
1.0,0,0.0,0,0,2,0.0144,0,8.19,1.45,0,0,0.745,1
0.9597,0,0.0,0,0,1,0.1854,1,6.23,-0.51,0,0,0.3352,0
0.9188,1,0.0345,0,0,2,0.0129,0,8.32,-0.83,0,0,0.5548,0
0.8888,2,0.0714,0,1,12,0.0882,0,10.0,0.37,0,0,0.0869,1
0.835,3,0.15,0,3,20,0.3033,0,4.72,-0.51,0,0,0.6219,1
0.8933,1,0.0714,0,1,3,0.255,0,6.05,0.12,0,0,0.4096,0
0.8147,1,0.1429,1,0,4,0.1731,0,5.77,-0.07,0,0,0.1934,0
0.6466,6,0.2857,3,2,8,0.2699,0,4.81,-0.58,0,0,0.3202,1
0.7532,4,0.1333,1,3,14,0.3459,0,5.87,-1.46,0,0,0.5633,1
0.9108,1,0.125,1,1,1,0.0174,1,8.34,-0.86,0,0,0.7121,0
0.8933,2,0.0667,1,2,16,0.4133,1,3.85,-0.71,1,16,0.3991,1
0.8975,1,0.0357,1,0,17,0.4485,2,8.39,-1.02,0,0,0.596,0
0.8751,2,0.0741,0,2,8,0.4387,0,5.55,-0.03,0,0,0.2488,0
0.9034,2,0.069,0,0,2,0.2513,1,7.68,0.02,1,19,0.6914,0
0.7458,4,0.1905,0,2,3,0.2094,0,6.15,-0.41,1,18,0.231,1
0.5896,5,0.25,0,1,8,0.5485,1,7.62,-1.81,1,12,0.5499,1
0.8433,2,0.1538,2,2,10,0.2118,2,7.6,-0.6,1,37,0.3365,1
0.8528,1,0.0625,0,1,18,0.2152,1,7.11,-0.99,1,30,0.345,1
0.9526,0,0.0,0,0,3,0.1417,0,8.51,-1.18,0,0,0.8264,0
0.7369,4,0.2105,0,0,5,0.3685,0,5.2,-1.19,1,9,0.3013,1
0.8726,1,0.1667,0,0,11,0.2437,1,7.08,-0.88,0,0,0.5333,1
0.8985,2,0.0769,0,0,19,0.3262,1,8.66,0.21,0,0,0.7632,0
0.9532,0,0.0,0,0,0,0.1305,0,8.27,-0.62,0,0,0.3509,0
0.9474,1,0.0588,0,1,2,0.0445,0,7.59,0.35,0,0,0.5375,0
0.9371,1,0.04,0,0,2,0.0754,0,7.89,-0.05,0,0,0.6417,0
0.2672,6,0.3333,2,4,12,0.7674,4,5.99,-2.49,0,0,0.6421,1
0.5979,2,0.3333,1,2,8,0.1949,0,4.25,-0.62,1,31,0.266,1
0.8139,1,0.125,1,1,5,0.0993,0,8.01,0.37,0,0,0.3381,0
0.7518,5,0.1852,0,2,6,0.2217,2,5.18,-0.77,0,0,0.2221,1
0.8597,2,0.087,0,0,19,0.3325,1,8.56,-0.7,0,0,0.7065,0
0.9272,0,0.0,0,0,0,0.2623,0,6.74,-1.32,0,0,0.6189,0
0.858,0,0.0,1,0,13,0.5961,3,7.36,-0.4,1,37,0.083,1
0.859,1,0.1111,1,1,19,0.3453,1,5.65,-1.35,0,0,0.6172,0
0.953,0,0.0,0,0,1,0.0346,0,6.98,0.28,0,0,0.676,0
0.7931,2,0.1818,0,0,16,0.2265,0,5.32,-0.2,0,0,0.5774,1
0.749,5,0.2174,1,3,10,0.5473,2,6.75,-1.11,0,0,0.3657,1
0.9419,1,0.0435,1,0,3,0.0111,0,8.31,-0.58,0,0,0.1785,0
0.8668,2,0.0714,1,0,6,0.2552,0,6.19,-1.24,0,0,0.6459,1
0.8119,3,0.1667,1,3,3,0.2571,0,6.13,-0.54,0,0,0.543,1
0.7079,1,0.25,0,0,5,0.4117,1,6.31,-0.06,0,0,0.2546,0
0.7079,2,0.2222,2,1,15,0.3035,0,6.32,-0.38,0,0,0.4967,0
0.7801,3,0.1579,2,1,7,0.0738,0,7.18,0.03,1,12,0.6126,0
0.6114,9,0.3103,1,6,6,0.8215,0,7.11,-2.43,0,0,0.6335,1
0.1546,6,0.5,7,3,5,0.6017,5,4.39,-2.68,1,24,0.3386,1
0.8769,1,0.0833,1,0,20,0.1151,0,6.88,0.48,0,0,0.4051,0
0.3562,9,0.5625,5,6,3,0.5671,2,3.68,-1.11,1,44,0.6707,1
0.5708,5,0.2632,0,2,1,0.5332,0,7.13,-0.93,1,26,0.7662,1
0.871,1,0.1,0,1,2,0.0548,0,7.44,-0.94,1,17,0.6901,0
0.7238,1,0.1667,0,0,6,0.3647,0,6.59,-0.33,0,0,0.4545,0
0.7489,5,0.2083,0,1,12,0.395,2,4.54,-1.41,0,0,0.3536,1
0.5639,8,0.2857,0,5,17,0.7502,1,5.33,-2.1,1,6,0.5369,1
0.7769,1,0.2,0,0,12,0.0385,0,6.69,0.33,0,0,0.711,1
0.4306,10,0.3333,3,3,16,0.5957,4,3.01,-1.73,0,0,0.5301,1
0.7636,5,0.1667,0,1,7,0.1395,0,6.93,-0.86,0,0,0.7469,0
0.3797,7,0.2917,5,6,12,0.6598,0,4.08,-1.24,1,45,0.3303,1
1.0,0,0.0,0,0,0,0.1632,0,7.14,-1.07,0,0,0.2011,0
0.8575,1,0.1667,1,1,15,0.3391,0,7.8,-0.94,0,0,0.1834,0
0.9942,0,0.0,0,0,3,0.0987,1,6.78,0.29,0,0,0.512,0
0.7335,3,0.2727,0,1,20,0.2018,0,7.11,-0.88,0,0,0.6399,1
0.4878,3,0.2727,4,3,19,0.7776,3,3.62,-2.06,1,16,0.4337,1
0.7819,4,0.1333,1,2,7,0.8288,4,2.81,-1.04,0,0,0.8303,1
0.8358,1,0.1111,0,0,3,0.5001,0,5.65,-1.35,0,0,0.4378,0
0.6188,6,0.2727,6,2,16,0.5407,2,5.17,-1.08,1,39,0.5881,1
0.6368,9,0.3,0,9,15,0.2483,2,7.15,-0.66,0,0,0.1905,1
0.8466,2,0.1538,3,1,14,0.3593,0,8.59,-0.23,1,10,0.3844,0
0.8963,1,0.0435,0,1,3,0.0132,0,9.26,-0.17,0,0,0.5669,0
0.8806,1,0.0417,0,1,12,0.6243,1,3.56,-1.65,1,16,0.5871,1
0.8813,1,0.0667,0,1,19,0.1221,0,7.68,-0.57,0,0,0.4986,0
0.6429,7,0.3043,1,4,5,0.3082,2,5.23,-0.51,0,0,0.9125,1
0.7872,2,0.1818,1,1,7,0.1932,2,5.17,0.12,0,0,0.6915,0
0.5881,2,0.2857,2,0,1,0.4257,1,3.53,-1.95,0,0,0.6069,1
0.9188,1,0.0417,2,1,3,0.0623,0,8.17,-0.54,0,0,0.3061,0
0.8554,1,0.2,0,0,2,0.5812,0,7.68,-1.23,0,0,0.3888,1
0.7236,4,0.2222,0,2,19,0.4284,1,5.99,-0.46,1,28,0.4378,1
0.8376,3,0.1154,1,2,4,0.2809,2,8.0,-0.31,0,0,0.4941,1
0.6819,3,0.1579,0,1,18,0.3745,0,7.91,-1.62,1,37,0.4648,1
0.8566,1,0.0833,1,1,11,0.3867,2,8.91,-0.73,0,0,0.5288,1
0.7468,1,0.25,0,0,19,0.3224,1,6.84,-0.94,0,0,0.6979,1
0.8366,2,0.1538,1,1,12,0.3088,2,8.36,1.06,0,0,0.213,0
0.9058,2,0.0714,0,0,0,0.2621,0,7.09,0.07,1,17,0.9079,0
0.4464,1,0.25,2,1,12,0.6283,4,4.56,-2.31,1,21,0.3293,1
0.7586,1,0.1667,0,0,7,0.5925,1,4.55,-0.79,0,0,0.5997,1
0.9362,1,0.0714,0,0,3,0.0735,0,8.3,0.45,0,0,0.6975,0
0.7366,5,0.1667,2,3,9,0.03,0,9.12,0.35,0,0,0.1775,0
1.0,0,0.0,0,0,2,0.0188,0,8.5,0.24,0,0,0.7814,0
0.7932,2,0.125,0,0,19,0.1247,0,8.41,-1.62,0,0,0.2068,0
0.9376,1,0.05,0,0,2,0.3408,0,3.5,-0.51,0,0,0.5728,0
0.9784,0,0.0,0,0,3,0.0266,0,7.4,-0.91,0,0,0.4973,0
0.575,2,0.25,2,1,8,0.51,1,4.29,-1.57,1,24,0.7612,1
0.6072,7,0.3182,1,0,3,0.3081,0,4.3,-0.65,0,0,0.6333,1
0.7544,4,0.1481,0,3,14,0.4446,0,8.47,-0.38,0,0,0.3,0
0.6795,7,0.25,1,4,15,0.44,2,5.49,-1.72,1,6,0.6446,1
0.8192,3,0.15,0,2,6,0.4225,2,5.75,-1.32,0,0,0.3497,1
0.8603,2,0.0741,0,1,17,0.0656,0,9.34,-0.28,0,0,0.5447,0
0.8746,0,0.0,0,0,5,0.2394,0,7.9,-1.37,0,0,0.4859,0
0.6812,1,0.2,2,1,17,0.3251,1,6.05,-1.24,0,0,0.4566,1
0.9803,0,0.0,0,0,1,0.129,0,8.23,-0.26,0,0,0.562,0
0.6596,5,0.2632,0,4,2,0.3638,3,6.5,-1.4,0,0,0.6766,0
1.0,0,0.0,0,0,3,0.0648,1,8.87,-0.13,0,0,0.4521,0
0.7382,4,0.2105,0,4,19,0.3649,1,3.59,-1.1,0,0,0.4274,0
0.9139,2,0.0769,1,0,0,0.149,1,7.66,-0.48,0,0,0.4178,0
0.7416,2,0.125,3,0,5,0.0958,0,5.97,-1.15,0,0,0.6732,0
0.9512,0,0.0,0,0,2,0.0653,1,8.15,0.12,0,0,0.6918,0
0.7677,3,0.15,0,2,19,0.62,3,7.55,-0.68,1,25,0.4372,0
0.8489,1,0.1,0,1,4,0.1557,0,5.07,0.49,1,21,0.05,1
0.5737,6,0.2857,1,5,9,0.8497,1,2.44,-1.74,0,0,0.4833,1
0.9057,1,0.0667,0,1,0,0.2129,3,7.38,-1.03,0,0,0.2214,0
0.8811,1,0.1111,0,1,17,0.1172,2,8.23,-0.14,0,0,0.3657,0
0.5074,8,0.4444,1,5,4,0.5881,0,3.99,-1.71,0,0,0.2952,1
0.9878,0,0.0,0,0,0,0.2871,3,6.6,-0.56,0,0,0.5613,0
0.6895,3,0.2,0,1,4,0.4772,0,8.14,-0.43,1,29,0.7246,1
0.3036,6,0.5,2,3,18,0.6491,5,3.23,-2.26,1,45,0.6735,1
0.9159,1,0.0833,0,1,3,0.1687,2,8.58,-0.72,0,0,0.6181,0
0.5614,4,0.3636,3,2,8,0.5987,2,6.41,-1.83,0,0,0.5737,1
0.7889,4,0.1538,0,3,14,0.0358,0,7.62,0.42,0,0,0.2184,1
0.5222,8,0.2759,1,4,1,0.7082,2,3.51,-1.28,0,0,0.4375,1
0.9631,0,0.0,0,0,1,0.0448,0,8.5,0.59,0,0,0.6751,0
0.8988,2,0.08,1,2,6,0.2818,4,5.89,-0.77,1,20,0.1639,1
0.9125,1,0.0333,0,1,0,0.2254,0,7.54,0.09,0,0,0.6665,0
0.971,0,0.0,0,0,3,0.0185,0,7.06,-0.1,0,0,0.5975,0
0.9246,1,0.05,1,0,1,0.0674,0,8.55,-0.84,0,0,0.0636,0
1.0,0,0.0,0,0,1,0.0329,0,8.59,-0.06,0,0,0.5598,0
0.8803,0,0.0,2,0,12,0.6145,2,4.42,-1.11,0,0,0.6655,1
0.9423,1,0.0385,0,0,2,0.1431,1,8.45,-0.44,0,0,0.6216,0
0.6921,4,0.2667,0,2,4,0.1736,0,5.26,-1.05,0,0,0.862,1
0.743,5,0.2381,0,4,12,0.3368,1,5.2,-1.34,0,0,0.6848,1
0.9246,2,0.0833,1,1,2,0.1452,0,7.68,-0.91,0,0,0.6904,0
0.8608,2,0.0952,0,2,2,0.1202,0,7.47,-0.28,0,0,0.2576,0
0.7916,2,0.1111,0,1,11,0.2204,0,8.21,-0.87,0,0,0.4228,0
0.8368,3,0.1071,1,3,5,0.4191,2,6.95,-1.63,0,0,0.7774,0
0.789,2,0.1,0,2,19,0.4091,1,3.83,-0.53,1,7,0.7611,1
0.5293,10,0.4,1,8,5,0.7377,3,5.27,-0.38,1,20,0.4758,1
0.7302,3,0.1765,0,1,20,0.1818,0,6.3,-0.59,0,0,0.7219,1
0.948,0,0.0,0,0,1,0.247,0,7.86,-0.6,0,0,0.6927,0
0.7738,3,0.1304,1,2,16,0.0947,0,6.33,-0.31,0,0,0.1665,1
0.7491,3,0.1304,2,0,14,0.05,0,7.61,-0.67,0,0,0.3148,0
0.6382,5,0.2174,0,2,1,0.4551,1,6.16,-0.45,0,0,0.8311,1
0.7497,2,0.1333,2,2,14,0.1462,1,6.83,-0.7,0,0,0.5666,1
0.704,2,0.2222,1,2,12,0.3158,1,8.26,-1.0,0,0,0.3146,0
0.6512,7,0.2593,2,3,15,0.1886,2,6.63,-1.32,0,0,0.7419,1
0.815,1,0.2,2,1,4,0.2547,0,6.3,-0.77,0,0,0.5519,0
0.883,0,0.0,1,0,3,0.247,1,7.14,0.25,0,0,0.8211,0
0.6298,2,0.25,1,2,1,0.44,0,6.69,-1.39,1,2,0.577,1
0.3725,11,0.5,2,5,11,0.5885,2,5.76,-1.11,1,10,0.4557,1
0.9305,0,0.0,0,0,1,0.2559,0,4.81,0.14,1,19,0.635,0
0.7106,4,0.1739,0,4,7,0.3677,2,7.51,-0.52,0,0,0.2842,1
0.9566,1,0.0385,0,0,0,0.0786,1,7.58,-1.17,0,0,0.4239,0
0.9284,1,0.0556,1,1,2,0.0547,0,8.32,0.31,0,0,0.2694,0
0.7756,4,0.1818,1,1,8,0.365,4,7.54,-1.49,0,0,0.356,0
0.9175,1,0.0588,0,1,1,0.0161,0,8.56,-0.14,0,0,0.3938,0
0.563,4,0.3077,2,2,5,0.661,3,4.5,-1.42,1,8,0.5647,1
0.999,0,0.0,0,0,1,0.1617,1,8.09,-1.05,0,0,0.3273,0
0.4434,6,0.3333,3,1,7,0.7723,3,5.64,-1.59,0,0,0.252,1
0.796,1,0.1,0,0,3,0.3034,0,6.22,-1.3,0,0,0.4656,0
0.806,3,0.125,2,0,19,0.3006,2,8.15,-0.54,0,0,0.2599,0
0.8952,1,0.0588,0,0,9,0.1877,2,8.62,-1.12,0,0,0.1622,1
0.5762,4,0.2222,2,0,19,0.4809,1,4.69,-1.23,1,23,0.3874,1
0.939,1,0.0588,0,0,2,0.0387,0,6.87,0.3,0,0,0.5034,0
0.9599,1,0.0476,0,1,1,0.0578,0,8.8,-1.2,0,0,0.6038,0
0.8693,1,0.0455,0,0,9,0.1062,0,6.49,0.09,0,0,0.4982,0
0.9829,0,0.0,0,0,1,0.03,0,7.56,0.25,0,0,0.5755,0
0.4338,9,0.375,2,3,11,0.4119,1,6.87,-1.24,0,0,0.5721,1
0.6407,9,0.3,3,4,8,0.1857,0,6.13,0.2,0,0,0.4966,1
0.8887,0,0.0,0,0,8,0.1701,0,5.98,-0.6,0,0,0.2385,0
0.5726,3,0.2308,1,1,2,0.8681,2,5.93,-1.06,0,0,0.5477,1
0.915,1,0.037,0,0,1,0.0355,0,8.43,-1.14,0,0,0.672,0
0.9106,2,0.087,0,0,3,0.0609,0,7.61,-0.05,0,0,0.4356,0
0.6493,3,0.1667,2,3,4,0.1815,0,7.4,-0.36,0,0,0.5028,0
0.854,2,0.0952,0,1,11,0.1511,0,6.28,0.11,0,0,0.7133,1
0.9276,1,0.0435,0,1,3,0.025,0,7.66,-0.11,0,0,0.6299,0
0.8019,3,0.1667,2,1,16,0.2612,1,4.88,0.28,1,6,0.6348,1
0.9596,0,0.0,2,0,2,0.22,1,8.54,-0.24,0,0,0.5002,0
0.8998,1,0.0909,0,0,10,0.1587,0,5.47,-0.52,1,25,0.4876,0
0.598,1,0.25,1,1,17,0.417,1,8.09,-1.5,0,0,0.4664,0
0.8712,1,0.0526,3,0,8,0.4803,2,6.87,-0.67,0,0,0.7029,1
0.7801,3,0.125,0,1,16,0.435,0,6.56,-1.37,1,37,0.6744,1
0.4146,5,0.3333,3,4,7,0.8108,3,3.21,-1.3,1,19,0.211,1
0.7684,1,0.1667,0,0,7,0.5841,1,5.11,-1.35,1,43,0.7684,1
0.4938,9,0.3103,0,6,19,0.6911,3,4.32,-1.91,1,10,0.6056,1
0.6712,1,0.25,1,0,20,0.5705,2,5.15,-1.25,1,10,0.4684,1
0.8297,3,0.1429,1,2,5,0.3834,2,4.97,-1.27,0,0,0.5189,1
0.657,3,0.2143,1,2,7,0.2688,1,5.02,-0.48,0,0,0.9165,1
0.9212,0,0.0,0,0,3,0.0105,0,7.92,-0.84,0,0,0.4485,0
0.7465,4,0.2,1,1,19,0.1241,1,6.49,-0.27,0,0,0.6099,0
0.6547,6,0.3,1,4,15,0.05,1,5.26,-0.85,0,0,0.593,1
0.8397,0,0.0,0,0,3,0.3074,3,6.65,-0.82,0,0,0.2946,0
0.9494,1,0.0435,0,1,1,0.075,0,8.33,-0.42,0,0,0.1855,0
0.9004,2,0.0909,0,0,2,0.1342,1,7.35,-0.48,0,0,0.9012,0
0.6462,2,0.3333,3,0,19,0.4071,1,7.16,-0.34,0,0,0.3808,0
0.7771,2,0.1111,2,2,2,0.5848,1,4.71,-1.49,0,0,0.4477,1
0.9014,3,0.1,0,0,0,0.0809,0,8.9,0.34,0,0,0.6518,0
0.8977,1,0.0588,0,1,11,0.1654,0,9.65,-0.11,0,0,0.6723,0
0.9661,0,0.0,0,0,0,0.0577,0,7.96,-0.58,0,0,0.4454,0
0.8809,1,0.0769,0,1,20,0.2065,0,9.26,-0.89,0,0,0.8046,1
0.5711,7,0.3889,1,3,18,0.3764,2,6.14,-1.41,0,0,0.4128,1
0.9331,1,0.0476,0,1,2,0.0883,0,7.83,0.73,0,0,0.2602,0
0.8241,3,0.1667,0,3,4,0.0172,0,8.71,-0.59,0,0,0.2942,0
0.9952,0,0.0,0,0,3,0.0903,1,7.89,-0.67,0,0,0.3966,0
0.7257,4,0.2353,0,1,7,0.0552,0,6.44,-0.98,0,0,0.5485,0
0.6681,2,0.2,2,2,16,0.6687,4,4.71,-1.16,0,0,0.1981,1
0.6529,1,0.25,2,1,8,0.5211,0,4.85,-1.97,0,0,0.3078,1
0.771,2,0.1538,1,0,9,0.2306,0,6.93,-0.13,0,0,0.3282,1
0.7644,2,0.1667,1,2,16,0.272,0,5.71,-0.18,0,0,0.2625,0
0.8922,1,0.0476,1,0,6,0.0428,0,8.91,-1.34,0,0,0.5669,0
0.8107,3,0.1111,0,1,17,0.1858,1,5.44,-0.26,1,17,0.1677,1
0.7482,2,0.125,2,2,1,0.52,2,7.8,-1.23,0,0,0.7459,1
0.6429,4,0.2857,1,4,6,0.7277,2,7.29,-2.1,0,0,0.5423,1
0.8538,3,0.1071,0,3,5,0.3976,1,6.18,-1.0,1,41,0.2423,1
0.982,0,0.0,0,0,2,0.1054,0,9.54,-0.35,0,0,0.4415,0
0.7782,2,0.125,0,0,14,0.3453,0,5.61,-1.09,0,0,0.4619,0
0.7834,4,0.1429,0,2,13,0.3063,1,7.49,0.12,0,0,0.475,0
0.9642,0,0.0,0,0,0,0.1019,0,8.64,-0.03,0,0,0.3524,0
0.9493,0,0.0,0,0,1,0.307,1,7.18,-1.33,1,27,0.6261,0
0.7932,3,0.125,1,2,9,0.2592,1,5.33,-0.47,1,22,0.2377,1
0.7013,2,0.1333,0,2,13,0.2448,1,5.93,-0.67,1,45,0.4043,0
0.7221,2,0.2,1,0,18,0.7215,2,3.86,-1.4,0,0,0.148,1
0.7563,5,0.1667,1,1,9,0.2065,0,7.16,-1.64,0,0,0.2851,0
0.5502,9,0.3913,1,7,2,0.6169,5,5.96,-2.18,0,0,0.3124,1
0.8901,2,0.1,1,2,19,0.325,1,8.02,-1.36,0,0,0.4206,0
0.6671,5,0.2,0,3,3,0.1366,0,5.93,-0.61,1,29,0.3464,0
0.6487,2,0.25,1,0,8,0.6904,1,4.08,-0.95,1,41,0.6825,1
0.7088,2,0.25,4,1,4,0.6951,4,5.8,-0.88,0,0,0.6327,0
0.8875,1,0.1429,0,1,9,0.0833,0,8.68,-0.1,0,0,0.1585,0
0.4694,10,0.3704,0,4,6,0.3947,0,3.9,-1.07,1,7,0.6244,1
0.6605,8,0.3077,1,5,11,0.7025,2,7.16,-0.4,0,0,0.2415,1
0.6974,4,0.16,1,1,5,0.2228,0,5.43,-0.04,1,25,0.6105,0
0.6797,4,0.1905,0,0,17,0.2922,0,6.05,-0.5,1,34,0.6508,1
0.7866,1,0.125,4,1,16,0.62,2,7.42,-0.93,0,0,0.7273,1
0.7198,2,0.1667,1,2,1,0.2737,0,6.73,-0.22,1,39,0.3878,1
0.9098,2,0.0769,0,1,3,0.093,0,9.05,-0.41,0,0,0.4088,0
0.7682,3,0.1034,0,1,15,0.6307,0,5.99,-0.83,0,0,0.4241,1
0.9947,0,0.0,0,0,1,0.1142,0,7.43,-0.26,0,0,0.7162,0
0.662,3,0.2,0,3,10,0.3483,2,7.53,-1.46,0,0,0.359,1
0.4208,9,0.5,1,5,18,0.7845,5,5.34,-1.96,0,0,0.6247,1
0.9523,1,0.05,0,0,2,0.1351,2,7.64,0.36,0,0,0.5183,0
0.9644,1,0.0417,0,1,3,0.0065,0,7.69,-0.58,0,0,0.1986,0
0.7582,2,0.1176,0,1,20,0.2946,0,6.94,-1.88,0,0,0.4125,0
0.7423,6,0.2222,1,2,20,0.1263,0,7.97,-0.82,0,0,0.2348,1
0.776,5,0.1667,0,2,14,0.3608,0,6.97,-0.32,0,0,0.8631,1
0.7976,3,0.1034,1,1,4,0.5306,2,5.43,-0.59,1,30,0.6181,1
0.8741,1,0.0625,1,0,17,0.4715,1,7.0,-1.57,0,0,0.3607,1
0.771,1,0.1111,1,1,18,0.6214,0,4.02,-1.1,0,0,0.7144,1
0.6439,5,0.3125,2,4,13,0.2148,1,7.62,-1.34,0,0,0.5915,1
0.7446,4,0.2222,0,0,18,0.3923,0,6.67,-0.5,0,0,0.3093,1
0.9083,1,0.1111,0,0,0,0.1529,2,8.98,-1.22,0,0,0.5378,0
0.4976,5,0.3333,1,5,14,0.5677,3,6.47,-2.34,0,0,0.7965,1
0.8147,1,0.0769,1,1,7,0.1449,0,7.61,-0.66,0,0,0.4136,0
0.8978,0,0.0,0,0,4,0.2689,1,6.72,-0.54,0,0,0.1361,1
0.6574,3,0.2308,0,2,15,0.1819,0,10.0,-0.61,0,0,0.7482,1
0.6729,6,0.2143,0,1,13,0.3356,1,5.63,-0.14,1,13,0.7209,1
0.9288,1,0.0909,1,1,1,0.0873,1,8.28,0.43,0,0,0.55,0
0.6684,6,0.2727,3,3,17,0.4053,1,4.95,-1.65,1,32,0.7635,1
0.7004,6,0.25,0,1,3,0.4307,7,5.57,-0.26,0,0,0.5743,0
0.8505,2,0.069,0,2,9,0.3249,1,5.93,-0.87,0,0,0.7733,1
0.7187,4,0.1739,1,0,10,0.2689,1,6.05,-1.36,0,0,0.7608,0
0.6713,1,0.25,2,0,7,0.4932,0,5.08,-1.44,1,12,0.7542,1
0.4325,4,0.4444,1,3,9,0.5271,1,5.31,-2.26,0,0,0.3089,1
0.8249,1,0.125,0,1,3,0.3695,1,5.21,-1.01,1,14,0.3256,1
0.8419,1,0.125,1,0,1,0.1828,2,6.62,-1.12,0,0,0.6575,0
0.6405,9,0.3,1,9,6,0.3093,1,6.37,-1.53,0,0,0.6567,1
0.9129,2,0.0909,0,1,3,0.0686,0,7.08,-0.36,0,0,0.5375,0
0.83,1,0.1,0,0,2,0.1001,0,6.94,-0.67,0,0,0.7911,0
0.4114,5,0.3125,0,1,17,0.7043,2,3.75,-2.63,1,24,0.1117,1
0.8558,0,0.0,0,0,7,0.2012,0,9.62,-0.25,0,0,0.2401,0
1.0,0,0.0,0,0,2,0.1051,0,8.14,-0.42,0,0,0.7913,0
0.6815,1,0.25,3,0,10,0.2396,1,6.85,-0.48,0,0,0.6149,0
0.7966,2,0.1818,0,0,17,0.4964,2,5.15,-1.12,1,40,0.5231,1
0.8579,2,0.0741,0,0,14,0.517,3,3.85,-0.38,0,0,0.4826,1
0.697,3,0.1765,0,2,20,0.2906,1,3.69,-0.37,1,13,0.3751,1
0.6744,3,0.3,0,3,13,0.4506,1,7.35,-1.47,0,0,0.5998,1
0.9139,0,0.0,2,0,1,0.0653,0,8.86,-0.92,0,0,0.2236,0
0.8422,1,0.05,1,0,19,0.2684,1,5.56,-1.29,1,13,0.5961,1
0.7541,4,0.1538,1,0,2,0.151,0,8.96,-0.53,0,0,0.3745,1
0.9775,0,0.0,0,0,3,0.0637,1,9.55,1.07,0,0,0.553,1
0.7735,2,0.1333,1,1,4,0.0869,1,7.58,-0.19,0,0,0.799,0
0.783,3,0.1429,0,3,6,0.7,2,6.86,-1.49,1,3,0.5141,1
0.6933,2,0.1818,1,1,20,0.343,0,5.74,-1.42,1,40,0.524,1
0.6895,3,0.2308,1,1,12,0.1742,0,7.2,-0.23,0,0,0.5594,0
0.8928,0,0.0,1,0,15,0.148,0,7.0,-1.17,0,0,0.3333,0
0.9524,0,0.0,0,0,0,0.1212,0,7.6,-1.14,0,0,0.7434,0
0.7231,1,0.25,1,1,5,0.3445,0,4.99,-0.6,0,0,0.207,1
0.8748,2,0.087,1,2,12,0.2318,0,7.19,-0.8,0,0,0.1933,0
0.7449,3,0.1765,1,0,20,0.394,1,3.56,-0.49,0,0,0.538,1
0.955,1,0.037,0,0,0,0.1524,0,9.17,-0.16,0,0,0.5517,0
0.8046,5,0.1786,1,1,20,0.9172,3,5.97,-1.82,0,0,0.2848,1
0.9832,0,0.0,0,0,0,0.3344,0,6.39,0.5,1,25,0.5266,1
0.9222,0,0.0,0,0,1,0.0921,0,7.31,-1.25,0,0,0.1165,0
0.7879,1,0.25,0,1,5,0.1614,0,6.86,-1.23,0,0,0.4504,0
0.9408,0,0.0,1,0,2,0.0107,0,6.88,0.65,0,0,0.2946,0
0.7657,1,0.1667,1,1,11,0.2602,0,5.47,-0.9,0,0,0.3975,0
0.947,1,0.04,0,0,1,0.3687,1,7.46,-1.43,0,0,0.4257,0
0.9519,1,0.0588,1,1,0,0.1435,0,9.07,-0.91,0,0,0.3964,0
0.6355,5,0.2,1,3,17,0.2615,0,6.23,-0.43,1,33,0.372,1
0.815,1,0.0714,0,1,9,0.2322,3,7.66,-1.31,0,0,0.6714,0
0.9317,1,0.0588,1,0,2,0.0506,0,6.73,-0.86,0,0,0.6234,0
0.9602,1,0.0345,1,1,2,0.0559,0,7.93,-0.33,0,0,0.5492,0
0.4074,9,0.3,3,9,4,0.5349,0,3.27,-1.45,1,5,0.4744,1
0.7743,3,0.2308,1,1,4,0.2191,0,5.17,-1.35,1,25,0.3255,1
0.7909,3,0.15,1,0,1,0.0519,0,7.93,-0.69,0,0,0.4379,0
0.9864,0,0.0,0,0,2,0.072,0,8.99,-0.48,0,0,0.4262,0
0.9331,0,0.0,0,0,1,0.0403,0,9.21,-0.12,0,0,0.2923,0
0.6615,8,0.3077,1,3,6,0.0828,0,7.56,-0.39,1,33,0.4756,1
0.6128,3,0.25,2,1,10,0.4133,1,5.33,-0.5,0,0,0.7681,1
0.744,6,0.2143,1,4,7,0.3807,0,6.02,-1.49,0,0,0.4946,1
0.8882,2,0.08,0,0,4,0.6492,3,8.16,-0.48,1,14,0.4114,1
0.6895,1,0.2,0,0,8,0.4526,1,5.19,-1.14,0,0,0.1781,0
0.9424,1,0.0455,0,0,1,0.0144,0,7.86,0.1,0,0,0.3412,0
0.6948,4,0.2857,1,2,7,0.224,3,5.46,-0.13,0,0,0.4164,1
0.8723,3,0.1034,0,0,10,0.3211,1,8.75,-0.55,0,0,0.659,0
0.9392,0,0.0,0,0,1,0.4023,1,5.24,-0.1,0,0,0.2566,0
0.9819,0,0.0,0,0,0,0.0846,0,9.2,-0.29,0,0,0.6216,0
0.7311,1,0.1429,0,0,20,0.4423,1,5.65,-0.97,0,0,0.8486,0
0.8309,2,0.08,1,2,18,0.1076,0,7.76,-0.28,0,0,0.087,0
0.2651,11,0.5789,0,4,14,0.604,4,2.8,-2.02,1,15,0.5531,1
0.8646,2,0.069,0,2,17,0.1318,1,7.21,-0.27,0,0,0.5188,0
0.9879,0,0.0,0,0,0,0.3086,0,5.51,-0.92,1,27,0.4871,1
0.9692,1,0.0417,0,1,3,0.2087,1,6.98,-0.41,0,0,0.2549,0
0.8801,1,0.1429,1,1,17,0.5061,1,6.47,-1.12,1,2,0.7107,0
0.8029,3,0.1765,0,2,16,0.2419,1,7.31,-0.12,0,0,0.5833,0
0.8724,1,0.1,0,1,7,0.03,0,6.73,-0.2,0,0,0.6923,1
0.8885,1,0.0833,0,0,2,0.3063,0,6.75,-1.27,0,0,0.2594,1
0.5568,8,0.2857,0,3,9,0.1895,1,4.19,-0.63,0,0,0.3846,1
0.8091,3,0.1765,0,0,14,0.1964,1,7.09,-0.08,0,0,0.3178,0
0.6921,6,0.2,1,0,16,0.2534,0,6.92,-0.59,0,0,0.4637,1
0.7602,3,0.1765,1,3,19,0.2537,3,7.36,-0.61,1,41,0.4873,1
0.916,1,0.0556,0,1,0,0.1225,0,8.55,0.09,0,0,0.4554,0
0.7245,6,0.2222,1,1,15,0.4617,3,7.09,-0.75,0,0,0.6634,1
0.9256,1,0.0476,0,0,0,0.2012,2,7.99,-0.16,0,0,0.503,0
0.5836,1,0.25,0,0,15,0.5077,2,6.26,-0.73,0,0,0.213,1
0.93,0,0.0,0,0,0,0.0222,0,8.02,-0.78,0,0,0.6092,0
0.9902,0,0.0,0,0,2,0.0393,0,8.38,-0.92,0,0,0.4385,0
0.8023,1,0.125,0,1,4,0.372,1,8.85,-0.54,0,0,0.9013,0
0.7672,2,0.1429,0,0,3,0.1557,1,8.22,0.25,0,0,0.7584,1
0.9856,0,0.0,0,0,3,0.0435,0,7.89,-0.35,1,2,0.7647,1
0.5157,7,0.3182,3,7,1,0.6868,2,6.09,-1.78,1,23,0.932,1
0.9635,0,0.0,0,0,2,0.1103,1,7.83,-0.7,0,0,0.4948,0
0.9263,1,0.0417,0,1,1,0.1658,1,9.46,-0.13,0,0,0.6049,0
0.677,1,0.2,1,1,10,0.5406,0,5.69,-1.36,0,0,0.5887,1
0.8179,3,0.125,1,2,3,0.1526,0,7.18,0.11,0,0,0.6765,1
0.7236,3,0.1429,0,3,6,0.1625,1,6.89,0.54,1,34,0.6942,0
0.6473,6,0.3333,4,5,3,0.3776,1,6.96,-1.33,0,0,0.308,0
0.9141,2,0.069,0,2,1,0.1387,0,6.57,-1.02,0,0,0.4678,0
0.9374,1,0.0526,0,1,0,0.0923,0,9.59,-0.34,0,0,0.6565,0
0.6981,4,0.1333,0,2,10,0.4487,0,5.6,-0.61,0,0,0.2635,1
0.7795,5,0.1852,1,4,20,0.3193,0,7.65,-1.01,0,0,0.847,1
1.0,0,0.0,0,0,0,0.1706,0,8.65,-0.97,0,0,0.316,0
0.8601,2,0.08,0,1,17,0.239,0,7.97,-0.25,0,0,0.7761,0
0.8027,2,0.1176,1,2,17,0.1562,1,8.04,-0.74,0,0,0.6181,1
0.8699,1,0.0833,0,1,7,0.3405,0,6.35,-1.32,0,0,0.1144,1
0.75,4,0.1739,0,0,4,0.2679,0,6.82,-0.89,0,0,0.6942,1
0.901,2,0.1,0,0,0,0.0398,0,7.96,-0.37,0,0,0.8624,0
0.7639,4,0.1538,1,3,4,0.7611,2,4.16,-1.22,1,28,0.4625,1
0.9604,0,0.0,1,0,0,0.2042,0,6.75,-0.28,1,19,0.4144,1
0.9344,1,0.1,0,1,3,0.22,0,8.28,-0.04,0,0,0.2959,0
0.522,5,0.4545,1,2,8,0.5744,4,6.69,-2.05,0,0,0.3481,1
0.882,0,0.0,0,0,19,0.1235,0,8.01,-0.11,0,0,0.4838,1
0.7884,5,0.1724,0,5,1,0.1196,0,6.59,-1.5,0,0,0.8329,0
0.832,3,0.1364,0,1,1,0.2995,1,7.04,-0.85,0,0,0.5865,0
0.7191,1,0.25,0,0,10,0.1753,0,9.09,-1.03,1,27,0.3808,1
0.6591,4,0.16,2,4,14,0.3653,0,5.18,-1.09,0,0,0.7545,1
0.8099,4,0.1481,1,2,4,0.336,3,7.88,-1.45,0,0,0.1442,1
0.8723,3,0.1071,0,1,19,0.0867,0,9.88,0.48,0,0,0.239,0
0.6739,7,0.2593,2,5,11,0.3478,2,5.98,-1.07,1,26,0.5877,1
0.805,2,0.1818,1,1,2,0.6851,1,3.25,-2.08,0,0,0.4161,1
0.9504,1,0.0714,0,1,2,0.1155,0,7.22,0.25,0,0,0.4841,0
0.9064,1,0.0588,1,1,3,0.0329,0,9.66,-0.03,1,17,0.4557,1
0.8692,2,0.1053,0,1,11,0.2276,1,7.33,-0.95,0,0,0.5121,0
0.9368,0,0.0,0,0,2,0.103,0,9.05,-0.43,0,0,0.464,0
0.5203,9,0.36,1,4,4,0.6409,1,3.91,-1.91,0,0,0.6582,1
0.9036,0,0.0,1,0,2,0.22,0,8.97,-1.79,0,0,0.2089,0
0.2653,15,0.5357,1,6,13,0.5299,0,1.96,-1.55,0,0,0.2577,1
0.9378,0,0.0,1,0,0,0.0283,1,9.06,-0.82,0,0,0.4752,0
0.7329,3,0.1765,0,1,19,0.61,1,6.89,-1.0,1,35,0.5268,1
0.9143,1,0.1111,0,1,1,0.2027,1,8.27,-0.24,1,13,0.9042,0
0.9872,0,0.0,0,0,2,0.0267,0,8.66,-0.38,0,0,0.1913,0
0.8595,2,0.0952,0,1,16,0.1852,3,6.38,-0.47,0,0,0.6682,0
0.9961,0,0.0,0,0,0,0.1224,1,5.89,0.28,0,0,0.7785,0
0.7775,3,0.1667,0,0,18,0.3655,0,6.95,-1.47,0,0,0.3732,0
0.4945,3,0.25,0,0,17,0.8629,1,4.95,-2.11,1,22,0.4957,1
0.3693,4,0.3333,2,4,8,0.151,0,4.24,-0.61,0,0,0.5548,1
0.9608,0,0.0,0,0,1,0.1405,0,7.04,-0.29,0,0,0.4567,0
0.5774,7,0.35,1,2,2,0.2743,1,3.78,-1.3,0,0,0.778,1
0.933,1,0.0625,1,1,3,0.054,0,8.63,0.53,0,0,0.3587,0
0.7349,3,0.2,0,2,7,0.3092,0,7.16,-0.55,1,32,0.6117,1
1.0,0,0.0,0,0,0,0.1558,0,8.19,0.0,0,0,0.2503,0
0.8101,2,0.1333,0,1,11,0.0808,1,6.62,-0.05,1,20,0.7142,0
0.678,1,0.1429,1,0,5,0.5873,4,5.44,-1.18,0,0,0.2751,0
0.9024,1,0.0625,0,0,3,0.0051,0,8.3,-0.72,0,0,0.5222,0
0.8062,1,0.125,1,1,3,0.2916,2,8.27,-0.5,0,0,0.6416,0
0.8152,3,0.1154,0,2,12,0.4961,0,6.88,-1.17,1,40,0.3186,1
0.9946,0,0.0,0,0,2,0.0059,0,9.57,0.06,1,3,0.396,0
0.9135,0,0.0,0,0,2,0.2928,0,9.25,-0.04,0,0,0.461,0
0.823,0,0.0,0,0,4,0.156,0,4.94,-0.29,0,0,0.6687,0
0.8774,1,0.0909,0,1,20,0.5027,1,6.51,-0.19,0,0,0.5961,1
0.6439,6,0.2143,2,3,15,0.3304,0,4.71,-0.78,0,0,0.1318,1
0.7788,5,0.1667,2,5,6,0.4832,2,5.2,-1.69,0,0,0.1441,1
0.7292,5,0.2083,0,3,2,0.2805,0,4.57,-1.11,0,0,0.2932,1
0.9119,1,0.0417,0,0,2,0.2652,4,6.99,0.62,1,16,0.7937,0
0.7769,4,0.1739,0,1,14,0.3983,0,4.58,-1.36,0,0,0.4032,1
0.7825,1,0.1,0,1,8,0.2525,2,5.89,-0.56,0,0,0.3971,0
0.6092,4,0.2353,0,2,16,0.2596,0,6.13,-1.28,1,10,0.4515,1
0.8746,2,0.087,0,1,10,0.2922,0,8.02,-0.62,0,0,0.3746,0
0.9533,1,0.0417,1,0,0,0.089,0,8.6,-1.39,0,0,0.6969,0
0.778,1,0.0909,0,1,13,0.3507,0,4.88,-0.7,1,7,0.4373,1
0.7352,4,0.1818,0,1,6,0.0594,0,7.55,-0.68,0,0,0.4664,0
1.0,0,0.0,0,0,0,0.0761,0,8.73,-0.14,1,29,0.5093,0
0.8358,1,0.125,1,1,11,0.62,3,6.3,-0.94,0,0,0.2624,1
0.9424,1,0.0833,0,0,1,0.1762,0,7.99,-0.38,0,0,0.5355,0
0.9007,1,0.1,1,0,1,0.3591,1,3.95,-0.74,0,0,0.7021,1
0.9533,0,0.0,0,0,0,0.3122,0,7.14,-1.59,0,0,0.4322,1
0.7859,4,0.1905,0,2,11,0.3611,0,4.96,-0.97,1,37,0.646,1
0.5425,6,0.3,0,2,17,0.6632,3,5.73,-1.34,0,0,0.512,1
0.8178,4,0.1379,0,2,20,0.2902,0,7.34,-1.15,0,0,0.5656,0
0.9058,0,0.0,1,0,3,0.1107,1,6.78,0.37,0,0,0.8466,0
0.8252,1,0.1667,3,0,7,0.2452,0,7.92,-1.46,0,0,0.6601,1
0.9631,1,0.0435,1,1,3,0.1625,1,8.12,-0.08,1,11,0.5065,0
0.7065,6,0.2222,1,4,18,0.7631,0,5.77,-0.64,0,0,0.7137,0
0.7644,5,0.1667,4,4,1,0.2722,1,6.37,-1.24,0,0,0.5023,1
0.3728,8,0.3636,4,3,5,0.6979,2,6.01,-1.4,0,0,0.7509,1
0.7443,0,0.0,1,0,3,0.4415,7,7.74,-0.66,0,0,0.4949,0
0.8268,2,0.125,0,1,12,0.2592,1,6.31,-0.78,0,0,0.3647,0
0.8999,0,0.0,0,0,7,0.0137,0,6.66,-0.39,0,0,0.3073,0
0.9632,0,0.0,0,0,3,0.2761,0,7.27,0.1,0,0,0.4939,0
0.8109,1,0.25,1,0,2,0.2526,3,7.81,-0.63,0,0,0.5657,0
0.5373,3,0.3333,0,0,13,0.7451,3,4.48,-1.84,0,0,0.5448,1
0.8399,2,0.1818,0,2,6,0.0771,0,6.82,-0.29,1,21,0.7762,0
0.9256,0,0.0,1,0,2,0.2348,0,7.53,-0.54,0,0,0.3801,0
0.9606,0,0.0,0,0,1,0.22,0,9.86,-0.73,0,0,0.6174,0
0.937,0,0.0,0,0,3,0.2123,0,4.97,-0.49,1,30,0.6777,1
0.7078,2,0.25,1,2,10,0.5859,0,6.49,-1.91,1,38,0.6007,1
0.9947,0,0.0,0,0,3,0.0111,0,8.64,0.32,0,0,0.8815,0
0.1414,11,0.44,2,8,2,0.658,5,5.0,-2.3,0,0,0.5557,1
0.779,2,0.1176,1,2,8,0.1803,1,8.61,-0.35,0,0,0.672,0
0.3427,4,0.4,1,0,4,0.7657,2,3.9,-1.17,0,0,0.4115,1
0.915,1,0.0769,0,1,0,0.0156,0,10.0,-0.16,0,0,0.4093,0
0.7903,5,0.1667,0,0,19,0.5186,3,4.5,-0.64,1,40,0.6897,1
0.8632,1,0.0909,0,1,13,0.0488,0,7.33,-0.49,0,0,0.2354,0
0.6134,1,0.2,2,1,12,0.5854,0,6.89,-1.54,0,0,0.7125,0
0.4805,2,0.4,2,1,2,0.5606,4,4.29,-1.67,1,38,0.5259,1
0.8195,5,0.1667,2,5,8,0.1925,0,8.75,0.0,0,0,0.3335,1
0.7762,3,0.1154,1,0,14,0.3953,0,5.66,-0.85,1,41,0.4961,1
0.7512,3,0.2308,0,1,4,0.3123,2,8.24,-1.27,1,37,0.8379,1
0.9442,1,0.0385,0,1,1,0.22,2,8.27,-0.54,0,0,0.586,0
0.6857,5,0.2941,2,5,3,0.1779,0,6.79,-0.72,0,0,0.3228,0
0.9643,0,0.0,0,0,1,0.3338,1,6.88,-0.8,0,0,0.563,0
0.8951,2,0.0952,0,2,3,0.4816,0,7.44,-0.19,0,0,0.4081,1
0.8447,1,0.1,1,0,17,0.2556,1,6.68,-0.63,1,13,0.1042,0
0.7232,5,0.2174,1,4,18,0.5704,0,4.05,-1.65,0,0,0.4453,1
0.7129,2,0.1538,3,1,3,0.6013,2,3.42,-1.18,0,0,0.6827,1
0.7662,1,0.1667,0,0,3,0.0727,0,5.55,-1.04,0,0,0.3613,0
0.7574,5,0.1667,2,5,20,0.1034,0,3.77,-1.17,1,12,0.7625,1
0.81,3,0.1579,0,1,10,0.0854,0,7.35,-0.86,1,33,0.4021,0
0.4121,8,0.4444,1,8,20,0.7592,2,2.63,-2.21,1,38,0.7463,1
0.8338,4,0.1429,1,4,3,0.06,0,7.35,-0.64,0,0,0.2199,1
0.8848,0,0.0,0,0,14,0.1273,0,7.88,-0.2,0,0,0.508,1
0.5184,1,0.1667,1,1,4,0.6623,1,4.65,-1.6,0,0,0.5612,1
0.9869,0,0.0,0,0,1,0.1854,1,6.78,-0.43,0,0,0.1913,0
0.721,2,0.1667,1,2,12,0.2226,1,5.62,-1.24,0,0,0.5326,0
0.947,1,0.0417,0,0,3,0.1155,1,8.65,0.09,0,0,0.5634,1
0.7363,1,0.1667,1,0,3,0.62,0,6.13,-0.85,0,0,0.5201,1
0.9283,1,0.0357,0,0,0,0.1923,2,8.86,0.05,0,0,0.3872,0
0.8759,1,0.125,0,0,2,0.3686,3,8.82,-0.31,0,0,0.4589,0
0.9843,0,0.0,0,0,1,0.0811,0,9.76,0.14,0,0,0.7175,0
0.8546,2,0.0833,0,0,5,0.62,0,7.4,-1.42,0,0,0.8664,0
0.922,1,0.0357,0,1,1,0.1473,0,7.86,-0.17,0,0,0.1408,0
0.8859,2,0.0769,2,0,1,0.145,0,8.1,-0.16,0,0,0.1541,0
0.8429,1,0.2,1,1,18,0.0503,1,6.93,0.36,0,0,0.3518,0
0.9473,0,0.0,1,0,1,0.1326,0,8.12,-0.44,0,0,0.4168,0
0.9435,1,0.0476,1,0,3,0.0478,0,6.91,0.16,0,0,0.6906,1
0.7235,4,0.2105,2,1,9,0.676,1,6.36,-1.52,1,38,0.3322,1
1.0,0,0.0,0,0,3,0.0628,0,7.57,0.37,0,0,0.3466,1
0.539,7,0.4118,0,4,7,0.7424,1,8.0,-0.87,1,30,0.6645,1
0.7235,5,0.1667,1,4,3,0.082,0,8.15,-0.59,1,14,0.1403,1
0.435,3,0.5,0,2,14,0.78,6,4.3,-3.03,0,0,0.0604,1
0.814,2,0.1333,0,1,10,0.3702,1,8.11,-0.74,1,10,0.4814,1
0.2229,11,0.5238,2,7,13,0.6966,1,4.47,-2.08,1,4,0.5134,1
0.896,1,0.0625,0,1,11,0.3032,2,7.1,-0.59,1,44,0.5926,1
0.7287,3,0.1667,0,3,19,0.0742,1,7.18,-0.58,0,0,0.9483,1
0.741,3,0.1429,1,2,9,0.5348,4,6.2,-1.57,0,0,0.7665,1
0.8323,1,0.0625,0,1,20,0.4537,0,4.5,-1.03,0,0,0.703,1
0.3025,4,0.5,2,4,12,0.4491,1,7.69,-1.64,0,0,0.6839,1
0.8828,0,0.0,0,0,13,0.0087,0,8.55,0.54,0,0,0.4848,0
1.0,0,0.0,0,0,0,0.1252,2,8.71,-0.76,0,0,0.7501,0
0.7331,4,0.1667,1,2,11,0.2571,0,7.05,-0.57,0,0,0.4706,0
0.8919,1,0.125,0,1,5,0.1448,0,6.19,-0.33,0,0,0.6539,0
0.7457,4,0.1667,1,2,14,0.4678,2,3.29,-1.23,0,0,0.1178,1
0.838,2,0.087,0,0,6,0.3457,0,8.01,-0.3,0,0,0.5909,0
0.5912,2,0.3333,4,1,3,0.6035,0,3.98,-0.31,0,0,0.3391,1
0.8806,1,0.0625,0,1,7,0.2139,1,6.5,0.17,1,1,0.7505,0
0.6803,7,0.2692,0,1,5,0.303,0,5.2,-1.0,0,0,0.7263,1
0.305,3,0.4286,1,3,2,0.3387,4,5.32,-1.79,0,0,0.8003,1
0.5298,7,0.3333,3,4,3,0.8281,3,4.57,-1.72,0,0,0.7206,1
0.9533,0,0.0,0,0,3,0.3802,0,8.06,-0.14,0,0,0.4711,0
0.9439,1,0.04,0,1,1,0.041,0,6.76,-0.35,0,0,0.4364,0
0.7472,3,0.1875,0,1,14,0.4019,2,4.72,0.02,0,0,0.3376,1
0.7396,1,0.0909,0,1,13,0.2641,1,4.59,-0.23,0,0,0.2243,1
0.9193,1,0.0833,1,0,1,0.3079,0,6.91,0.22,1,16,0.7895,0
0.874,1,0.1111,1,1,14,0.4979,0,6.86,-1.03,0,0,0.4152,0
1.0,0,0.0,0,0,2,0.0476,1,9.03,-0.2,0,0,0.6199,0
0.9142,1,0.0714,0,0,3,0.1425,0,6.66,-0.31,1,32,0.6964,0
0.8239,2,0.125,0,2,17,0.2086,2,7.26,-0.83,0,0,0.6265,1
0.8418,1,0.1667,1,1,3,0.2904,0,5.29,-0.23,0,0,0.4304,0
0.8321,2,0.1176,0,0,17,0.1678,0,6.81,0.24,0,0,0.2788,0
0.7632,3,0.1579,2,1,20,0.2997,0,5.4,-1.6,1,17,0.3252,1
0.6207,1,0.2,2,1,5,0.1853,1,3.82,-0.13,0,0,0.2429,0
0.986,0,0.0,1,0,0,0.0455,0,7.79,-0.12,0,0,0.1582,0
0.974,0,0.0,0,0,2,0.0592,0,8.44,-0.89,0,0,0.4462,0
0.8289,1,0.1667,0,0,13,0.6163,1,5.92,-1.45,1,28,0.4234,1
0.9668,0,0.0,0,0,2,0.0578,0,8.12,0.49,0,0,0.3912,0
0.9188,2,0.0741,0,1,1,0.0287,0,9.03,0.25,0,0,0.589,0
0.7136,3,0.3,1,1,15,0.5043,1,7.02,-1.31,0,0,0.6812,1
1.0,0,0.0,0,0,0,0.0699,0,8.76,-0.75,0,0,0.5521,0
0.9292,2,0.0714,0,0,0,0.0842,0,5.6,-0.44,0,0,0.6391,0
0.7548,1,0.2,0,1,2,0.3532,0,5.12,-0.99,0,0,0.7538,0
0.7921,1,0.1111,0,1,8,0.2636,1,6.66,-0.75,0,0,0.8063,0
0.6822,2,0.2222,1,0,4,0.2773,3,5.84,-0.72,0,0,0.3815,0
0.5027,7,0.4118,0,3,4,0.12,0,6.81,-0.52,1,34,0.707,1
0.9708,1,0.037,0,1,2,0.1959,0,8.45,-0.15,0,0,0.6356,0
0.8667,1,0.125,0,0,10,0.1539,0,8.74,-0.69,0,0,0.4463,0
0.9266,0,0.0,0,0,2,0.024,0,6.93,-0.28,0,0,0.4136,0
0.8137,1,0.125,0,0,6,0.2752,1,5.55,-0.7,0,0,0.4736,0
0.9405,1,0.0625,0,1,3,0.1699,0,8.51,0.23,0,0,0.4022,0
0.7949,1,0.2,0,1,5,0.4896,1,5.37,-1.16,0,0,0.4899,0
0.9718,0,0.0,0,0,3,0.3234,0,7.11,-0.54,0,0,0.5283,0
0.8837,1,0.0714,1,1,19,0.0683,0,8.13,-0.45,0,0,0.779,1
0.6592,4,0.25,2,2,18,0.3249,1,5.76,-0.44,0,0,0.4412,1
0.6941,8,0.2667,3,3,8,0.2759,0,4.68,-2.0,1,1,0.5701,1
0.5803,3,0.375,0,2,2,0.56,4,5.47,-1.44,0,0,0.5162,0
0.3414,5,0.5556,1,3,13,0.7929,5,3.95,-1.41,0,0,0.576,1
0.9167,1,0.0435,1,0,0,0.0872,1,7.2,0.12,0,0,0.7181,0
0.714,2,0.2222,1,1,7,0.1577,1,7.96,-1.64,0,0,0.6605,1
0.7625,3,0.1154,0,2,6,0.2453,1,4.49,-0.24,0,0,0.4934,1
0.6745,1,0.125,1,1,5,0.5538,2,4.47,-1.08,0,0,0.3204,1
0.7346,2,0.1667,2,2,20,0.6617,4,5.93,-1.44,0,0,0.0993,1
0.9235,1,0.1,0,0,1,0.15,1,7.44,-0.08,0,0,0.2591,0
0.8458,1,0.1667,0,0,12,0.1698,0,8.84,0.86,0,0,0.7884,1
0.5926,8,0.3077,0,2,4,0.7875,0,4.84,-1.91,0,0,0.712,1
0.5329,6,0.2727,2,4,14,0.7991,1,2.0,-2.55,1,9,0.5392,1
0.79,1,0.1667,0,1,11,0.2901,1,5.79,-1.11,1,2,0.5374,1
0.5759,2,0.2857,1,1,18,0.7934,2,5.57,-1.72,0,0,0.188,1
0.6482,5,0.2941,2,3,4,0.5699,1,5.56,-1.56,0,0,0.3768,1
0.9565,0,0.0,0,0,0,0.241,0,7.26,0.13,0,0,0.399,1
0.574,6,0.3333,1,0,10,0.5362,3,3.98,-0.91,0,0,0.3624,1
0.9385,1,0.0385,0,1,1,0.4668,2,5.62,-0.11,1,8,0.3601,0
0.4854,3,0.3333,3,2,5,0.6711,2,2.82,-1.55,0,0,0.6351,1
0.9539,1,0.0435,0,0,3,0.0656,1,7.88,0.3,1,39,0.6423,0
0.5511,5,0.2273,1,2,1,0.1339,0,4.12,-0.43,0,0,0.4974,1
0.7745,4,0.16,1,2,1,0.4074,1,6.77,0.24,0,0,0.5478,1
0.6646,6,0.2609,1,2,2,0.2906,1,5.63,-1.3,1,24,0.7442,1
0.7936,1,0.2,0,0,20,0.1014,0,5.49,-0.68,1,7,0.5682,1
0.5754,4,0.1905,0,4,9,0.3321,0,6.72,-1.37,0,0,0.3853,1
0.8071,1,0.0769,1,1,12,0.3109,1,5.72,-0.01,1,4,0.7,0
0.4682,5,0.2941,2,3,2,0.7249,0,0.92,-1.94,1,11,0.4362,1
0.8486,2,0.0667,1,0,3,0.2579,0,5.49,-0.56,0,0,0.5224,0
0.7635,2,0.1429,1,2,2,0.4505,2,6.34,-1.76,0,0,0.4315,1
0.739,2,0.2222,1,0,5,0.1845,1,5.77,-0.88,0,0,0.4364,1
0.8534,2,0.0714,0,1,4,0.0796,1,7.16,-0.3,0,0,0.5337,0
0.8411,0,0.0,0,0,6,0.4048,0,4.99,-1.37,1,24,0.4862,1
0.7086,3,0.1154,0,2,15,0.603,0,3.98,-0.92,0,0,0.5572,1
0.9155,1,0.05,0,1,3,0.0694,0,6.82,0.5,0,0,0.7322,0
0.3729,5,0.2778,4,4,3,0.6969,4,4.98,-2.34,0,0,0.5083,1
0.7394,2,0.2857,3,1,6,0.0836,0,7.53,0.06,0,0,0.7953,0
0.9831,0,0.0,1,0,2,0.0407,0,8.58,-0.63,0,0,0.4251,0
0.3714,5,0.3333,3,0,9,0.7542,2,4.3,-1.55,1,20,0.5173,1
0.8006,3,0.1071,1,0,1,0.2196,0,5.01,-0.19,0,0,0.5384,1
0.6693,1,0.1429,2,0,2,0.5211,0,6.51,-1.13,0,0,0.5319,1
0.7659,1,0.1667,0,0,15,0.1299,0,5.92,-0.23,0,0,0.7416,0
0.7789,3,0.1364,2,0,10,0.2124,0,5.25,-0.63,0,0,0.7013,0
0.9992,0,0.0,0,0,3,0.1419,1,7.89,-0.2,0,0,0.6968,0
0.695,2,0.1667,0,0,8,0.3747,1,6.07,-0.54,0,0,0.4479,1
0.9865,0,0.0,0,0,2,0.2079,0,7.09,0.33,0,0,0.6629,0
0.2678,14,0.5833,3,3,14,0.6646,3,5.26,-1.96,1,23,0.3563,1
0.8479,3,0.1,0,3,1,0.0164,1,8.38,-0.4,0,0,0.6706,0
0.3866,3,0.3,3,2,17,0.7268,1,5.11,-2.38,0,0,0.4705,1
0.8313,2,0.0909,1,2,14,0.1901,3,8.0,-0.66,0,0,0.3137,0
0.5743,4,0.2,1,0,3,0.8936,2,5.21,-2.27,1,12,0.398,1
0.9209,1,0.04,0,0,2,0.0299,1,8.21,0.19,0,0,0.3669,0
0.5234,5,0.2632,3,5,13,0.5086,2,4.85,-0.88,1,13,0.537,1
0.5492,3,0.3,0,0,9,0.2982,1,8.42,-1.68,1,23,0.5737,1
0.9333,0,0.0,0,0,1,0.0555,0,8.29,-0.24,0,0,0.0974,0
0.3991,13,0.4815,1,9,20,0.6499,3,3.8,-1.42,1,31,0.2947,1
0.7397,2,0.25,0,1,1,0.1839,1,7.16,-0.49,0,0,0.7586,0
0.4105,13,0.4643,2,6,6,0.4804,0,4.76,-1.74,0,0,0.5773,1
0.7226,2,0.1429,0,2,13,0.7282,0,5.72,-1.25,0,0,0.6277,1
0.9392,0,0.0,0,0,0,0.1383,0,7.75,0.28,0,0,0.4481,0
0.9767,0,0.0,0,0,2,0.0893,0,6.63,-0.2,0,0,0.6334,0
0.9686,0,0.0,0,0,0,0.0827,0,8.73,-0.33,0,0,0.2773,0
0.9439,1,0.0476,0,0,2,0.1182,1,8.24,0.24,0,0,0.2852,0
0.8772,2,0.0667,0,1,10,0.0472,0,8.72,-0.41,0,0,0.7115,0
0.8626,2,0.1333,1,2,9,0.2153,0,7.02,0.03,0,0,0.1549,0
0.7218,4,0.2105,2,1,10,0.5368,1,3.36,-1.17,0,0,0.7861,1
0.8969,1,0.0417,0,1,7,0.0074,0,9.1,-0.51,0,0,0.4031,1
0.9712,0,0.0,0,0,1,0.1734,0,8.39,0.08,0,0,0.5963,0
0.5044,7,0.2692,0,2,17,0.3701,0,4.25,-0.89,0,0,0.3241,1
0.936,0,0.0,0,0,3,0.22,0,7.84,0.19,0,0,0.6187,0
0.4572,1,0.2,2,0,12,0.6385,0,3.75,-1.39,0,0,0.357,1
0.882,1,0.0714,0,1,4,0.2307,0,6.66,-0.46,1,31,0.3283,1
0.8033,2,0.1818,1,1,8,0.2583,0,5.07,-0.19,0,0,0.8611,0
0.4561,5,0.2941,1,4,9,0.5579,1,7.06,-1.57,1,12,0.4213,1
0.6461,2,0.2222,1,0,2,0.3569,1,7.02,-0.12,0,0,0.6129,1
0.6934,2,0.25,1,1,13,0.4852,3,5.08,-0.99,0,0,0.4676,1
0.7933,3,0.1667,0,2,14,0.1942,0,8.07,-0.18,0,0,0.5245,1
0.9416,0,0.0,0,0,2,0.1273,0,4.73,0.44,1,14,0.4684,1
0.8248,2,0.1429,1,2,5,0.1436,0,7.02,0.2,0,0,0.6188,0
0.6542,3,0.2143,2,1,2,0.4821,1,7.56,-1.39,0,0,0.5926,1
0.7172,3,0.15,0,0,10,0.4762,3,5.3,-0.35,0,0,0.3478,1
0.9164,1,0.0526,0,1,1,0.0086,0,7.5,0.32,0,0,0.7087,0
0.8778,1,0.1,1,1,2,0.4146,0,6.98,-1.42,0,0,0.4779,0
0.9158,0,0.0,0,0,0,0.0539,0,9.07,-0.82,0,0,0.7127,0
0.6579,7,0.2593,2,4,4,0.2908,2,4.86,-1.02,0,0,0.5437,0
0.88,1,0.0833,1,0,14,0.5417,0,3.68,-0.1,1,1,0.4304,1
0.7812,3,0.2,1,1,14,0.1816,0,7.51,0.78,0,0,0.9211,0
0.9202,1,0.0769,0,1,3,0.0206,0,8.94,-0.75,0,0,0.3747,0
0.5979,2,0.2,1,0,3,0.1202,1,6.34,-0.1,0,0,0.7319,1
0.6064,5,0.2778,2,2,3,0.4354,1,6.19,-1.17,0,0,0.5942,1
0.8415,1,0.0769,0,1,19,0.1869,0,8.31,-0.19,0,0,0.2545,0
0.8767,2,0.0714,0,0,6,0.4057,5,6.87,-0.77,1,7,0.4705,0
0.8253,2,0.1429,0,2,6,0.1779,2,7.43,0.4,0,0,0.3737,0
0.7729,4,0.1333,1,1,16,0.2651,3,5.62,-0.39,0,0,0.7286,1
0.9757,0,0.0,0,0,3,0.4993,2,7.07,-0.08,1,4,0.4203,1
0.7879,2,0.1053,2,1,13,0.1826,1,5.65,-1.11,1,5,0.4518,1
0.759,3,0.2,0,1,14,0.1912,0,7.45,-0.68,0,0,0.5318,0
0.8572,3,0.1071,0,1,17,0.4289,3,7.18,-0.07,1,15,0.4934,1
0.7392,2,0.1667,1,0,9,0.2542,0,6.02,-1.27,0,0,0.7237,0
0.8859,1,0.0385,0,0,5,0.3421,1,6.6,-1.38,0,0,0.596,0
0.8791,2,0.08,0,1,9,0.4212,1,7.47,-1.22,0,0,0.5882,0
0.7394,3,0.1579,0,2,5,0.1546,0,6.84,-1.3,0,0,0.7435,0
0.691,3,0.2143,0,3,4,0.5208,2,7.14,-0.85,0,0,0.4956,1
0.8449,1,0.1667,0,1,6,0.3224,0,6.15,-0.67,1,7,0.4589,1
0.7263,4,0.16,1,4,12,0.2383,2,6.72,-1.29,0,0,0.5588,1
0.779,1,0.25,2,0,6,0.4033,1,4.85,-0.77,1,15,0.6192,1
0.2431,12,0.6,4,3,3,0.5797,3,4.6,-2.32,0,0,0.5711,1
0.934,1,0.0476,1,1,2,0.1536,0,8.85,0.57,0,0,0.6081,0
0.7487,2,0.1111,1,2,13,0.6545,2,3.75,-1.9,0,0,0.5441,1
0.8821,2,0.0833,0,0,10,0.0347,0,8.24,0.54,0,0,0.4313,1
0.895,1,0.0476,0,1,10,0.0735,0,8.39,-0.73,0,0,0.7209,1
0.8279,2,0.0909,1,1,17,0.4197,3,9.77,-1.16,0,0,0.376,0
0.8136,1,0.1429,2,0,7,0.3791,2,7.99,-1.29,1,11,0.1364,1
0.7581,3,0.2308,0,0,17,0.3327,1,7.47,-1.03,0,0,0.5479,1
0.6151,8,0.3077,1,4,4,0.1882,0,6.83,-0.63,0,0,0.5002,1
0.781,3,0.2308,0,1,20,0.4321,1,7.7,-0.83,1,26,0.3413,1
0.7159,4,0.1538,1,4,4,0.3787,1,7.87,0.17,1,21,0.2872,1
0.7975,4,0.1333,1,1,1,0.3431,5,5.93,-0.81,0,0,0.1534,0
0.6743,3,0.3,2,3,10,0.4573,0,5.21,-1.1,0,0,0.8381,1
0.8028,3,0.1071,2,0,13,0.8238,2,4.64,-1.14,1,45,0.295,1
0.9205,1,0.125,0,1,3,0.0498,1,7.57,0.37,0,0,0.8197,0
0.7529,2,0.2222,0,1,13,0.45,1,7.14,-0.78,0,0,0.5434,0
0.9556,0,0.0,1,0,0,0.1157,0,6.74,-0.8,0,0,0.7156,0
0.9865,0,0.0,2,0,1,0.1706,0,8.22,-0.33,0,0,0.6669,0
0.9802,0,0.0,0,0,2,0.1087,0,8.57,-1.7,0,0,0.7428,0
0.7659,1,0.1429,1,0,15,0.3357,0,4.33,-0.68,0,0,0.5125,1
0.6632,4,0.1739,1,4,15,0.3339,0,5.15,-0.27,0,0,0.7145,1
0.7585,3,0.15,1,3,1,0.082,0,6.6,-0.41,0,0,0.5162,1
0.7506,2,0.2857,1,1,12,0.222,2,4.96,-1.32,1,41,0.7993,1
0.982,0,0.0,0,0,0,0.0176,0,9.16,-0.54,0,0,0.6533,0
0.8851,2,0.0667,0,2,1,0.2284,2,6.29,-1.21,0,0,0.2405,1
0.6631,5,0.2778,0,1,1,0.2822,1,5.53,-1.31,0,0,0.7381,1
1.0,0,0.0,0,0,2,0.0089,0,7.8,0.39,0,0,0.6704,0
0.7524,2,0.1176,0,1,12,0.4648,1,5.8,-1.11,1,17,0.4295,1
0.8788,2,0.1111,0,1,15,0.5259,3,4.66,0.35,1,8,0.2441,1
0.5085,7,0.4118,0,5,12,0.718,2,7.61,-1.37,0,0,0.5004,1
0.6689,3,0.1667,1,1,9,0.4059,1,8.27,-1.09,1,15,0.5511,1
0.8657,1,0.0625,1,1,16,0.5177,1,5.72,-1.67,1,14,0.2182,1
0.854,1,0.125,2,1,5,0.3223,3,4.18,-0.62,0,0,0.7477,1
0.8899,1,0.0588,1,0,12,0.0282,0,9.5,-0.37,0,0,0.764,1
0.9091,0,0.0,0,0,1,0.2522,0,6.95,-0.12,0,0,0.573,0
0.8284,1,0.125,1,1,9,0.2437,0,4.2,-0.41,0,0,0.6254,1
0.8486,1,0.0714,0,0,3,0.3308,2,5.22,-0.36,0,0,0.3562,1
0.8819,2,0.087,0,1,11,0.4631,2,6.78,-0.52,0,0,0.5178,1
0.8438,1,0.1429,1,1,17,0.3747,3,7.4,-0.84,0,0,0.6608,1
0.5906,9,0.3214,4,4,17,0.2631,0,6.4,-1.41,1,35,0.7332,1
0.6804,2,0.1667,1,1,10,0.2612,2,7.43,-0.82,0,0,0.3783,1
0.9553,0,0.0,0,0,3,0.0358,0,7.25,0.3,0,0,0.5051,0
0.6991,7,0.2414,1,2,1,0.3372,0,5.76,-0.75,0,0,0.3506,1
0.7703,5,0.1786,0,5,13,0.2382,1,6.62,-1.46,1,30,0.2641,1
0.4611,10,0.3704,1,6,6,0.4833,1,4.38,-1.75,0,0,0.566,1
0.8189,1,0.1667,0,1,12,0.1673,0,8.08,-0.37,0,0,0.4311,0
0.7266,2,0.1667,0,2,20,0.5633,1,6.15,-0.93,0,0,0.4514,0
0.883,0,0.0,2,0,10,0.2333,3,7.54,-0.67,0,0,0.6916,0
0.7514,3,0.2,1,0,10,0.1,0,6.28,-0.46,0,0,0.3686,1
0.7703,3,0.1667,0,2,11,0.0317,0,6.86,-0.47,0,0,0.6685,0
0.6163,6,0.24,0,1,7,0.5738,2,3.94,-0.81,1,23,0.7641,1
0.8281,3,0.1034,1,2,19,0.6599,1,3.64,-1.49,1,22,0.5356,1
1.0,0,0.0,0,0,1,0.1558,0,7.84,-0.36,0,0,0.6584,0
0.9899,0,0.0,0,0,2,0.0496,0,8.02,-0.16,0,0,0.5532,0
0.7909,4,0.1481,0,2,4,0.1492,1,6.57,-0.52,1,20,0.3994,1
0.4435,5,0.3846,1,1,16,0.6678,2,3.54,-1.63,1,10,0.1076,1
0.988,0,0.0,1,0,3,0.0608,0,6.7,0.35,0,0,0.5178,0
1.0,0,0.0,0,0,2,0.0507,0,7.91,0.16,0,0,0.3919,0
0.5644,6,0.3158,1,6,11,0.6009,4,2.73,-1.88,0,0,0.269,1
0.8757,1,0.0833,0,1,18,0.0902,1,8.6,-0.44,0,0,0.2639,0
0.9113,1,0.0417,1,1,1,0.0785,1,8.18,0.0,0,0,0.6758,0
0.4468,13,0.4483,2,9,4,0.6905,2,3.25,-2.08,1,1,0.4115,1
0.8601,2,0.0909,1,1,10,0.0801,0,8.53,0.05,0,0,0.5538,0
0.9185,0,0.0,0,0,3,0.3124,0,6.49,-0.93,0,0,0.2653,0
1.0,0,0.0,0,0,3,0.1249,0,8.0,-0.49,0,0,0.4789,0
0.6744,2,0.1818,1,1,16,0.1418,0,7.83,-1.28,0,0,0.7023,1
0.7859,2,0.1667,1,0,16,0.3941,0,7.01,-0.77,1,16,0.4296,1
0.9324,0,0.0,0,0,3,0.0361,0,7.4,0.5,0,0,0.3751,0
0.8828,1,0.05,0,1,3,0.2614,0,7.34,-0.44,0,0,0.5485,0
0.7817,1,0.1429,1,1,13,0.7227,3,2.91,-0.53,0,0,0.3857,1
0.7968,5,0.1667,1,1,7,0.5006,1,7.73,-0.6,1,38,0.4502,1
0.7854,1,0.125,1,0,19,0.2439,2,5.59,0.08,0,0,0.5056,0
0.8716,1,0.1111,0,0,18,0.1809,0,7.83,-1.67,0,0,0.2154,0
0.9812,0,0.0,0,0,3,0.1897,2,8.18,0.21,0,0,0.6217,0
0.9575,0,0.0,0,0,1,0.0533,0,8.02,-0.7,0,0,0.5776,0
0.785,2,0.1111,0,0,13,0.2173,0,7.99,-0.26,0,0,0.78,0
0.7892,4,0.1379,0,4,14,0.5666,0,8.36,-1.23,0,0,0.6421,1
0.878,1,0.0556,0,1,10,0.1009,1,7.94,0.25,1,28,0.7533,0
0.8216,2,0.1333,1,2,16,0.3004,1,5.15,-0.73,0,0,0.8012,0
0.7453,4,0.1538,1,0,15,0.2806,0,4.0,-0.69,1,25,0.5075,1
0.7931,5,0.1852,0,3,7,0.231,0,5.67,0.24,0,0,0.5242,1
0.8975,1,0.0526,1,1,8,0.2184,0,6.35,-0.25,0,0,0.6364,0
0.8929,2,0.08,0,0,18,0.4863,1,5.46,-0.44,0,0,0.2265,1
0.7722,4,0.1818,0,3,15,0.3812,0,5.96,-1.43,0,0,0.5499,1
0.7349,2,0.1429,0,1,18,0.325,0,6.32,-1.37,1,23,0.7248,1
0.907,1,0.0526,0,1,2,0.066,0,7.85,0.05,0,0,0.541,0
0.7358,1,0.25,0,0,19,0.3185,1,5.56,-0.47,1,16,0.4546,1
0.7512,3,0.1667,0,2,16,0.3811,0,6.75,-1.02,0,0,0.1288,0
0.7326,4,0.1379,2,1,2,0.2471,0,7.88,0.04,0,0,0.2728,0
0.8108,2,0.1176,0,1,15,0.2165,0,8.04,-0.22,0,0,0.2217,0
0.8585,2,0.0909,2,2,14,0.1712,0,6.48,-1.71,0,0,0.3601,1
0.7411,3,0.1875,0,1,12,0.2395,1,4.23,-0.78,1,29,0.7294,1
0.6443,3,0.3333,0,1,15,0.1598,1,6.39,0.02,0,0,0.3428,1
0.9291,1,0.0625,0,0,3,0.1723,1,7.73,0.0,0,0,0.3801,0
0.575,3,0.3,1,1,13,0.1392,1,6.43,-0.91,0,0,0.4092,1
0.9468,1,0.0667,1,0,3,0.0144,0,9.55,-0.3,0,0,0.7086,0
0.9119,1,0.0556,2,0,1,0.0727,0,8.96,-0.65,0,0,0.3981,0
0.9339,1,0.0476,0,1,1,0.0277,0,8.98,-0.8,0,0,0.527,0
0.9163,1,0.0667,0,1,0,0.0393,0,7.91,0.08,0,0,0.8434,0
0.7753,2,0.1429,1,1,1,0.225,0,5.05,-1.03,1,18,0.7527,1
0.74,5,0.1923,0,0,4,0.6508,2,5.68,-1.14,0,0,0.3161,1
0.3677,10,0.4,1,3,2,0.4224,1,2.84,-1.31,0,0,0.5136,1
0.8021,4,0.1333,0,1,2,0.3087,3,5.01,-1.22,1,15,0.692,0
0.6615,6,0.2143,2,2,17,0.5744,1,6.7,-0.82,0,0,0.5981,1
0.9816,0,0.0,1,0,1,0.06,1,6.46,-0.06,1,20,0.4048,1
0.89,2,0.0833,1,1,17,0.1392,1,8.65,-0.47,1,26,0.5672,1
1.0,0,0.0,0,0,2,0.0307,0,7.88,0.73,0,0,0.6392,0
0.7783,0,0.0,0,0,4,0.3011,0,6.52,-1.2,0,0,0.5111,0
0.9361,0,0.0,0,0,1,0.0694,0,7.76,0.09,0,0,0.5377,0
0.7249,3,0.1579,0,2,1,0.4484,1,7.4,-1.4,0,0,0.513,0
0.9609,1,0.05,0,1,2,0.0366,1,8.15,-0.72,0,0,0.4583,0
0.9042,2,0.0741,0,1,0,0.051,1,7.63,0.07,0,0,0.3998,0
0.7683,4,0.1667,0,0,7,0.554,0,7.22,-0.29,1,25,0.05,0
0.5365,3,0.3333,1,3,6,0.2507,1,5.67,-1.0,0,0,0.4967,1
0.9793,0,0.0,0,0,2,0.218,0,7.62,-0.08,0,0,0.7281,0
0.6949,1,0.1667,0,0,8,0.6999,1,4.31,-1.33,1,26,0.3442,1
0.7631,6,0.2,0,2,10,0.315,1,6.5,-0.36,0,0,0.6327,1
0.4543,6,0.2857,1,3,16,0.7563,2,5.75,-1.92,1,35,0.6999,1
0.5732,4,0.3077,3,2,19,0.9374,4,3.61,-1.84,1,19,0.0676,1
1.0,0,0.0,0,0,0,0.0266,0,7.84,0.05,0,0,0.2211,0
0.8763,1,0.0714,0,1,11,0.0894,0,7.35,-0.04,0,0,0.0887,0
0.4402,4,0.5,2,4,7,0.4824,1,2.58,-1.06,1,33,0.4128,1
0.6256,6,0.3,1,2,13,0.2495,0,5.42,-0.56,0,0,0.4554,1
0.7501,2,0.1429,0,2,7,0.2212,1,5.74,-0.41,1,7,0.8594,0
0.322,14,0.5185,1,8,20,0.2811,0,4.35,-1.51,0,0,0.4252,1
0.8766,2,0.087,0,1,18,0.22,1,8.46,0.11,0,0,0.2513,0
0.5776,2,0.4,2,1,16,0.253,0,5.8,-0.97,1,19,0.3155,1
0.8147,2,0.1818,0,0,15,0.3106,2,5.17,-0.69,0,0,0.8425,0
0.855,3,0.15,1,1,2,0.1113,0,7.89,-1.35,0,0,0.5904,0
0.5908,4,0.3333,2,2,6,0.5211,0,5.89,-1.04,0,0,0.4601,1
0.7286,3,0.1875,1,1,16,0.504,1,7.59,-0.52,0,0,0.6389,1
0.9212,1,0.1,0,0,2,0.053,0,7.78,-0.56,0,0,0.307,0
0.8772,1,0.0833,1,1,6,0.6601,2,6.15,-0.98,1,1,0.1987,1
0.9488,0,0.0,0,0,3,0.0294,0,7.01,0.16,0,0,0.1587,0
0.8371,3,0.125,1,3,11,0.418,3,6.38,-0.19,0,0,0.7441,1
0.9823,0,0.0,1,0,3,0.22,1,7.05,-0.24,0,0,0.704,0
0.7447,1,0.2,0,1,20,0.4617,3,4.83,-1.1,0,0,0.8016,1
0.805,1,0.1,3,0,5,0.2018,1,4.24,-1.21,1,5,0.5593,0
0.9364,0,0.0,0,0,0,0.0246,0,8.72,0.46,0,0,0.2372,0
0.9146,2,0.08,2,2,0,0.5715,1,5.26,-0.73,0,0,0.3031,0
0.661,2,0.2857,1,2,19,0.474,2,7.71,-0.76,0,0,0.4213,0
0.8597,2,0.0667,1,2,1,0.5605,1,7.85,-1.4,0,0,0.2594,0
0.3812,8,0.3636,2,5,2,0.6231,3,5.63,-1.42,0,0,0.4436,1
0.8952,0,0.0,1,0,16,0.1723,2,7.02,-1.01,0,0,0.2905,0
0.7575,3,0.1364,2,0,1,0.1338,0,7.27,-1.16,1,30,0.4703,1
0.8925,2,0.087,0,0,11,0.0377,1,9.02,-0.38,0,0,0.3758,0
0.7516,1,0.1667,0,1,20,0.3946,2,7.3,-1.08,0,0,0.4939,0
0.7952,4,0.1739,0,0,3,0.1547,0,6.51,-0.19,0,0,0.689,0
0.9131,1,0.0588,0,0,2,0.0496,0,8.25,0.5,0,0,0.5072,0
0.9145,1,0.0625,0,0,0,0.2184,0,7.34,0.15,0,0,0.815,0
0.6915,6,0.2308,3,2,13,0.6225,3,5.25,-0.94,0,0,0.3533,1
0.5851,5,0.3125,0,4,13,0.7484,2,3.83,-1.7,1,43,0.4726,1
0.9555,0,0.0,0,0,3,0.5708,1,5.17,-0.91,0,0,0.1736,0
0.7784,2,0.1818,1,0,10,0.1981,2,7.3,-0.75,0,0,0.5466,0
0.4005,7,0.5,7,5,5,0.8942,4,4.71,-1.65,0,0,0.5717,1
0.6302,2,0.2222,0,2,6,0.5496,1,4.77,-1.54,0,0,0.6157,1
0.7609,3,0.1579,0,2,8,0.2822,1,8.64,-0.7,0,0,0.6692,1
0.8179,2,0.1,1,2,2,0.2018,0,7.61,-0.37,0,0,0.3766,0
0.6912,5,0.2632,1,3,15,0.3201,1,4.26,-1.18,0,0,0.2706,1
0.9109,1,0.05,0,1,3,0.0498,1,8.96,-0.18,0,0,0.6427,0
0.5513,2,0.2857,1,0,12,0.4711,4,5.55,-1.34,1,43,0.3648,1
0.9593,0,0.0,0,0,3,0.0051,0,7.04,0.95,0,0,0.4239,0
0.8394,4,0.1379,0,2,5,0.3822,1,5.73,-1.13,0,0,0.5644,0
0.692,1,0.125,1,1,9,0.3376,1,5.46,-1.04,1,27,0.6637,0
0.9528,1,0.0435,1,1,1,0.0423,0,7.98,-0.49,0,0,0.4418,0
0.7687,6,0.2222,2,3,16,0.5751,1,5.26,-0.67,0,0,0.634,1
0.9812,0,0.0,0,0,1,0.0334,0,9.61,0.1,0,0,0.3787,0
0.947,0,0.0,0,0,3,0.1121,0,7.79,-1.09,0,0,0.1562,0
0.6955,3,0.1875,1,1,14,0.3038,1,8.12,-0.25,0,0,0.4684,0
0.5505,3,0.2308,2,0,15,0.5598,2,6.55,-1.02,0,0,0.4748,1
0.8831,2,0.0667,0,0,15,0.0398,0,9.21,0.11,0,0,0.7065,0
0.8742,1,0.0769,0,1,3,0.0759,1,8.02,-0.87,0,0,0.4722,0
0.9006,1,0.0714,0,0,1,0.0454,0,9.33,0.5,0,0,0.6523,0
0.7019,1,0.125,1,1,16,0.3182,0,7.23,-0.99,0,0,0.8046,0
0.7983,2,0.1176,1,0,17,0.5368,1,4.58,-1.32,0,0,0.2788,1
0.9159,1,0.0345,1,1,3,0.0593,0,7.54,0.06,0,0,0.3906,0
0.8736,2,0.1,0,2,6,0.121,2,9.45,-1.22,0,0,0.5011,0
0.7481,2,0.1333,1,2,18,0.1885,0,6.26,-0.82,1,11,0.7155,1
0.8249,4,0.1379,0,0,2,0.0859,0,7.04,-0.28,0,0,0.5533,1
1.0,0,0.0,0,0,3,0.028,0,7.74,0.26,0,0,0.4795,0
0.8834,1,0.0588,0,1,7,0.0358,0,9.84,0.08,0,0,0.3621,0
0.734,4,0.2,1,3,5,0.4901,2,5.58,-1.58,1,6,0.425,1
1.0,0,0.0,0,0,2,0.2777,1,6.06,-0.28,0,0,0.8587,1
0.7243,5,0.2174,1,2,1,0.3829,2,7.95,-0.81,0,0,0.6656,1
0.89,2,0.0741,0,0,16,0.1326,1,4.6,0.32,1,37,0.5862,1
0.8939,0,0.0,1,0,17,0.1914,0,6.06,-0.51,1,23,0.3605,0
0.9167,1,0.0625,0,0,2,0.106,0,7.56,-0.85,0,0,0.7236,0
0.6859,5,0.2083,0,1,10,0.62,1,7.39,-0.91,1,9,0.2544,1
0.5178,10,0.4167,1,7,2,0.2869,1,5.39,-1.53,0,0,0.7138,1
0.8794,1,0.0417,0,1,7,0.0391,0,7.17,-0.78,0,0,0.4789,0
0.8217,1,0.1111,3,0,18,0.1608,0,7.78,-0.26,0,0,0.4277,0
0.9911,0,0.0,1,0,2,0.22,0,9.57,-0.81,0,0,0.432,0
0.766,3,0.1429,1,2,2,0.5147,2,4.39,-0.78,0,0,0.471,1
0.937,1,0.0833,0,0,3,0.0894,0,7.46,-0.7,0,0,0.7136,0
0.5711,6,0.3333,3,2,8,0.4973,0,5.3,-1.21,0,0,0.3919,1
0.5927,3,0.2727,0,3,15,0.7709,0,4.8,-1.43,0,0,0.1547,1
0.8174,1,0.1111,2,1,12,0.1546,0,4.86,-1.09,1,34,0.5928,1
0.9375,1,0.037,2,1,3,0.4878,2,4.89,-0.5,0,0,0.4797,1
0.9323,0,0.0,0,0,3,0.3521,0,7.26,-0.44,0,0,0.612,0
0.7728,2,0.25,0,0,9,0.097,0,5.8,0.28,0,0,0.6631,0
0.6581,7,0.2917,1,5,17,0.2681,0,8.34,-1.3,0,0,0.6845,1
0.5679,5,0.2778,0,1,11,0.5801,3,3.25,-1.43,0,0,0.5267,1
0.6438,6,0.2308,0,6,10,0.2822,1,3.57,-0.86,0,0,0.6769,1
0.8247,1,0.0833,1,1,19,0.3336,1,5.57,-0.93,0,0,0.453,0
0.6875,4,0.25,2,0,20,0.3355,1,4.96,-0.36,0,0,0.5738,1
0.705,7,0.2333,0,3,12,0.3139,1,7.38,-0.32,0,0,0.1945,1
0.4701,4,0.2857,3,3,19,0.8835,1,2.51,-2.01,0,0,0.1537,1
0.698,5,0.2174,1,2,5,0.3317,2,4.98,-1.06,0,0,0.281,0
0.4718,6,0.4615,3,2,20,0.4481,0,2.91,-1.65,0,0,0.3949,1
0.8787,0,0.0,1,0,13,0.3987,2,3.14,-1.07,0,0,0.638,0
0.9693,1,0.05,0,1,0,0.166,0,7.69,-0.32,0,0,0.5535,0
0.9875,0,0.0,0,0,0,0.2134,0,7.61,-1.44,0,0,0.2904,1
0.6442,4,0.1818,1,2,2,0.2789,0,7.51,-0.25,1,10,0.4979,1
0.7612,3,0.1765,0,2,19,0.0621,2,6.49,-0.74,0,0,0.3978,0
0.9042,1,0.0833,1,1,1,0.0411,0,7.53,-0.66,0,0,0.5804,0
0.6931,3,0.25,0,1,14,0.599,4,6.09,-0.49,0,0,0.856,1
0.6728,4,0.1905,0,2,4,0.4403,0,5.21,-1.1,0,0,0.1071,0
0.5734,4,0.25,0,3,7,0.503,1,6.1,-1.49,0,0,0.7181,1
0.5535,8,0.3636,2,2,14,0.4649,1,4.29,-0.94,0,0,0.6949,1
0.2394,2,0.5,0,1,19,0.7142,3,1.8,-1.45,0,0,0.2208,1
0.4827,3,0.25,3,1,20,0.4749,3,7.82,-0.89,0,0,0.4328,1
0.5835,5,0.2632,0,1,3,0.6141,2,4.31,-1.61,1,36,0.7883,1
0.762,2,0.2,2,2,8,0.6046,2,4.12,-1.25,0,0,0.6121,1
0.6145,8,0.2759,1,4,2,0.5508,2,4.44,-0.74,1,23,0.6384,1
0.7468,1,0.2,0,0,3,0.2176,0,6.17,-0.15,0,0,0.5721,0
0.9775,0,0.0,1,0,2,0.2926,2,8.25,0.11,0,0,0.2258,0
0.79,2,0.1176,0,0,5,0.2677,1,6.71,-0.42,0,0,0.5634,0
0.5159,4,0.2667,0,1,15,0.4096,0,4.35,-0.94,0,0,0.5408,1
0.8142,1,0.1111,1,1,11,0.0685,1,7.04,-0.53,0,0,0.7685,1
0.5749,6,0.2609,0,2,3,0.6786,3,5.23,-1.89,0,0,0.3001,1
0.8103,2,0.1111,0,1,10,0.5869,0,2.88,-1.53,1,41,0.7551,1
0.763,1,0.1667,0,0,9,0.1684,0,7.65,-0.74,1,6,0.764,1
0.827,4,0.1538,1,1,17,0.1374,0,7.72,-0.07,1,35,0.3897,0
0.6113,2,0.2857,0,1,12,0.4034,0,6.47,-1.18,0,0,0.871,0
0.7704,4,0.1481,0,4,20,0.1198,0,7.63,-0.93,0,0,0.16,0
0.6574,5,0.2778,0,3,2,0.7718,1,6.3,-2.09,0,0,0.5399,1
0.8364,2,0.0909,0,1,17,0.3587,0,6.14,-0.44,0,0,0.8148,0
0.9287,1,0.0345,0,1,2,0.2043,0,8.11,-1.18,0,0,0.4511,0
0.5485,10,0.3448,2,2,19,0.3846,1,4.02,-1.9,0,0,0.3632,1
0.8506,2,0.1333,0,0,17,0.3,2,7.01,0.25,1,18,0.5298,0
0.8719,3,0.1,1,0,2,0.2097,3,8.69,-1.12,0,0,0.4147,0
0.935,0,0.0,0,0,3,0.0456,0,9.53,0.25,0,0,0.8061,0
0.4496,3,0.5,1,2,6,0.7981,1,4.96,-1.43,0,0,0.4107,1
0.7795,2,0.1111,0,0,1,0.1287,1,7.67,-0.36,0,0,0.5553,0
0.8791,1,0.0556,0,1,14,0.1108,0,8.2,-0.35,0,0,0.4457,0
0.6708,2,0.1667,1,2,12,0.3317,0,3.78,-0.71,0,0,0.3507,1
0.708,2,0.1667,0,1,5,0.4393,0,5.11,-0.99,1,29,0.3741,1
0.6645,3,0.15,0,2,1,0.7845,0,5.24,-0.79,0,0,0.3191,1
0.9581,1,0.037,0,1,2,0.1461,1,6.18,-1.53,0,0,0.7681,1
0.6132,7,0.2593,2,5,6,0.74,1,4.68,-1.28,1,13,0.1281,1
0.9375,1,0.0435,0,1,2,0.042,0,8.37,-0.03,0,0,0.5039,0
0.7469,4,0.1429,0,3,1,0.4672,1,6.56,-1.61,0,0,0.8644,1
0.7796,1,0.1667,0,0,14,0.1782,2,5.55,0.43,0,0,0.4983,0
1.0,0,0.0,0,0,3,0.22,1,8.03,-0.71,0,0,0.6025,0
0.9447,0,0.0,0,0,0,0.3378,2,6.09,-1.96,1,12,0.3712,0
0.744,5,0.2,1,5,17,0.1813,1,8.66,-0.79,0,0,0.7154,1
0.9497,0,0.0,0,0,2,0.0583,0,7.5,-0.12,0,0,0.4773,1
0.9377,1,0.0556,0,0,0,0.0541,1,8.81,-0.65,0,0,0.6025,0
0.7565,3,0.2308,1,2,18,0.5114,2,4.08,-0.63,0,0,0.1958,1
1.0,0,0.0,0,0,3,0.4766,1,6.75,-1.19,0,0,0.6008,0
0.4324,5,0.2632,2,1,15,0.6193,3,5.31,-1.45,0,0,0.4502,1
0.9296,1,0.0625,0,1,1,0.0177,0,8.43,-0.56,0,0,0.535,0
0.7711,2,0.1,3,2,12,0.2636,1,6.59,0.2,0,0,0.7073,1
0.8524,2,0.1,0,0,11,0.1795,1,6.78,-0.12,1,19,0.1542,1
0.8587,1,0.0769,1,0,3,0.2452,2,3.82,-1.09,0,0,0.4539,0
0.6836,4,0.2105,0,4,8,0.2286,0,3.83,-0.61,0,0,0.6485,1
0.7476,1,0.1111,1,0,11,0.3962,2,5.96,-0.89,1,36,0.5576,1
0.2265,11,0.3793,0,5,7,0.6786,5,3.21,-2.26,0,0,0.3156,1
0.7529,6,0.2069,0,4,4,0.4086,1,5.86,0.53,0,0,0.2086,0
0.7084,3,0.3,1,1,6,0.4005,2,7.94,-0.6,0,0,0.7103,0
0.8012,2,0.1111,0,0,9,0.3341,1,6.65,-1.24,0,0,0.8091,1
0.8799,1,0.0909,0,0,1,0.3668,0,7.32,-1.98,0,0,0.4678,0
0.8957,0,0.0,0,0,16,0.188,1,7.56,-0.74,0,0,0.3382,0
0.8697,2,0.1111,0,0,10,0.1916,1,7.81,-0.81,0,0,0.7036,0
0.7284,2,0.1429,2,0,5,0.4584,3,4.64,-0.9,0,0,0.4115,0
0.7041,4,0.1429,1,4,18,0.487,3,5.69,-1.35,0,0,0.1419,1
0.7417,1,0.1,0,1,4,0.2126,1,7.09,-0.54,0,0,0.4971,0
0.5705,6,0.24,0,1,11,0.768,3,5.81,-1.31,0,0,0.5537,1
0.7101,5,0.1923,0,5,12,0.541,1,8.76,-1.09,0,0,0.7811,1
0.7299,5,0.1852,0,4,18,0.306,1,5.04,-1.21,0,0,0.402,1
0.9794,0,0.0,0,0,1,0.0438,0,7.8,0.09,0,0,0.7293,0
0.9496,1,0.0667,0,0,1,0.0976,0,7.57,-0.07,0,0,0.3786,0
0.9287,1,0.0385,0,0,0,0.3481,0,7.94,-1.29,0,0,0.6386,0
0.3374,5,0.3846,2,4,15,0.5061,0,4.29,-1.23,1,4,0.6019,1
0.9325,1,0.0333,0,1,0,0.1312,0,7.35,-0.65,0,0,0.3217,0
0.9015,1,0.0625,1,1,1,0.2147,2,8.17,-1.27,0,0,0.2516,0
0.4437,9,0.3333,2,5,20,0.4488,1,5.05,-1.29,0,0,0.5387,1
0.9067,2,0.0667,2,1,0,0.1207,0,8.0,-0.4,0,0,0.7964,0
0.9238,1,0.0435,0,1,3,0.2048,1,7.2,0.22,0,0,0.4979,0
0.7671,2,0.1538,1,2,5,0.4142,3,5.51,-0.4,0,0,0.5153,1
0.9323,0,0.0,0,0,2,0.0951,0,8.9,0.02,0,0,0.4043,0
0.7871,1,0.25,0,0,6,0.4535,2,8.09,-0.0,0,0,0.1512,0
0.7516,5,0.2,1,2,8,0.2115,0,6.95,-0.29,0,0,0.6004,0
0.933,1,0.04,1,1,2,0.7,1,6.93,-1.13,1,17,0.4704,1
0.9646,0,0.0,0,0,2,0.1234,1,7.91,-0.33,0,0,0.829,0
0.5943,4,0.3636,3,1,12,0.3373,3,4.62,-1.37,1,23,0.2875,1
0.8117,3,0.1,0,1,6,0.3698,3,7.45,-1.11,0,0,0.7968,1
0.9061,1,0.0435,0,0,2,0.0361,0,8.56,-0.0,0,0,0.7119,0
0.9635,1,0.0455,0,1,1,0.0831,0,7.46,0.21,0,0,0.301,0
0.7074,5,0.2273,3,5,19,0.4838,2,5.35,-0.7,0,0,0.5168,1
0.2581,8,0.6154,1,6,19,0.7554,0,2.91,-2.4,1,32,0.3789,1
0.5503,7,0.3182,1,2,17,0.5272,1,5.46,-1.73,1,43,0.7084,1
0.7208,1,0.1429,2,0,2,0.4746,3,5.07,-1.4,0,0,0.7208,1
0.731,3,0.1304,0,1,17,0.4012,2,7.15,-0.59,0,0,0.306,0
0.837,2,0.1429,1,1,4,0.1715,0,6.93,-1.63,0,0,0.8864,1
0.7533,2,0.25,0,2,8,0.2877,2,7.37,-0.17,0,0,0.6122,0
0.5389,7,0.3182,0,1,9,0.5238,0,3.55,-0.89,1,14,0.9668,1
0.8028,3,0.12,2,2,1,0.69,3,3.95,-0.63,1,2,0.5453,1
0.7958,1,0.2,1,0,13,0.34,1,6.39,-0.69,0,0,0.5321,0
0.7059,5,0.2273,2,2,2,0.4698,3,6.76,-1.41,0,0,0.3403,0
0.9628,0,0.0,0,0,0,0.0947,0,8.75,0.6,0,0,0.8535,0
0.5179,4,0.3636,3,3,15,0.7737,4,3.68,-1.64,0,0,0.092,1
0.8598,1,0.125,0,0,18,0.2551,0,5.84,-0.99,1,9,0.7839,1
0.8256,3,0.1154,2,1,19,0.3089,3,7.83,-0.84,0,0,0.4927,0
1.0,0,0.0,0,0,3,0.082,0,7.45,-0.03,0,0,0.3633,0
0.4272,3,0.3333,3,2,12,0.4922,3,6.37,-1.45,0,0,0.5148,1
0.7796,2,0.0952,2,0,18,0.3868,2,6.03,-1.21,0,0,0.2285,1
0.6925,6,0.2069,2,4,5,0.0923,1,7.5,-0.74,0,0,0.1112,0
0.5837,3,0.3333,0,1,8,0.7507,4,4.19,-1.96,1,38,0.5686,1
0.6999,2,0.1818,1,1,14,0.4804,1,5.47,-1.01,0,0,0.4514,1
0.6683,2,0.3333,2,1,11,0.2749,2,4.9,-0.42,0,0,0.7913,0
0.8591,2,0.1,0,0,20,0.2537,1,4.76,-0.44,0,0,0.5209,0
0.6478,1,0.25,1,0,1,0.871,1,7.06,-2.54,1,3,0.6416,1
0.7873,1,0.1667,0,1,1,0.1174,0,6.31,-0.5,0,0,0.5342,0
0.8852,1,0.0833,0,1,6,0.052,0,8.59,0.07,0,0,0.4515,0
0.4677,11,0.3929,0,6,12,0.467,3,5.51,-1.34,1,10,0.7033,1
0.9367,1,0.0476,0,0,1,0.3542,1,8.75,0.02,0,0,0.6584,1
0.2992,6,0.3333,2,3,15,0.7514,4,4.34,-2.36,0,0,0.3535,1
0.9681,0,0.0,0,0,2,0.7101,4,4.84,-0.87,0,0,0.3327,1
1.0,0,0.0,0,0,2,0.113,0,8.21,-0.14,0,0,0.4368,0
0.7789,2,0.1176,0,2,1,0.4106,1,6.73,-0.52,1,13,0.4058,1
0.6857,5,0.2632,1,1,10,0.4958,1,4.87,-2.06,1,16,0.765,1
0.2897,10,0.3333,3,6,3,0.844,4,3.77,-3.17,0,0,0.4726,1
0.7526,1,0.1,1,1,15,0.3328,0,6.28,-1.18,0,0,0.2732,0
0.7224,3,0.2,0,1,9,0.1642,1,8.12,-1.07,1,5,0.3702,0
0.8908,2,0.0909,1,1,10,0.3899,2,6.45,0.05,0,0,0.7271,0
0.7724,1,0.1667,2,1,16,0.3092,1,8.25,-1.05,0,0,0.3953,0
0.7225,2,0.2222,0,2,12,0.0696,0,6.93,-0.62,0,0,0.4331,0
0.908,1,0.037,1,0,2,0.2185,2,8.12,0.15,0,0,0.5493,0
1.0,0,0.0,0,0,1,0.0696,0,7.71,-0.05,0,0,0.543,0
0.804,2,0.1538,2,0,1,0.2618,0,5.07,-1.09,0,0,0.587,0
0.6763,5,0.2083,0,5,11,0.3048,0,5.15,-0.45,0,0,0.6124,1
0.796,1,0.0833,0,0,16,0.2362,0,5.49,-0.58,0,0,0.4821,0
0.8132,3,0.1154,0,1,8,0.3206,0,5.36,0.01,0,0,0.6738,0
1.0,0,0.0,0,0,2,0.0039,0,6.81,-0.01,0,0,0.7208,0
0.9524,0,0.0,0,0,3,0.024,0,8.73,-0.01,0,0,0.6659,0
0.8605,2,0.0833,0,1,5,0.5059,1,5.8,-0.94,0,0,0.6116,0
0.9593,1,0.0345,0,0,2,0.6187,2,5.19,-1.2,0,0,0.7237,1
0.8986,1,0.0769,0,0,12,0.22,1,7.33,0.27,0,0,0.8021,0
0.3473,2,0.3333,1,1,18,0.8486,2,3.63,-2.92,0,0,0.7141,1
0.9848,0,0.0,0,0,2,0.0148,0,7.8,-0.12,0,0,0.5185,0
0.946,0,0.0,0,0,1,0.0198,1,8.13,0.23,0,0,0.4294,0
0.9411,1,0.0385,0,0,3,0.0919,0,8.16,-0.36,0,0,0.7762,1
0.6818,4,0.25,1,1,14,0.5089,1,5.95,-1.71,1,21,0.6702,1
0.6297,5,0.2941,2,3,5,0.4448,1,5.2,-1.86,0,0,0.6456,1
0.7208,1,0.25,1,0,1,0.5471,1,5.07,-1.01,0,0,0.5517,1
0.894,1,0.1111,0,1,2,0.0525,0,8.96,-1.77,0,0,0.5413,0
0.7382,3,0.1875,0,1,15,0.4873,1,6.95,-1.04,0,0,0.408,1
0.8737,1,0.0435,0,1,16,0.1992,0,6.35,-0.92,0,0,0.5823,1
0.5428,1,0.2,3,1,2,0.15,0,6.58,-1.11,0,0,0.2493,0
0.8684,2,0.1333,1,2,11,0.1143,1,9.23,-0.44,0,0,0.3905,0
0.9603,1,0.0385,0,0,1,0.0422,0,8.95,-0.25,0,0,0.824,0
0.9339,0,0.0,0,0,0,0.0268,0,8.92,-0.81,0,0,0.5512,0
0.9389,1,0.0417,0,1,2,0.4211,1,6.66,-0.3,1,12,0.6414,0
0.7116,3,0.2,0,1,17,0.0931,0,7.23,-0.23,0,0,0.449,1
0.837,3,0.1034,0,3,4,0.4497,2,7.31,-1.39,0,0,0.2116,0
0.7772,3,0.15,2,1,1,0.0534,0,5.79,-0.55,0,0,0.1739,1
0.7093,6,0.2222,4,1,16,0.1315,1,3.94,-0.39,0,0,0.2709,1
0.7112,4,0.16,0,0,2,0.3571,0,4.75,-0.77,1,32,0.3193,1
0.8616,2,0.0714,0,1,2,0.242,2,6.97,-0.76,0,0,0.405,1
0.8768,3,0.1154,0,2,14,0.1887,2,7.2,-0.8,0,0,0.6732,1
0.4171,10,0.3448,0,5,16,0.2093,1,3.76,-1.91,0,0,0.2809,1
0.7405,3,0.1875,2,1,5,0.2835,0,7.39,-1.36,0,0,0.6931,0
0.8652,1,0.0909,0,0,9,0.2262,0,6.06,-0.4,1,40,0.2867,0
0.8902,2,0.1,0,0,2,0.22,0,6.29,0.18,0,0,0.6124,0
0.6774,2,0.2,1,1,5,0.3087,2,4.75,-0.98,0,0,0.2121,1
0.74,2,0.2,0,2,10,0.2253,0,5.27,-0.91,1,17,0.3101,1
0.8543,1,0.1429,0,1,18,0.3809,0,6.74,-0.4,0,0,0.4604,0
0.7347,5,0.2,0,3,1,0.5101,1,2.4,-1.0,1,24,0.7912,1
0.7649,3,0.1765,1,3,12,0.4818,4,7.0,-0.41,0,0,0.4064,1
0.7058,4,0.2353,1,4,3,0.4877,0,6.38,-1.0,0,0,0.4934,1
0.57,9,0.3103,2,4,9,0.6697,2,4.8,-2.48,1,23,0.4009,1
0.5865,1,0.25,0,0,13,0.4737,2,5.62,-1.05,0,0,0.0823,1
0.9822,0,0.0,0,0,3,0.1817,0,8.82,-1.0,0,0,0.1358,0
0.9175,1,0.0833,1,0,0,0.0,0,8.79,-0.3,0,0,0.4648,0
0.9001,0,0.0,0,0,3,0.1514,0,9.72,-0.45,0,0,0.2709,0
0.8642,2,0.08,0,2,3,0.6367,0,5.56,-1.05,1,40,0.6149,1
1.0,0,0.0,0,0,2,0.0209,0,7.46,0.27,0,0,0.2435,0
0.8432,1,0.0909,0,1,17,0.4802,2,5.07,-0.77,0,0,0.5861,1
0.5945,5,0.1923,1,3,16,0.2552,0,7.29,-0.92,1,30,0.4666,1
0.7265,6,0.2308,0,3,9,0.4621,1,6.41,-1.06,1,20,0.6262,1
0.7775,2,0.1053,0,0,1,0.3455,0,5.75,-0.31,0,0,0.2006,0
0.8716,2,0.1053,0,0,19,0.62,5,6.2,-1.11,0,0,0.4588,0
0.7452,4,0.1818,2,4,4,0.3696,2,8.83,-0.33,0,0,0.1518,1
0.8967,2,0.1,0,2,16,0.4117,1,6.85,-0.57,0,0,0.2919,1
0.6743,3,0.2143,0,3,19,0.5706,3,5.76,-0.72,0,0,0.2483,1
0.7541,2,0.1429,0,0,5,0.1266,0,8.41,0.59,0,0,0.3532,0
0.7606,1,0.125,1,0,5,0.0494,0,8.36,-0.71,0,0,0.3533,0
0.9581,1,0.0588,0,0,1,0.4192,0,9.43,-0.78,0,0,0.3763,0
0.6193,6,0.2,3,2,20,0.436,0,7.34,-0.93,1,21,0.7375,1
1.0,0,0.0,0,0,1,0.0242,0,10.0,0.72,0,0,0.4704,0
0.7314,5,0.2381,1,1,9,0.2801,0,5.22,-1.07,0,0,0.201,1
0.8438,1,0.125,0,1,14,0.03,0,7.16,0.36,0,0,0.8101,1
0.8179,4,0.1429,0,3,12,0.0959,1,8.09,-1.31,0,0,0.2751,0
0.9326,1,0.0385,0,0,2,0.0666,0,8.29,-0.29,0,0,0.4141,0
0.5068,8,0.4,1,4,17,0.1126,0,7.67,-0.51,0,0,0.6525,1
0.6162,7,0.2414,1,5,1,0.474,2,4.39,-1.65,0,0,0.7685,1
0.7224,3,0.15,0,0,7,0.4069,1,4.66,-1.41,1,27,0.7932,1
0.8481,2,0.1111,1,2,8,0.2303,1,7.97,-0.36,1,11,0.3854,1
0.9572,1,0.0417,0,1,3,0.044,1,7.72,-0.28,0,0,0.1407,0
0.7113,5,0.1786,0,1,3,0.1228,3,7.85,-0.51,0,0,0.693,0
0.7503,5,0.1667,1,3,11,0.261,0,7.15,-1.2,0,0,0.4723,1
0.3471,6,0.3158,0,4,13,0.7395,4,4.53,-2.06,1,43,0.4358,1
0.6827,2,0.3333,0,0,9,0.2308,0,4.78,-0.43,1,27,0.3447,0
0.6107,3,0.3333,0,2,1,0.0788,0,6.69,-0.73,1,34,0.5727,1
0.9636,1,0.0333,0,0,1,0.3905,1,4.36,-0.62,0,0,0.1707,1
0.6907,1,0.1,0,0,3,0.2894,0,4.45,-1.12,1,44,0.4629,1
0.5246,3,0.3333,1,1,7,0.2749,0,7.85,-0.85,0,0,0.4573,0
0.3556,8,0.3077,2,3,4,0.1782,0,4.92,-0.77,1,10,0.5435,1
0.7175,1,0.25,0,1,6,0.1967,0,7.04,-0.97,0,0,0.3068,0
0.7269,4,0.1667,1,3,18,0.2343,0,3.99,-0.1,0,0,0.6286,1
0.8646,3,0.1111,0,2,13,0.3483,0,7.62,-0.94,0,0,0.7379,0
0.8719,0,0.0,1,0,16,0.0012,0,8.11,-0.21,0,0,0.5954,0
0.7267,4,0.2105,1,2,4,0.4817,6,7.56,-0.31,0,0,0.3106,1
0.5772,3,0.3,0,3,12,0.4173,2,2.72,-0.53,0,0,0.5663,1
0.5264,3,0.25,3,2,2,0.583,0,4.41,-1.45,0,0,0.8419,1
0.6906,1,0.25,1,1,10,0.3175,2,6.7,-0.99,1,20,0.3607,1
0.8699,1,0.05,0,1,2,0.2272,1,6.63,-0.11,0,0,0.5712,0
1.0,0,0.0,0,0,1,0.501,0,6.14,-0.89,0,0,0.3721,0
0.9419,1,0.04,0,1,3,0.0662,0,7.29,-1.5,0,0,0.3864,0
0.7608,1,0.0909,1,1,14,0.62,1,7.54,-1.97,0,0,0.4618,0
0.4302,3,0.3333,1,2,16,0.4887,1,1.73,-1.7,0,0,0.3487,1
0.8984,1,0.0909,0,1,20,0.1391,0,9.5,-1.11,0,0,0.2354,1
0.8369,1,0.1111,1,0,3,0.281,1,7.46,-0.3,0,0,0.2199,1
0.7748,3,0.1579,0,1,10,0.3015,1,8.54,-0.2,0,0,0.366,1
0.7053,2,0.1667,0,1,11,0.3194,0,4.18,0.27,0,0,0.5905,0
0.9215,1,0.0769,0,1,2,0.0021,0,6.67,-0.9,0,0,0.4892,0
0.9589,1,0.037,0,0,0,0.1026,0,7.95,-0.36,0,0,0.1527,0
0.7323,1,0.1667,0,1,5,0.1986,0,6.96,0.44,0,0,0.1609,0
0.9882,0,0.0,1,0,1,0.3141,1,4.56,-0.07,0,0,0.3781,1
0.6721,3,0.1364,1,3,9,0.386,2,6.99,-0.55,0,0,0.6303,0
0.3899,8,0.3478,1,2,5,0.3578,3,5.07,-0.31,0,0,0.2025,1
0.8821,3,0.1034,0,2,7,0.3093,1,7.64,-0.95,0,0,0.5273,1
0.9433,1,0.0833,1,1,2,0.1867,1,8.57,-0.95,0,0,0.547,0
0.7362,4,0.1481,1,4,15,0.232,0,4.22,-0.88,1,29,0.713,1
0.8959,1,0.0769,0,1,9,0.0102,1,7.93,0.31,0,0,0.611,0
0.9546,1,0.0556,0,0,1,0.1205,0,8.6,0.19,0,0,0.2842,0
0.9653,1,0.0357,0,1,1,0.22,0,8.58,-1.22,0,0,0.5755,0
0.6961,2,0.1333,0,0,3,0.2104,0,5.92,-0.2,0,0,0.4809,1
0.928,0,0.0,0,0,0,0.213,0,8.08,-0.02,0,0,0.6164,0
0.2617,10,0.4545,3,10,4,0.6848,2,3.68,-1.79,1,25,0.8433,1
0.7163,1,0.2,1,0,14,0.1669,0,5.75,-0.82,0,0,0.4493,0
0.4595,11,0.44,0,8,20,0.8197,1,3.46,-2.8,0,0,0.5729,1
0.7349,5,0.1852,2,5,16,0.3208,0,7.2,0.03,0,0,0.7656,1
0.6818,3,0.2143,2,2,1,0.1062,0,7.14,-0.0,0,0,0.8523,1
0.8721,0,0.0,1,0,6,0.2514,0,8.0,-0.18,0,0,0.6692,0
0.8962,2,0.0769,0,0,12,0.4479,3,8.57,-0.23,0,0,0.4181,0
0.5344,2,0.4,1,0,11,0.7561,3,4.11,-1.98,1,20,0.4301,1
0.9326,0,0.0,0,0,2,0.1327,0,8.6,0.07,0,0,0.5358,0
0.8849,1,0.1429,2,1,10,0.4011,1,5.35,-1.47,0,0,0.7892,0
0.9591,1,0.0333,0,0,1,0.0925,0,8.44,-0.42,0,0,0.6725,0
0.9255,1,0.0417,0,1,2,0.1803,0,7.7,-0.25,0,0,0.4231,0
0.882,1,0.1667,0,0,6,0.4429,2,4.93,-1.12,0,0,0.3168,1
0.7844,4,0.1538,0,4,9,0.2003,0,6.82,-1.35,0,0,0.5207,0
0.9898,0,0.0,0,0,2,0.1387,1,8.93,-0.36,0,0,0.7239,0
0.8607,1,0.0769,2,1,10,0.2268,1,3.28,-0.21,0,0,0.2334,1
0.689,6,0.3,0,3,18,0.4588,2,5.07,-0.47,0,0,0.6285,1
0.9428,1,0.0556,0,1,1,0.3419,1,8.76,0.41,0,0,0.2265,0
0.9956,0,0.0,0,0,3,0.1853,0,6.25,-0.58,1,45,0.5286,1
0.3686,6,0.5,0,5,7,0.4576,0,4.17,-1.58,0,0,0.4159,1
0.9459,0,0.0,1,0,2,0.0502,0,7.65,0.04,0,0,0.4471,0
0.9118,1,0.0357,0,1,3,0.0344,0,8.7,0.43,0,0,0.4981,0
0.7501,5,0.2174,1,5,3,0.3781,2,6.4,-0.64,0,0,0.4785,1
0.8815,2,0.1053,1,1,2,0.1069,0,9.02,0.05,0,0,0.6209,0
0.8792,0,0.0,0,0,15,0.4769,0,7.14,-1.17,0,0,0.301,1
0.7059,5,0.2083,0,3,20,0.3284,1,8.0,-1.59,0,0,0.2697,1
0.8951,0,0.0,0,0,6,0.1078,0,8.77,0.37,0,0,0.8224,0
0.5272,6,0.24,0,3,1,0.2513,0,4.5,-1.75,0,0,0.7499,1
0.7579,5,0.2174,1,4,4,0.2887,2,7.69,0.02,1,18,0.3587,1
1.0,0,0.0,0,0,1,0.497,2,5.06,-0.87,1,38,0.3373,1
0.8724,1,0.125,0,1,6,0.2166,1,5.63,-0.67,0,0,0.2719,0
0.6826,6,0.2143,1,3,14,0.2103,0,7.56,-1.41,0,0,0.4791,1
0.5687,6,0.2727,1,4,13,0.5397,1,5.97,-1.97,0,0,0.166,1
0.8181,3,0.1034,1,0,20,0.3043,1,7.14,-1.5,1,10,0.25,1
0.9073,1,0.0667,2,0,2,0.123,0,6.34,0.17,0,0,0.6893,0
0.7335,2,0.1053,1,0,2,0.3945,2,4.83,-1.25,0,0,0.8033,1
0.9506,0,0.0,1,0,2,0.2904,0,6.65,-0.28,0,0,0.6213,0
0.7891,1,0.0714,0,0,14,0.2311,0,6.78,-0.3,0,0,0.8802,1
0.979,0,0.0,0,0,2,0.22,0,7.42,-0.19,0,0,0.6575,0
0.5933,5,0.2381,0,5,1,0.514,2,6.66,-0.75,1,16,0.4108,1
0.943,0,0.0,1,0,3,0.0703,1,8.97,0.55,0,0,0.5791,0
0.9093,0,0.0,1,0,0,0.0885,0,7.87,-0.19,1,21,0.4859,0
0.5687,3,0.2308,0,3,6,0.482,1,7.47,-0.83,0,0,0.2597,1
0.7479,6,0.2,0,2,14,0.0896,1,7.01,0.02,0,0,0.5299,0
0.9887,0,0.0,0,0,2,0.1776,1,7.2,-0.7,0,0,0.7891,0
0.7786,3,0.1304,0,1,12,0.0833,0,9.83,-0.3,0,0,0.3586,0
0.8261,1,0.1,0,1,20,0.3397,1,7.97,-0.13,0,0,0.5503,0
0.9009,1,0.037,0,1,1,0.0721,0,8.13,-0.43,0,0,0.3628,0
0.8331,3,0.1,0,3,11,0.2178,1,5.85,0.39,0,0,0.7313,0
0.9203,2,0.0741,0,2,0,0.0474,0,8.41,0.15,0,0,0.7413,0
0.9311,1,0.0526,0,1,0,0.0597,0,8.74,-0.7,0,0,0.2492,0
0.8756,1,0.1111,0,1,16,0.5139,0,6.49,-0.82,1,34,0.7787,1
0.7946,2,0.1176,0,1,10,0.3708,0,8.63,-0.79,1,3,0.4562,1
0.7496,1,0.1111,1,1,2,0.2691,1,6.23,-1.04,0,0,0.5964,0
0.8916,2,0.0833,1,2,14,0.0644,1,7.93,0.27,0,0,0.1804,0
0.6668,6,0.2727,2,2,11,0.4076,2,5.71,-0.46,1,31,0.2898,0
0.8306,2,0.125,2,2,1,0.3158,3,5.16,-0.4,0,0,0.4096,0
0.729,2,0.1333,1,1,19,0.2744,1,4.74,-0.96,0,0,0.6111,1
0.7524,3,0.2308,1,0,2,0.0516,0,5.45,0.14,0,0,0.5921,0
0.939,0,0.0,1,0,2,0.099,0,7.8,-1.92,0,0,0.5838,0
0.8916,0,0.0,0,0,19,0.0186,0,6.98,-0.1,0,0,0.7541,0
0.7018,5,0.1923,2,0,7,0.1757,1,7.88,-0.2,0,0,0.7769,0
0.8312,1,0.25,0,0,16,0.5701,0,6.69,-1.06,0,0,0.6597,0
0.8082,2,0.08,0,2,18,0.2972,0,6.41,-0.34,0,0,0.6924,0
0.7189,1,0.2,1,1,15,0.5766,2,5.4,-0.82,0,0,0.6494,1
0.9883,0,0.0,0,0,3,0.0308,0,8.29,0.39,0,0,0.7805,0
0.9823,0,0.0,0,0,1,0.0841,1,7.78,0.47,0,0,0.5149,0
0.7127,3,0.2143,2,3,12,0.5516,1,4.5,-1.35,1,23,0.2412,1
0.7761,2,0.1053,0,0,5,0.0563,0,7.48,-1.4,0,0,0.273,0
0.8292,1,0.1111,0,0,1,0.234,0,7.03,0.36,0,0,0.3834,0
0.8994,1,0.125,0,1,6,0.3879,1,5.98,-0.24,0,0,0.7869,0
0.3076,8,0.4706,3,5,5,0.6434,3,0.73,-2.23,1,28,0.4624,1
0.9654,0,0.0,0,0,1,0.0108,0,7.28,0.24,0,0,0.6719,0
0.8755,1,0.1,2,1,7,0.2421,0,5.26,-0.69,0,0,0.4402,0
0.7938,1,0.1111,0,0,10,0.2448,1,7.91,-0.93,0,0,0.6021,0
0.8038,2,0.0952,1,0,11,0.241,0,7.34,-0.67,0,0,0.6689,1
0.6539,1,0.25,1,0,1,0.5601,1,3.27,-1.31,0,0,0.7032,1
0.347,12,0.4138,0,6,1,0.5032,3,3.4,-1.56,0,0,0.5115,1
0.8691,1,0.0714,0,0,18,0.0988,0,6.72,0.33,1,18,0.5059,0
0.7736,4,0.1667,0,0,5,0.1966,0,7.59,-0.57,0,0,0.7481,1
0.6904,2,0.1538,1,1,5,0.553,6,5.22,-1.7,0,0,0.3049,1
0.6697,2,0.1429,1,0,9,0.0701,0,6.38,-0.52,0,0,0.7251,0
0.8248,2,0.1,1,1,18,0.2595,1,7.42,-0.39,0,0,0.5465,0
0.7955,2,0.1053,0,1,16,0.3378,1,6.45,-0.67,0,0,0.629,1
0.9686,0,0.0,0,0,2,0.1943,0,7.15,-0.9,0,0,0.2408,0
0.4218,9,0.45,6,1,2,0.7085,2,7.77,-1.47,0,0,0.4003,1
0.8292,2,0.1429,0,0,6,0.1302,0,6.5,-0.87,0,0,0.4697,0
0.8627,2,0.069,0,1,16,0.4782,0,6.74,-0.46,1,8,0.616,1
0.6103,3,0.3,0,0,3,0.4843,1,5.98,-1.35,0,0,0.1092,1
0.7155,1,0.1429,3,0,20,0.3175,0,5.93,-1.33,0,0,0.6441,0
0.765,2,0.2,0,0,15,0.3296,0,6.79,-1.72,0,0,0.7786,1
0.9499,1,0.0417,0,1,0,0.3933,2,8.69,-0.81,0,0,0.433,0
0.4232,8,0.5333,3,8,14,0.7292,2,5.48,-1.72,0,0,0.3316,1
0.619,6,0.2727,2,2,1,0.4953,4,3.11,-2.82,1,36,0.4834,1
0.3394,8,0.5,2,8,3,0.8799,4,3.9,-2.1,1,40,0.2447,1
0.9186,1,0.0833,0,1,3,0.0547,0,7.47,-0.2,0,0,0.3359,0
0.9234,1,0.0417,0,0,3,0.0341,0,7.39,-1.35,0,0,0.1743,0
0.9521,0,0.0,1,0,1,0.22,0,7.1,-1.2,0,0,0.6369,0
0.743,1,0.25,0,0,11,0.2856,1,4.76,-1.02,0,0,0.7875,0
0.4006,7,0.4667,3,4,15,0.8662,0,4.66,-2.58,0,0,0.7482,1
0.4087,4,0.3636,2,0,19,0.6407,1,4.03,-1.31,1,31,0.4219,1
0.888,1,0.0833,1,1,4,0.3573,2,8.42,-0.47,1,2,0.6493,1
0.9392,0,0.0,1,0,2,0.0719,0,8.24,0.13,0,0,0.6652,0
0.9034,2,0.0769,1,0,0,0.1537,0,6.57,-0.43,0,0,0.2096,0
0.9398,1,0.0714,0,0,3,0.1047,0,8.65,0.02,0,0,0.5307,0
0.9545,1,0.0435,1,1,1,0.1687,1,7.13,-0.07,0,0,0.6808,0
0.6459,3,0.1667,1,1,10,0.3967,4,4.65,-0.8,1,40,0.4706,1
0.9041,1,0.1111,0,0,1,0.1392,0,8.04,-0.35,0,0,0.5805,0
0.7637,1,0.125,2,0,18,0.095,1,6.31,-1.01,0,0,0.3984,1
0.6973,3,0.2,1,3,16,0.2759,0,7.41,-0.48,1,16,0.1857,1
0.8119,4,0.1333,0,4,16,0.5692,2,5.99,-0.96,1,5,0.31,1
0.833,1,0.0714,2,0,15,0.45,0,8.1,-1.85,0,0,0.2536,0
0.8393,2,0.1,2,1,11,0.2561,0,6.01,-0.42,0,0,0.5949,0
0.9033,1,0.0667,0,0,1,0.003,0,7.62,-0.05,0,0,0.3269,0
0.6259,5,0.3333,0,4,15,0.4515,2,7.75,-1.54,0,0,0.9212,1
0.8225,4,0.1379,1,4,20,0.0529,0,7.86,0.09,0,0,0.6397,1
0.9335,0,0.0,0,0,2,0.148,0,6.4,0.08,0,0,0.7809,1
0.8689,1,0.2,0,1,14,0.2682,1,9.0,-0.44,1,42,0.8268,1
0.9135,1,0.1,0,0,0,0.061,0,8.44,0.69,0,0,0.8411,0
0.9119,1,0.0769,0,1,3,0.0811,0,7.79,-0.02,0,0,0.6409,0
0.5795,5,0.2381,1,5,12,0.7632,3,2.55,-1.51,0,0,0.6321,1
0.7814,1,0.2,1,1,3,0.1828,0,6.74,-0.66,0,0,0.2895,0
0.7243,3,0.1304,1,2,7,0.4596,2,4.64,-0.25,0,0,0.0806,1
0.8011,1,0.0833,1,1,11,0.4438,1,6.98,-1.71,0,0,0.4871,0
0.728,2,0.1818,0,2,1,0.05,0,6.9,-0.58,0,0,0.129,0
0.88,2,0.0909,0,2,4,0.5826,1,4.31,-0.86,0,0,0.5097,1
0.6464,6,0.2609,0,4,2,0.3481,1,6.44,-1.4,0,0,0.494,1
0.977,0,0.0,0,0,1,0.22,0,9.32,-0.08,0,0,0.467,0
0.9454,0,0.0,1,0,0,0.03,0,6.74,0.19,0,0,0.077,0
0.821,4,0.1333,1,3,1,0.1972,0,5.71,-0.84,1,19,0.05,1
0.7957,2,0.2,0,2,17,0.05,1,7.23,-0.02,0,0,0.5533,0
0.8321,2,0.069,0,1,5,0.378,2,6.85,-1.86,0,0,0.4444,0
0.7176,4,0.2222,1,3,1,0.2046,1,5.71,-0.64,0,0,0.4474,0
0.9583,0,0.0,0,0,0,0.0744,0,7.79,0.39,0,0,0.8714,0
0.6276,7,0.3043,1,3,15,0.2744,0,4.84,-0.99,0,0,0.3686,1
0.4582,10,0.4167,1,8,5,0.6857,3,5.62,-1.22,0,0,0.0976,1
0.5666,7,0.3333,1,4,12,0.3374,3,5.68,-2.02,1,24,0.4077,1
0.8135,2,0.0909,1,0,16,0.45,2,6.87,-0.86,0,0,0.3674,0
0.8768,1,0.0435,0,1,20,0.2226,0,8.45,-0.65,0,0,0.6425,0
0.895,1,0.1429,1,1,10,0.1177,1,6.81,-0.11,0,0,0.6127,0
0.7695,1,0.25,0,0,8,0.098,1,7.73,-0.43,0,0,0.7504,0
0.7255,2,0.1667,2,2,18,0.3402,2,6.67,-0.61,1,41,0.161,0
0.5137,4,0.25,0,4,4,0.6598,6,4.84,-2.45,1,23,0.6478,1
0.946,1,0.04,0,1,1,0.45,0,5.38,-0.78,0,0,0.3659,0
0.7981,3,0.125,1,1,2,0.2781,3,7.43,-0.97,0,0,0.2961,0
0.6542,6,0.25,2,1,14,0.1155,0,6.69,-0.97,1,32,0.6467,1
0.889,1,0.1667,0,1,13,0.1797,0,7.72,-0.4,0,0,0.4655,0
0.9207,0,0.0,0,0,3,0.0113,0,6.7,-0.33,0,0,0.4555,0
0.9035,2,0.1111,1,1,0,0.3976,2,7.73,-0.36,1,33,0.7549,1
0.3333,11,0.6111,0,6,9,0.8278,1,5.63,-2.68,0,0,0.9027,1
0.701,2,0.2,0,2,6,0.4222,2,6.99,-0.31,1,16,0.6713,1
1.0,0,0.0,0,0,3,0.056,0,8.62,-1.03,0,0,0.5714,0
0.1497,4,0.8,2,4,1,0.6827,3,3.36,-1.61,0,0,0.4776,1
0.6829,4,0.1905,0,4,3,0.2843,0,7.26,-1.76,0,0,0.485,1
0.9229,0,0.0,2,0,1,0.1077,1,7.64,0.32,0,0,0.7882,0
0.8483,2,0.1176,0,0,17,0.2351,1,6.84,-0.09,0,0,0.3212,0
0.905,2,0.0714,0,0,1,0.048,0,7.84,0.2,0,0,0.5397,0
0.9683,0,0.0,0,0,2,0.0957,0,9.27,-0.14,0,0,0.5962,0
0.9101,1,0.0588,0,1,0,0.0179,0,8.21,-0.13,0,0,0.4556,0
0.9206,1,0.0526,0,0,1,0.2746,0,6.77,-0.0,0,0,0.5179,1
0.8077,1,0.1667,1,0,11,0.3507,1,7.21,-0.21,0,0,0.5698,1
0.7903,3,0.15,2,2,4,0.3185,1,5.09,-0.06,0,0,0.2354,0
0.4571,11,0.4783,3,8,2,0.4465,2,4.16,-1.37,0,0,0.2176,1
0.5079,2,0.3333,3,1,9,0.3986,2,4.09,-1.78,1,16,0.6201,1
0.9474,1,0.04,0,1,2,0.0711,0,7.95,0.08,0,0,0.3952,0
0.7381,4,0.1739,0,2,19,0.1537,0,6.64,-1.38,0,0,0.7877,1
0.9216,1,0.0909,1,1,2,0.129,0,8.45,0.2,0,0,0.323,0
0.879,1,0.0588,0,0,11,0.4728,1,6.5,-1.16,0,0,0.6936,0
0.4667,6,0.5,2,1,18,0.5344,1,2.57,-1.33,1,44,0.5551,1
0.5795,1,0.1667,3,0,6,0.5091,1,2.96,-1.02,0,0,0.6561,1
0.8986,1,0.0556,0,1,20,0.2812,0,8.36,-1.03,0,0,0.262,1
0.9292,1,0.0345,1,1,0,0.0673,0,9.25,-0.49,0,0,0.6464,0
0.561,5,0.2778,2,4,11,0.425,2,5.23,-1.17,0,0,0.4829,1
0.6945,3,0.2727,0,2,17,0.0955,1,6.29,-0.24,0,0,0.7283,1
0.9213,0,0.0,1,0,0,0.1043,0,7.82,-0.61,0,0,0.2869,0
0.8102,1,0.1429,1,0,18,0.0893,0,7.08,-0.34,0,0,0.7048,0
0.6062,4,0.2353,1,1,11,0.3346,4,7.09,-0.1,0,0,0.5727,1
0.4902,2,0.3333,1,1,17,0.8295,4,3.12,-1.63,1,43,0.5652,1
0.7752,2,0.2222,0,0,10,0.4858,2,6.69,-1.38,0,0,0.064,1
0.9292,1,0.0909,2,1,2,0.0706,0,6.99,-0.37,0,0,0.3026,0
0.812,2,0.1818,0,1,2,0.5775,2,4.89,-1.13,0,0,0.6955,1
0.5116,7,0.4118,3,4,16,0.6681,2,4.68,-0.82,0,0,0.6282,0
0.9426,0,0.0,0,0,3,0.1304,0,6.5,-0.8,1,31,0.3461,0
0.6148,3,0.2727,0,3,6,0.0786,0,5.32,-0.48,1,27,0.2225,1
0.7973,4,0.1818,0,4,17,0.4711,1,3.99,-1.81,1,37,0.517,1
0.6027,8,0.32,3,6,18,0.9318,6,4.75,-1.94,0,0,0.1914,1
0.6209,5,0.3125,1,2,7,0.4828,1,7.49,-1.03,0,0,0.3931,1
0.8715,2,0.0952,0,2,1,0.4622,1,2.67,-0.23,0,0,0.572,1
0.9729,1,0.0333,0,0,3,0.0701,1,9.42,0.32,0,0,0.521,0
0.7552,2,0.2222,0,0,9,0.3925,0,5.43,-0.23,0,0,0.865,1
0.2796,11,0.3667,3,7,5,0.7904,5,5.27,-2.35,0,0,0.2907,1
0.69,4,0.1818,1,2,7,0.2774,0,8.98,0.2,0,0,0.4467,0
0.5598,4,0.2667,1,2,1,0.8726,4,5.83,-1.63,0,0,0.5585,1
0.5306,8,0.2759,4,4,4,0.5238,0,7.53,-1.25,0,0,0.76,1
0.6607,3,0.3,2,0,8,0.1748,0,7.34,-0.57,0,0,0.216,1
0.7637,5,0.1852,1,0,18,0.553,1,6.76,-0.97,0,0,0.766,1
0.5085,9,0.3913,0,7,4,0.8142,2,4.84,-2.38,1,5,0.0717,1
0.8331,3,0.1,0,0,10,0.3406,0,6.71,-0.77,0,0,0.601,0
0.6394,9,0.3103,2,5,9,0.1686,0,5.98,-0.31,1,43,0.4531,1
0.9927,0,0.0,0,0,1,0.0287,0,6.7,-0.07,1,26,0.2318,0
0.8991,1,0.0769,0,0,8,0.0386,0,9.07,0.71,0,0,0.538,0
0.8624,1,0.1,1,0,9,0.3065,1,6.57,-0.66,0,0,0.3246,1
0.9232,1,0.0833,1,0,3,0.1292,0,8.67,-1.34,0,0,0.2767,0
0.6974,1,0.2,2,0,6,0.1517,0,7.19,-1.08,0,0,0.5889,1
0.7661,3,0.1364,0,3,8,0.1616,1,8.8,-0.08,0,0,0.5564,1
0.9518,0,0.0,0,0,1,0.0754,0,7.19,0.33,0,0,0.4477,0
0.8879,1,0.0588,0,0,13,0.62,4,6.38,-0.59,0,0,0.408,1
0.6839,1,0.25,1,0,12,0.2411,2,5.0,-1.13,0,0,0.5808,1
0.8879,1,0.0769,0,0,2,0.2958,1,4.1,-0.73,0,0,0.5558,1
0.9285,1,0.0714,1,0,0,0.2819,0,4.76,0.15,1,5,0.2879,0
0.945,0,0.0,0,0,1,0.0239,0,9.55,0.31,0,0,0.2761,0
0.9589,1,0.0333,0,0,1,0.0277,0,9.0,0.19,0,0,0.7103,0
0.345,14,0.5,3,2,3,0.6896,2,4.87,-1.37,0,0,0.5599,1
0.7471,5,0.1923,0,2,11,0.1492,0,8.56,-0.6,0,0,0.5262,1
0.8585,2,0.125,0,1,15,0.0596,1,7.84,-0.52,0,0,0.1674,0
0.9977,0,0.0,0,0,0,0.1044,0,7.29,0.07,0,0,0.5388,0
0.7717,2,0.1818,1,0,18,0.2261,0,8.54,-1.19,0,0,0.7351,1
0.7093,5,0.2632,2,2,11,0.3569,0,4.48,-0.84,0,0,0.6104,1
0.9246,2,0.0667,0,0,2,0.1398,0,7.71,0.38,0,0,0.5687,0
0.8217,2,0.125,1,0,8,0.287,1,6.73,-0.35,0,0,0.5164,1
0.8613,1,0.1,0,1,13,0.1712,1,7.72,-0.57,0,0,0.1062,0
0.7358,2,0.25,0,1,15,0.3539,3,4.1,-0.09,1,26,0.686,1
0.8621,0,0.0,3,0,3,0.45,2,7.49,-1.78,0,0,0.4887,0
0.911,1,0.0345,0,0,0,0.0759,0,8.57,0.63,0,0,0.222,0
0.7794,2,0.1429,0,0,12,0.78,0,5.23,-2.11,1,12,0.0732,0
0.7939,3,0.125,0,2,16,0.474,0,4.56,-1.15,0,0,0.4427,1
0.8877,2,0.0667,1,1,4,0.3564,1,7.63,-0.9,0,0,0.6782,0
0.5757,9,0.3462,1,7,19,0.3613,1,4.55,-1.0,0,0,0.6979,1
0.9554,1,0.04,0,1,3,0.1339,1,7.66,-0.38,0,0,0.5744,0
0.8313,3,0.1034,0,1,4,0.62,1,8.27,-1.25,0,0,0.2264,0
0.7739,3,0.15,1,1,16,0.6434,1,4.94,-1.74,0,0,0.8931,1
0.6092,6,0.2,0,2,15,0.4045,0,6.96,-0.71,0,0,0.5743,1
0.9438,0,0.0,0,0,2,0.044,0,6.92,0.19,0,0,0.8035,0
0.7363,1,0.1429,0,0,14,0.1208,1,7.16,-0.1,0,0,0.712,0
0.6524,1,0.1667,1,0,5,0.265,1,5.8,-1.0,0,0,0.3008,0
0.8767,2,0.08,2,2,16,0.7061,0,4.26,0.22,1,16,0.543,1
0.9084,0,0.0,1,0,1,0.1834,0,8.14,0.03,0,0,0.7151,0
0.5258,4,0.2857,1,2,1,0.6702,2,6.49,-0.95,0,0,0.6989,1
0.6131,10,0.3333,1,4,12,0.4293,1,6.51,-1.3,0,0,0.5184,1
0.7081,1,0.1429,3,0,8,0.3713,2,6.5,-0.83,0,0,0.6832,0
0.6855,3,0.2143,2,2,12,0.3695,1,5.4,-0.22,1,14,0.3964,1
0.8242,1,0.125,0,0,6,0.4789,3,5.44,-1.0,0,0,0.7842,1
0.8329,1,0.125,0,0,18,0.352,1,5.36,0.14,0,0,0.3967,1
0.9302,1,0.0588,0,1,2,0.1541,1,8.17,-0.19,0,0,0.5907,0
0.7879,2,0.1,2,2,19,0.3101,1,5.97,-0.1,0,0,0.672,1
0.4076,4,0.3333,4,3,15,0.8224,1,4.18,-1.5,1,9,0.3228,1
0.9552,1,0.037,0,0,1,0.2619,0,7.57,-1.08,0,0,0.6232,0
0.8261,2,0.1053,1,2,6,0.22,0,8.62,-1.52,0,0,0.5093,1
0.7087,2,0.1429,0,0,16,0.3885,0,4.16,-0.78,0,0,0.4507,1
0.6703,4,0.1481,0,0,3,0.3952,1,6.44,-1.36,1,4,0.05,0
0.9716,0,0.0,0,0,2,0.0649,0,8.35,0.68,0,0,0.1488,0
0.7855,2,0.1053,0,2,8,0.6147,0,5.84,-1.04,0,0,0.24,0
0.802,2,0.2222,2,2,8,0.5141,2,4.01,-1.63,0,0,0.577,1
0.7418,3,0.2143,0,1,13,0.5306,0,4.76,-0.95,0,0,0.3317,1
1.0,0,0.0,1,0,1,0.2387,1,4.66,-0.25,1,37,0.6316,1
0.6785,3,0.2143,2,2,15,0.4203,0,6.95,-0.87,0,0,0.797,0
0.9177,1,0.0435,0,0,3,0.22,0,9.12,-1.03,0,0,0.7864,0
0.7574,5,0.2174,0,3,18,0.4461,0,6.44,-1.76,0,0,0.4567,1
0.4715,9,0.36,1,2,13,0.525,2,3.57,-0.66,0,0,0.3341,1
0.3182,7,0.3889,1,4,5,0.5104,3,4.71,-2.76,1,1,0.416,1
0.4197,3,0.375,0,1,2,0.6961,2,5.04,-1.46,0,0,0.5113,1
0.5892,4,0.2222,1,2,13,0.2727,0,7.82,0.06,1,8,0.1019,1
0.9032,1,0.0526,0,1,2,0.1462,0,7.52,0.05,0,0,0.614,0
0.648,4,0.2222,2,1,16,0.3881,2,6.78,-1.29,0,0,0.5858,0
1.0,0,0.0,0,0,0,0.1559,1,5.87,-0.15,0,0,0.4048,0
0.6633,4,0.1739,2,3,4,0.3674,1,4.59,-0.86,0,0,0.6283,1
0.7466,5,0.1852,0,1,10,0.3354,0,6.65,-1.51,0,0,0.9373,0
0.5455,10,0.3846,3,5,11,0.603,0,7.98,-0.44,1,5,0.7644,1
0.8266,2,0.087,0,1,10,0.1446,0,6.57,0.57,0,0,0.4799,0
0.938,2,0.0714,0,0,0,0.0557,0,8.07,-0.65,0,0,0.4799,0
0.506,4,0.2857,2,4,13,0.7636,2,4.97,-1.82,0,0,0.7844,1
0.8957,1,0.0714,0,1,5,0.1264,0,6.65,-0.37,0,0,0.4378,0
0.8009,1,0.25,0,1,15,0.0562,0,7.02,-0.96,0,0,0.707,1
0.6545,8,0.2857,1,5,20,0.3005,2,6.2,-0.78,0,0,0.7019,0
0.822,1,0.1429,1,0,6,0.3302,3,7.74,-1.27,1,25,0.2416,1
0.4117,6,0.375,2,2,10,0.7983,2,3.87,-1.54,0,0,0.576,1
0.8877,1,0.0667,0,0,15,0.1403,0,6.02,-1.22,0,0,0.1961,0
0.6669,2,0.2,2,1,17,0.3133,2,7.12,-1.19,0,0,0.5812,0
0.5604,5,0.2941,0,1,7,0.4774,0,4.59,-0.6,1,27,0.6784,1
0.8435,3,0.125,1,1,10,0.2955,0,7.22,-0.64,0,0,0.4809,1
0.9909,0,0.0,0,0,0,0.1214,0,6.48,0.55,0,0,0.8708,0
0.8527,1,0.125,1,1,10,0.2673,1,6.16,0.07,0,0,0.3714,0
0.9123,1,0.0667,0,1,0,0.0013,0,9.71,-0.51,0,0,0.8242,0
0.9961,0,0.0,0,0,0,0.22,0,7.62,-0.27,0,0,0.2747,0
0.6967,7,0.2414,2,1,2,0.436,2,6.33,-0.82,0,0,0.7698,0
0.942,0,0.0,0,0,0,0.355,5,8.25,-1.43,1,36,0.6643,0
0.6175,3,0.3,2,3,17,0.6698,3,5.39,-1.03,0,0,0.3221,1
0.8426,2,0.0769,0,0,17,0.4699,3,5.13,-0.23,1,40,0.2711,1
0.7342,2,0.1538,0,0,20,0.4252,1,8.06,-0.89,1,4,0.6778,0
0.8902,3,0.1034,0,3,11,0.0589,0,8.14,-0.56,0,0,0.2314,0
0.8997,1,0.0588,0,1,17,0.0973,1,6.82,-0.55,0,0,0.7072,0
0.9182,0,0.0,0,0,3,0.4321,0,7.03,-0.88,0,0,0.302,0
0.9548,0,0.0,0,0,0,0.22,1,8.73,-0.95,0,0,0.4508,0
0.9155,1,0.0476,0,0,1,0.22,1,9.01,-0.85,0,0,0.4673,0
0.7068,1,0.1667,0,0,6,0.1518,1,4.49,-0.49,0,0,0.2384,0
1.0,0,0.0,1,0,3,0.0593,1,8.82,0.3,0,0,0.2856,0
0.5194,4,0.3333,0,1,18,0.5945,5,4.11,-2.51,0,0,0.1524,1
0.6856,6,0.25,2,3,16,0.1563,1,8.12,0.18,0,0,0.3481,0
0.6907,4,0.2222,0,1,18,0.6259,2,3.19,-1.63,0,0,0.3295,1
0.8104,5,0.1724,2,0,8,0.45,1,7.3,-0.61,0,0,0.625,1
0.7644,1,0.125,0,1,10,0.2109,0,7.53,-1.04,1,5,0.3969,0
0.9523,1,0.0417,0,0,3,0.0022,0,7.06,0.69,0,0,0.5751,0
0.8672,1,0.0909,0,1,16,0.0639,0,6.5,-0.46,0,0,0.6982,0
0.7882,2,0.2,1,0,1,0.5645,2,6.58,-0.59,0,0,0.166,0
0.9256,1,0.0476,0,1,1,0.0502,0,8.03,0.94,0,0,0.5484,0
0.9748,0,0.0,0,0,3,0.1242,0,8.07,-0.54,0,0,0.5969,0
0.802,2,0.1176,0,2,5,0.1459,1,8.23,-0.88,0,0,0.5069,1
0.8292,3,0.1154,1,2,10,0.4781,0,5.31,-1.48,1,28,0.8186,1
0.378,12,0.4,2,6,10,0.6049,2,6.04,-0.82,1,30,0.5121,1
0.775,2,0.1818,0,1,12,0.3206,3,4.59,-1.15,0,0,0.7545,1
0.88,2,0.1,0,1,4,0.8866,2,3.27,-1.35,0,0,0.4942,1
0.9625,0,0.0,0,0,3,0.0293,0,6.84,-1.3,0,0,0.3355,0
0.6625,3,0.1875,5,2,6,0.3758,1,4.72,-1.33,0,0,0.4455,1
0.953,0,0.0,0,0,1,0.0972,0,7.07,-0.14,0,0,0.2923,0
0.6385,2,0.2857,3,2,6,0.5441,0,6.69,-1.92,1,4,0.7917,1
0.3117,4,0.6667,1,4,1,0.6021,1,3.66,-1.65,1,8,0.2135,1
0.9007,1,0.0556,1,1,3,0.22,0,7.99,-0.18,0,0,0.8715,0
0.8056,4,0.1538,0,3,4,0.2085,0,5.66,0.03,1,10,0.3976,1
0.7253,1,0.1111,2,1,16,0.62,4,9.0,-0.93,0,0,0.1015,1
0.8396,2,0.1111,0,1,8,0.1414,0,7.35,-1.19,0,0,0.2126,0
0.7346,1,0.125,2,1,16,0.2532,1,4.09,-0.22,0,0,0.4429,1
0.7562,1,0.1667,1,1,13,0.2762,0,8.7,-0.16,1,4,0.6551,1
0.9214,1,0.0333,1,1,3,0.03,0,7.07,-0.49,0,0,0.8478,0
0.7729,2,0.1333,1,0,20,0.4037,1,6.01,-0.8,0,0,0.5641,1
0.5505,5,0.2941,0,2,14,0.3876,1,5.87,-1.08,0,0,0.3408,1
0.7352,5,0.2273,0,5,20,0.3446,1,7.44,-1.78,0,0,0.3535,0
0.8543,1,0.0556,0,0,3,0.3935,0,7.11,-0.31,0,0,0.7134,0
0.7145,5,0.25,0,2,19,0.5477,0,5.75,-1.08,0,0,0.62,1
0.5444,8,0.2667,0,1,5,0.3117,1,5.95,-0.28,0,0,0.5827,0
0.9708,0,0.0,1,0,1,0.3927,1,5.93,-0.6,1,8,0.4937,1
0.8972,2,0.0769,0,2,1,0.0431,0,9.2,-0.0,0,0,0.5905,0
0.816,1,0.0909,1,1,16,0.3671,2,4.25,-1.67,1,21,0.5096,1
0.4358,12,0.5217,1,3,5,0.7591,4,6.18,-3.01,0,0,0.5172,1
0.9123,1,0.0476,0,1,0,0.0565,0,8.94,0.0,0,0,0.374,0
0.8475,1,0.0667,1,0,17,0.3659,2,6.95,-0.31,0,0,0.6407,0
0.7698,2,0.1538,1,2,18,0.0966,0,7.11,0.37,0,0,0.3087,0
0.9725,0,0.0,0,0,0,0.0512,0,8.49,-0.28,0,0,0.7669,0
0.9545,1,0.037,0,0,1,0.22,1,8.77,-0.2,0,0,0.6927,0
0.8017,2,0.1053,0,2,1,0.3214,0,4.02,-0.86,0,0,0.3649,1
0.9502,0,0.0,0,0,2,0.119,1,7.76,-0.06,0,0,0.5492,0
0.7529,2,0.1053,0,2,9,0.2411,0,5.75,-0.25,0,0,0.6591,0
0.7083,3,0.2143,1,1,15,0.2724,0,4.4,-1.0,0,0,0.8561,1
0.7293,1,0.1429,0,0,12,0.2393,0,7.05,-1.16,0,0,0.3856,1
0.6814,6,0.2308,0,4,12,0.1374,0,6.27,-0.79,1,2,0.4693,1
0.8971,1,0.0556,0,1,6,0.2986,1,8.67,-0.77,0,0,0.3455,0
0.8552,3,0.1,0,2,2,0.3865,4,6.63,-0.29,0,0,0.6583,0
0.95,0,0.0,0,0,0,0.0177,0,6.42,-0.17,0,0,0.4044,0
0.9597,1,0.0455,0,0,0,0.027,0,8.21,-0.97,0,0,0.5275,0
0.3751,13,0.52,1,8,12,0.8209,2,5.19,-1.72,1,23,0.577,1
0.7373,3,0.2143,1,2,19,0.4099,1,6.14,-1.35,0,0,0.7607,1
0.7666,3,0.1111,1,1,10,0.2759,0,7.83,-0.76,0,0,0.5634,1
0.37,4,0.3333,2,3,3,0.5269,2,5.1,-1.21,0,0,0.7561,1
0.9557,1,0.0345,0,0,3,0.1924,0,7.79,-0.31,0,0,0.6497,1
0.9099,2,0.1,0,0,3,0.0133,0,7.59,-0.45,0,0,0.5772,0
0.7852,2,0.1,1,0,13,0.2818,3,8.15,-1.14,0,0,0.2443,0
0.9749,0,0.0,0,0,0,0.0909,0,9.33,-0.64,0,0,0.3557,0
0.7807,4,0.1538,0,4,19,0.2963,4,8.25,-0.45,0,0,0.7099,1
0.9653,0,0.0,0,0,2,0.1678,0,7.95,-0.29,0,0,0.3225,0
0.7944,2,0.0952,0,1,15,0.4666,1,7.97,-1.4,0,0,0.4927,0
0.5981,5,0.2083,1,3,13,0.2723,0,6.39,-0.81,1,12,0.3984,1
0.7815,1,0.1429,1,1,2,0.5251,3,4.68,-0.98,1,4,0.4055,1
1.0,0,0.0,0,0,1,0.1961,0,7.52,0.18,0,0,0.4502,0
0.7891,2,0.1333,2,1,14,0.5763,3,5.93,-0.77,1,29,0.6405,0
0.4827,4,0.2857,1,3,17,0.8368,3,6.31,-1.57,0,0,0.268,1
0.9433,1,0.0435,0,0,0,0.1815,0,9.79,0.37,0,0,0.3463,0
0.8605,1,0.1,0,0,15,0.3692,0,7.16,-1.25,1,9,0.5366,1
0.7931,1,0.0909,0,1,7,0.2565,1,8.59,-1.03,0,0,0.3549,0
0.6442,2,0.25,1,1,6,0.447,2,6.5,-1.71,1,39,0.3155,1
0.3,2,0.5,2,1,17,0.6485,2,3.97,-1.94,0,0,0.389,1
0.7999,1,0.0909,1,0,8,0.5937,2,4.63,-0.64,0,0,0.5971,0
0.8323,3,0.1304,0,3,8,0.1493,0,5.94,-1.88,0,0,0.1555,1
0.8158,2,0.08,0,2,15,0.4402,0,5.98,-0.53,0,0,0.5145,1
0.5972,8,0.2857,2,4,15,0.3089,2,7.08,-0.89,1,40,0.407,1
0.7586,2,0.2222,0,2,4,0.2784,2,6.58,-0.71,0,0,0.837,1
0.8117,1,0.0833,1,1,18,0.384,0,5.51,-0.73,0,0,0.4428,0
0.967,0,0.0,0,0,0,0.1314,1,8.38,-0.79,0,0,0.3681,0
0.7252,1,0.25,2,0,5,0.3234,1,5.6,-0.96,0,0,0.4722,1
0.9013,1,0.1,0,0,1,0.1642,0,6.6,0.1,0,0,0.5036,1
0.9731,0,0.0,0,0,1,0.0995,1,8.93,0.04,0,0,0.4754,0
0.8133,4,0.1333,0,3,8,0.2054,0,6.45,-0.81,0,0,0.2722,1
0.9551,1,0.0417,0,1,2,0.2005,1,7.53,-0.61,0,0,0.5351,0
0.75,3,0.1304,1,1,6,0.3403,1,7.46,-0.76,0,0,0.4187,0
0.9112,2,0.087,0,2,2,0.0225,0,9.97,-0.93,0,0,0.7053,0
0.9623,0,0.0,0,0,1,0.0201,0,7.98,0.65,0,0,0.427,0
0.9431,1,0.0556,0,0,2,0.1878,1,7.64,0.49,0,0,0.3077,0
0.7861,3,0.1429,0,0,5,0.0749,1,7.86,-0.66,0,0,0.1694,0
0.7721,3,0.2,0,3,12,0.3674,0,8.85,-0.88,0,0,0.2676,0
0.7434,1,0.25,1,1,16,0.2995,1,4.72,-1.48,0,0,0.1099,1
0.931,1,0.0345,0,0,3,0.0605,0,8.15,-0.16,0,0,0.5076,0
0.6935,4,0.1538,0,2,17,0.239,1,7.66,-0.53,1,3,0.1776,1
0.706,6,0.2222,0,0,16,0.394,1,7.87,-0.78,0,0,0.138,1
0.9297,2,0.0667,0,1,0,0.0029,0,8.34,-0.05,0,0,0.765,0
0.8908,2,0.0952,2,1,18,0.4032,1,7.93,0.03,1,9,0.3565,1
0.9068,0,0.0,0,0,2,0.079,0,9.39,-0.33,0,0,0.1308,0
0.8577,2,0.125,0,1,14,0.549,1,6.24,-1.13,0,0,0.4207,0
0.9085,2,0.0667,2,0,3,0.3027,0,5.74,0.17,0,0,0.5593,0
0.8905,1,0.05,0,0,3,0.0235,0,9.45,-0.08,0,0,0.2592,0
0.4242,7,0.4375,3,3,6,0.6705,3,3.03,-1.96,0,0,0.6782,1
0.7561,3,0.1071,0,1,1,0.2221,1,6.0,-0.08,0,0,0.4611,1
0.7246,2,0.2,0,2,15,0.3907,2,7.75,-0.66,1,28,0.2185,1
0.683,1,0.1111,1,0,12,0.2111,1,7.11,-0.86,1,44,0.3338,1
0.945,1,0.0345,0,0,0,0.1433,0,7.89,-0.12,0,0,0.5553,1
0.8861,3,0.1111,0,1,17,0.4683,0,4.79,-0.76,0,0,0.5834,1
0.8258,1,0.0714,1,0,4,0.6149,1,5.16,-1.26,0,0,0.9004,1
0.6321,2,0.2222,3,0,5,0.4636,0,5.96,-1.21,0,0,0.5043,1
0.8654,0,0.0,1,0,11,0.2075,1,5.12,-0.33,1,5,0.9035,1
0.6851,2,0.1667,0,2,8,0.183,0,5.93,0.14,1,15,0.5644,0
0.7834,5,0.1667,0,3,20,0.3987,1,4.44,-1.69,0,0,0.5523,0
0.8997,0,0.0,0,0,13,0.165,1,7.73,-0.89,0,0,0.2618,1
0.3198,7,0.4375,3,5,3,0.7708,2,2.81,-2.57,0,0,0.1782,1
0.9924,0,0.0,0,0,1,0.1281,0,6.03,0.3,1,34,0.564,1
0.6544,3,0.1875,1,3,10,0.35,1,4.37,-1.5,0,0,0.4143,1
0.1622,4,0.5714,4,2,11,0.7185,1,2.43,-1.48,0,0,0.4823,1
0.1762,12,0.6667,4,6,14,0.5625,5,5.87,-1.87,1,41,0.4078,1
0.7547,1,0.0833,1,1,6,0.373,1,8.11,-1.86,0,0,0.2911,0
0.9094,2,0.0714,1,0,1,0.1552,1,7.62,-0.09,0,0,0.6477,0
0.4845,6,0.4615,3,1,5,0.8976,0,1.55,-1.98,1,43,0.3475,1
0.9117,2,0.0952,0,1,2,0.0579,0,8.61,0.26,0,0,0.308,0
0.9054,1,0.1,0,1,2,0.0147,0,8.75,0.28,0,0,0.404,0
0.8232,4,0.1481,3,4,6,0.2567,0,8.09,0.05,0,0,0.5811,1
0.9306,1,0.0417,0,0,2,0.1799,0,8.98,-0.31,1,7,0.4534,0
0.7653,5,0.2174,0,2,20,0.1832,0,7.36,-0.41,0,0,0.6628,1
0.9607,1,0.0385,1,0,2,0.1852,0,7.81,-1.52,0,0,0.8184,0
0.8068,1,0.1667,1,1,4,0.5064,2,5.32,-1.19,0,0,0.2906,1
0.3929,10,0.5,2,7,8,0.7234,5,5.71,-1.06,1,3,0.6124,1
0.7493,3,0.1364,1,1,10,0.0499,0,6.77,-0.4,0,0,0.4781,0
0.624,3,0.2308,1,2,10,0.5451,0,4.37,-1.85,0,0,0.3653,1
0.8446,2,0.1176,1,2,16,0.1053,0,5.05,-0.02,0,0,0.2879,0
0.7905,3,0.125,2,0,11,0.2349,0,6.83,-1.36,0,0,0.7903,0
0.804,2,0.0909,1,1,11,0.1385,2,6.2,-1.38,0,0,0.6634,0
0.6357,6,0.3,2,2,11,0.6428,0,7.15,-1.52,1,5,0.6905,1
1.0,0,0.0,0,0,1,0.206,1,7.64,-0.42,0,0,0.5701,0
0.7955,2,0.1053,1,0,10,0.7369,2,3.46,-1.21,1,32,0.7784,1
0.6759,7,0.2917,0,3,6,0.306,1,6.59,-0.79,0,0,0.344,1
0.7692,1,0.125,1,0,6,0.1169,0,6.72,-0.23,1,34,0.4471,0
0.8035,4,0.1379,0,0,3,0.091,0,7.19,-0.63,0,0,0.3245,1
0.949,1,0.0714,0,0,0,0.0996,1,8.69,-0.18,0,0,0.6036,0
0.799,2,0.087,0,0,1,0.5681,1,4.81,-0.81,1,7,0.537,1
0.7821,2,0.1333,0,2,7,0.2448,1,5.75,-1.35,1,30,0.4365,1
0.9402,0,0.0,0,0,0,0.0193,1,7.37,-0.0,0,0,0.2804,0
0.6137,7,0.3043,0,3,15,0.1615,0,4.13,-0.66,0,0,0.2605,1
0.589,6,0.24,2,6,6,0.8787,1,6.48,-1.56,0,0,0.5143,1
0.9497,1,0.0667,0,1,1,0.0171,0,7.86,0.83,0,0,0.3175,0
0.7886,4,0.1739,1,3,10,0.2199,1,7.41,-1.13,0,0,0.2433,1
0.8835,2,0.1053,0,2,20,0.1327,1,7.84,-0.69,0,0,0.4212,0
0.9672,0,0.0,0,0,3,0.0801,1,8.77,-0.14,0,0,0.3793,0
0.7653,2,0.125,0,2,14,0.6251,2,3.5,-0.86,0,0,0.4239,1
0.834,2,0.0909,1,0,5,0.22,2,8.26,-0.08,0,0,0.5114,0
0.9206,0,0.0,0,0,2,0.0511,0,8.52,-0.22,0,0,0.5333,0
0.828,1,0.25,0,1,17,0.3152,1,5.42,-0.25,1,10,0.2635,1
0.546,1,0.25,3,1,6,0.1705,0,5.92,-1.43,0,0,0.592,1
0.7289,2,0.1176,1,0,8,0.4768,1,5.42,-1.5,0,0,0.2213,0
0.7731,2,0.2222,1,2,12,0.062,0,6.44,0.49,0,0,0.7252,0
0.729,3,0.125,0,3,13,0.4296,1,5.16,-1.02,0,0,0.0874,1
0.9499,0,0.0,0,0,2,0.0996,0,7.31,-0.89,0,0,0.6022,0
0.8399,1,0.0769,2,0,18,0.1365,0,7.16,0.24,0,0,0.2995,0
0.5502,9,0.3,0,1,8,0.3625,0,6.8,-2.36,0,0,0.0897,1
0.8275,2,0.125,2,1,7,0.417,1,4.44,-0.71,1,11,0.7783,1
0.5943,10,0.3448,2,7,9,0.5782,1,5.21,-1.65,0,0,0.5099,1
0.8331,2,0.087,0,2,12,0.3574,0,7.01,-0.74,0,0,0.4417,1
0.6229,8,0.2963,1,5,4,0.2567,0,6.58,-0.23,0,0,0.3626,1
0.6323,5,0.2778,0,5,14,0.37,2,5.92,-1.2,1,10,0.3378,1
0.9301,0,0.0,0,0,3,0.1671,0,8.06,-0.89,0,0,0.5297,0
0.8426,1,0.1429,0,1,1,0.1334,1,8.2,-0.37,1,15,0.5124,0
0.9272,2,0.0714,0,1,0,0.0358,0,7.18,0.05,0,0,0.6214,0
0.8947,1,0.0769,1,1,19,0.156,1,6.18,-1.26,0,0,0.2335,1
0.7543,3,0.1111,0,1,12,0.1113,0,6.77,-0.32,0,0,0.4559,0
0.6751,1,0.2,2,0,5,0.44,1,6.73,-0.51,0,0,0.2238,0
0.7846,2,0.2,1,0,16,0.2872,0,5.04,-0.9,0,0,0.4504,0
0.7158,5,0.1852,2,2,5,0.5669,0,6.67,-0.86,0,0,0.4278,1
0.8225,2,0.1667,0,1,2,0.0707,0,6.0,0.46,0,0,0.7126,0
0.6603,6,0.2857,2,6,7,0.3275,2,6.02,-1.23,0,0,0.3704,1
0.8193,3,0.1875,2,1,19,0.242,0,5.01,-0.56,1,3,0.2803,1
0.6959,5,0.2778,0,3,17,0.6928,2,5.07,-1.18,0,0,0.4485,1
0.7087,4,0.1667,1,2,14,0.45,2,5.63,-1.01,0,0,0.6681,1
0.8183,3,0.1364,1,0,5,0.127,1,4.84,0.18,0,0,0.3464,1
0.7311,2,0.1538,0,1,13,0.353,0,6.67,-1.75,0,0,0.8408,0
0.8189,2,0.125,2,2,6,0.1602,1,7.96,-1.14,0,0,0.579,0
0.9009,1,0.0769,0,0,2,0.0055,0,9.7,-0.72,0,0,0.4193,0
0.9638,0,0.0,0,0,0,0.0279,0,7.39,-1.31,0,0,0.6432,0
0.8025,1,0.1429,0,0,2,0.433,5,5.39,-1.33,1,16,0.5161,0
0.3076,9,0.3103,1,5,17,0.7866,6,4.41,-1.52,1,7,0.6414,1
0.4532,4,0.2857,2,0,18,0.4268,2,5.22,-1.87,0,0,0.8974,1
0.8362,3,0.12,0,1,20,0.4371,2,6.57,-0.07,0,0,0.4383,0
0.9305,1,0.0357,1,1,1,0.0524,0,8.98,0.74,0,0,0.2415,0
0.7756,1,0.125,2,1,12,0.4294,1,6.76,-0.54,0,0,0.953,1
0.973,1,0.0417,0,0,2,0.2343,0,8.53,-0.89,0,0,0.3088,0
0.9608,1,0.0385,0,0,2,0.015,0,6.54,-0.4,0,0,0.5876,0
0.7761,1,0.0833,1,1,12,0.4441,1,4.37,-0.87,1,43,0.5464,1
0.7479,5,0.1786,0,3,16,0.4274,1,7.72,-1.41,0,0,0.4421,1
0.8825,2,0.1333,0,1,16,0.2665,1,6.06,0.25,0,0,0.1775,0
0.779,5,0.1667,1,5,3,0.2359,2,7.49,-0.51,0,0,0.1571,0
0.9598,1,0.0333,0,0,0,0.0984,0,9.27,-0.73,0,0,0.3188,0
0.562,3,0.2308,1,1,11,0.4,7,4.72,-0.46,1,44,0.4914,1
0.968,0,0.0,0,0,3,0.0384,0,8.28,0.75,0,0,0.3521,0
0.726,2,0.125,0,1,18,0.4997,0,6.72,-0.6,0,0,0.2345,1
0.8501,1,0.0625,0,0,18,0.2179,1,7.51,-0.19,1,31,0.1299,1
0.5801,6,0.2857,1,3,16,0.6402,1,5.35,-1.62,0,0,0.3144,1
1.0,0,0.0,0,0,0,0.0688,0,8.44,-0.63,0,0,0.7683,0
0.5307,5,0.2083,2,2,9,0.5725,0,3.46,-2.31,0,0,0.5241,1
0.6377,6,0.2308,0,3,16,0.3373,3,5.88,-0.69,0,0,0.332,1
0.9274,1,0.0526,0,1,3,0.0163,0,7.55,-0.66,0,0,0.7156,0
0.8264,3,0.15,0,1,17,0.1307,1,7.02,0.06,0,0,0.6901,1
0.6571,7,0.2917,3,4,16,0.1667,0,6.57,-1.09,0,0,0.6126,1
0.8637,2,0.0667,0,1,13,0.0683,0,7.25,-0.49,1,27,0.4215,0
0.6436,2,0.1818,1,0,11,0.2838,0,8.37,-0.88,0,0,0.5933,1
0.9012,0,0.0,0,0,1,0.1853,0,8.12,0.22,0,0,0.4225,0
0.8406,1,0.0769,2,1,13,0.1871,1,8.67,-0.32,0,0,0.3229,0
0.8345,3,0.1034,0,1,7,0.1135,0,7.95,-0.98,0,0,0.2886,0
0.7898,2,0.1818,1,2,9,0.45,1,7.07,-0.72,0,0,0.2802,1
0.7482,5,0.1923,1,4,12,0.1871,1,6.72,-0.95,0,0,0.0992,0
0.6666,5,0.2,0,0,13,0.1362,0,5.87,-0.64,0,0,0.7718,0
0.6025,2,0.2222,0,2,6,0.9105,3,5.41,-2.3,0,0,0.4941,1
0.9046,0,0.0,0,0,1,0.0252,0,8.9,0.26,0,0,0.4043,0
0.9326,2,0.069,0,2,3,0.0125,0,6.34,-0.9,1,45,0.8148,0
0.6052,3,0.2727,0,2,17,0.3726,4,6.16,-0.49,0,0,0.6191,1
0.7142,4,0.1818,0,4,5,0.0338,0,6.55,-0.22,0,0,0.7166,0
0.8623,0,0.0,0,0,18,0.0668,1,4.32,-0.62,0,0,0.4536,1
0.6991,4,0.16,0,3,4,0.5205,2,5.12,-1.89,0,0,0.7247,1
0.8788,2,0.1111,1,1,20,0.3353,2,6.17,-0.25,1,17,0.7283,1
0.939,1,0.0588,0,0,2,0.0326,0,8.78,-0.04,0,0,0.4546,0
0.5908,2,0.3333,0,2,4,0.399,0,6.24,-1.14,1,40,0.4327,1
0.9256,1,0.0625,1,0,2,0.0764,0,8.3,0.04,0,0,0.3151,0
0.7598,1,0.2,0,0,1,0.3434,1,7.81,-0.58,1,25,0.3741,1
0.9691,0,0.0,0,0,2,0.22,0,9.15,-0.77,0,0,0.6719,1
0.7958,1,0.1111,2,0,3,0.5126,2,5.7,-1.95,1,23,0.3578,1
0.7279,2,0.2222,1,0,15,0.539,3,3.97,-1.73,0,0,0.2632,1
0.8652,2,0.08,1,1,11,0.0838,0,8.29,-0.65,0,0,0.2332,1
0.96,1,0.0556,0,0,3,0.1812,0,6.42,-0.3,0,0,0.4668,0
0.8192,3,0.1304,0,0,13,0.4279,1,6.68,-1.65,1,2,0.3766,0
0.7937,2,0.1538,1,1,13,0.3836,1,7.4,-0.41,1,1,0.3417,0
0.8916,1,0.1111,0,1,9,0.0559,0,8.31,0.55,0,0,0.8593,0
0.8908,1,0.0588,0,0,18,0.1145,1,8.6,0.36,0,0,0.3375,0
0.3094,10,0.4167,1,9,7,0.5827,1,5.87,-1.76,0,0,0.6858,1
0.7996,4,0.1481,1,1,9,0.0809,1,6.72,0.05,1,16,0.5459,1
0.767,4,0.1905,2,1,11,0.3418,0,6.12,-1.62,0,0,0.5368,1
0.545,8,0.3478,1,6,1,0.2407,1,7.47,-0.77,1,43,0.3578,1
0.9061,2,0.0952,1,2,2,0.0614,1,8.43,-0.64,0,0,0.3687,0
0.6286,7,0.2333,2,3,19,0.512,1,2.96,-0.51,0,0,0.5324,1
0.7187,4,0.1481,0,3,11,0.3588,2,5.44,-1.47,0,0,0.6014,1
0.8927,1,0.0909,1,0,20,0.1131,0,7.06,-1.53,0,0,0.5599,0
0.7203,5,0.2632,0,2,3,0.4419,0,7.13,-1.23,1,21,0.5623,1
0.9486,1,0.0455,0,0,2,0.1008,1,8.17,-0.73,0,0,0.6845,0
0.8044,2,0.1333,0,0,17,0.4255,0,7.61,-1.29,1,26,0.5784,1
0.8201,3,0.1364,2,0,10,0.3535,1,6.57,-0.75,0,0,0.5888,0
0.7601,4,0.1818,0,3,9,0.1153,1,8.13,-0.51,1,29,0.6651,1
0.9815,0,0.0,0,0,1,0.0259,0,7.5,-0.0,1,41,0.5911,0
0.9463,0,0.0,0,0,2,0.4231,1,7.07,-0.57,0,0,0.5557,1
0.8936,2,0.0952,2,2,11,0.03,0,6.89,0.44,0,0,0.1807,1
1.0,0,0.0,0,0,3,0.256,0,7.38,-0.39,1,6,0.3944,1
0.9375,1,0.0435,0,0,1,0.1627,1,9.17,-0.75,0,0,0.4608,0
0.7564,1,0.125,1,0,7,0.2002,1,6.94,-1.3,0,0,0.5802,1
0.3837,9,0.4737,1,5,18,0.6941,3,3.61,-1.72,1,41,0.2251,1
0.944,1,0.0714,0,0,2,0.0209,0,8.25,-0.06,0,0,0.5338,0
0.8237,1,0.125,1,0,11,0.2793,0,6.49,-0.05,0,0,0.7228,1
0.973,0,0.0,0,0,2,0.0657,1,8.01,0.68,0,0,0.4444,0
0.3692,4,0.3636,3,2,11,0.7901,2,8.0,-2.17,1,12,0.3403,1
0.6087,3,0.2143,3,0,14,0.5696,2,3.99,-3.03,0,0,0.7375,1
0.9524,1,0.0357,1,0,2,0.2594,1,5.42,-0.0,1,11,0.4986,0
0.7889,5,0.1923,2,2,13,0.4467,2,4.55,-1.59,1,20,0.6885,1
0.9098,1,0.0625,1,1,3,0.0565,0,8.71,-0.09,0,0,0.6986,0
0.6981,4,0.1538,0,1,8,0.2303,1,7.66,-0.48,0,0,0.6601,0
0.9782,0,0.0,0,0,3,0.0442,0,8.58,-0.23,0,0,0.5688,0
0.6552,2,0.2222,1,0,7,0.348,2,5.8,-0.67,1,21,0.5032,0
0.663,7,0.2414,1,6,9,0.4834,2,6.94,-1.0,0,0,0.2544,0
0.9748,0,0.0,0,0,3,0.0237,0,8.01,0.06,0,0,0.7535,0
0.6031,7,0.2414,3,1,8,0.3154,0,6.51,-0.87,1,11,0.8508,1
0.8572,0,0.0,0,0,9,0.45,0,6.02,-1.5,0,0,0.6619,1
0.9728,0,0.0,0,0,2,0.0648,0,7.82,0.48,0,0,0.4823,0
0.9134,1,0.0357,0,1,3,0.0464,0,5.78,0.56,0,0,0.5306,0
0.6089,4,0.3333,3,1,7,0.6203,1,4.16,-1.24,0,0,0.5832,1
0.7154,2,0.2,0,2,5,0.78,4,4.6,-1.45,0,0,0.6944,1
0.4188,6,0.5,2,4,10,0.6097,2,3.77,-1.8,1,29,0.5976,1
0.678,6,0.2,0,4,7,0.7017,3,7.37,-1.94,1,11,0.6542,1
0.7524,2,0.1818,1,1,18,0.2987,3,4.87,-0.52,0,0,0.2062,0
0.9032,1,0.0769,0,1,3,0.0406,0,8.19,-0.89,0,0,0.6639,0
0.3123,9,0.4286,1,7,8,0.6309,0,4.9,-1.72,0,0,0.6598,1
0.9629,1,0.0385,1,0,3,0.099,0,7.58,0.3,0,0,0.4898,0
0.6327,1,0.1667,0,0,20,0.3599,1,7.76,-0.81,0,0,0.6329,0
0.7878,3,0.1765,4,2,15,0.178,0,6.95,-0.95,0,0,0.486,0
0.8133,1,0.1429,0,0,17,0.7062,3,4.15,-1.23,1,36,0.4262,1
0.83,1,0.1667,0,0,11,0.087,0,7.08,-0.68,1,29,0.6284,1
0.9486,1,0.0357,0,0,0,0.016,0,7.62,0.08,0,0,0.4818,0
0.5157,1,0.25,1,0,20,0.366,1,6.62,-1.12,1,25,0.9545,1
0.7803,0,0.0,3,0,3,0.8275,3,3.67,-1.16,1,7,0.8306,1
0.6526,7,0.3043,0,3,2,0.2512,1,5.68,-0.25,0,0,0.2373,1
0.6218,5,0.2,0,2,10,0.3888,1,7.7,-1.34,1,32,0.0674,1
0.9088,2,0.08,0,0,0,0.2302,0,6.6,-0.59,1,21,0.2379,0
0.7417,1,0.2,0,1,4,0.4044,3,6.87,-0.69,1,19,0.392,1
0.7992,1,0.25,0,0,12,0.0507,1,7.66,0.17,0,0,0.4552,1
0.4285,5,0.2941,1,4,3,0.5222,3,4.93,-1.9,0,0,0.4003,1
0.87,0,0.0,0,0,16,0.1429,0,5.53,0.24,0,0,0.315,0
0.8836,1,0.1111,0,0,19,0.2693,1,6.35,-0.29,0,0,0.8369,1
0.6756,4,0.25,0,2,17,0.1407,0,5.52,-0.37,1,39,0.5814,1
0.5878,6,0.3,1,5,17,0.1225,1,3.85,-1.1,0,0,0.6278,1
0.6805,3,0.1765,1,0,8,0.3466,1,4.76,-1.69,0,0,0.6293,0
0.3324,11,0.5238,2,6,3,0.4892,1,5.5,-1.67,0,0,0.4862,1
0.9735,1,0.0345,0,1,3,0.0142,1,7.22,0.41,0,0,0.617,0
0.4092,3,0.4286,0,1,10,0.6434,6,6.22,-1.57,1,7,0.5273,1
0.6269,8,0.3333,2,5,3,0.5,0,3.73,-1.72,0,0,0.741,1
0.4401,2,0.5,0,1,18,0.7191,2,3.36,-1.9,0,0,0.7664,1
0.8887,2,0.08,0,1,2,0.2352,0,5.24,-0.19,0,0,0.5406,0
0.6514,4,0.25,3,1,12,0.5827,1,7.53,-0.57,0,0,0.5988,0
0.685,3,0.1364,0,1,20,0.3759,1,7.51,-0.47,0,0,0.4288,1
0.7195,1,0.1429,0,0,9,0.153,1,8.07,-0.44,0,0,0.4975,1
0.8014,2,0.1818,1,1,7,0.3267,1,3.97,-0.67,1,9,0.6495,0
0.9439,0,0.0,0,0,3,0.22,1,7.97,-0.28,0,0,0.3874,0
0.7134,6,0.24,1,2,3,0.0571,1,6.06,-0.78,0,0,0.5113,0
0.7958,1,0.0714,3,1,7,0.5277,3,7.18,-0.46,0,0,0.457,0
0.8539,2,0.0909,0,2,19,0.22,2,7.58,0.27,0,0,0.6113,0
0.9891,0,0.0,0,0,2,0.3189,2,6.82,-1.55,1,39,0.6557,0
0.7029,1,0.1111,1,0,13,0.547,1,5.21,-0.84,0,0,0.2706,1
0.7791,4,0.1429,0,2,11,0.1471,2,6.65,-1.02,0,0,0.6239,1
0.8309,0,0.0,2,0,14,0.6524,2,5.06,-1.83,0,0,0.6771,1
0.5598,1,0.25,1,1,1,0.7474,3,4.0,-1.52,0,0,0.4781,1
0.8455,3,0.1304,1,2,15,0.3369,2,7.55,-0.36,0,0,0.5963,0
0.7597,2,0.25,0,1,19,0.1429,1,7.92,-0.3,0,0,0.2636,0
0.7457,1,0.1111,1,1,3,0.6782,2,4.56,-1.91,0,0,0.5865,1
0.9743,1,0.0345,0,0,2,0.0552,0,7.48,-0.2,0,0,0.3008,0
0.6064,1,0.2,1,0,5,0.5404,1,5.18,-0.68,0,0,0.4685,1
0.9503,1,0.0417,0,1,0,0.1937,0,6.92,0.06,0,0,0.2855,0
0.9511,1,0.0526,1,1,2,0.058,0,8.23,-0.01,0,0,0.6094,0
0.7918,2,0.1818,1,0,19,0.2404,0,7.08,-0.4,0,0,0.2366,0
0.6823,4,0.2222,2,3,7,0.3519,0,5.58,-0.59,0,0,0.4313,0
0.8094,2,0.1333,0,2,20,0.4515,1,6.64,-1.12,1,14,0.7607,0
0.7617,4,0.1818,0,2,6,0.1045,0,9.46,-0.27,0,0,0.1696,1
0.8392,2,0.1667,0,0,7,0.2441,0,6.4,-0.59,1,22,0.4651,1
0.8532,1,0.1111,1,0,11,0.0946,0,6.25,-0.63,0,0,0.4713,0
0.7306,4,0.1818,1,0,8,0.2755,0,6.81,-1.13,1,21,0.6107,1
0.5269,3,0.3333,0,2,19,0.6235,0,5.31,-2.25,0,0,0.7003,1
0.5811,7,0.3333,1,7,12,0.4332,2,5.55,-1.11,1,33,0.5754,1
0.6601,1,0.25,0,0,15,0.5242,0,6.47,-1.82,0,0,0.7114,1
0.9809,0,0.0,0,0,2,0.0651,0,9.15,-0.88,0,0,0.4729,0
0.6438,2,0.2857,4,0,2,0.1568,0,5.41,-1.1,0,0,0.6635,1
0.7088,2,0.25,0,2,14,0.3937,2,5.3,-1.23,0,0,0.3619,1
0.9095,1,0.0476,0,1,3,0.1536,1,7.62,-0.02,0,0,0.4929,0
0.9419,0,0.0,1,0,1,0.0374,0,8.78,-0.29,0,0,0.4758,0
0.9729,0,0.0,0,0,1,0.081,0,7.58,-0.27,0,0,0.5453,0
0.8862,1,0.0556,0,0,16,0.62,1,8.25,-0.79,0,0,0.4243,0
0.3736,9,0.5625,5,6,16,0.6346,1,6.16,-2.15,0,0,0.7263,1
0.6606,3,0.1875,2,3,18,0.45,2,7.05,-1.57,0,0,0.2954,1
0.8701,3,0.1154,1,3,20,0.7703,3,5.45,-1.44,0,0,0.6695,1
0.9079,1,0.0417,0,1,3,0.03,0,7.23,-0.27,0,0,0.2719,0
0.6399,7,0.3333,0,1,2,0.5566,0,6.23,-1.21,0,0,0.6663,1
0.655,4,0.25,1,2,6,0.3813,3,7.06,-0.77,1,11,0.5133,1
0.731,1,0.1667,3,0,12,0.4136,0,6.12,-0.61,1,25,0.6966,1
0.9449,1,0.0455,0,0,1,0.1266,1,7.24,-0.67,1,15,0.5145,0
0.5891,8,0.2857,1,5,4,0.54,2,2.36,-1.69,1,7,0.2279,1
0.7433,3,0.125,0,0,1,0.3511,1,5.57,-0.82,0,0,0.8,1
0.6806,1,0.1429,1,1,7,0.2718,0,6.83,-0.04,0,0,0.6804,0
0.9128,2,0.0667,0,1,3,0.1387,0,8.81,-0.65,0,0,0.6387,1
0.8416,2,0.1429,0,2,15,0.1927,2,5.97,-0.05,0,0,0.8264,1
0.8611,2,0.0741,0,2,4,0.2442,1,5.47,0.25,0,0,0.7192,0
0.8521,2,0.1176,0,1,18,0.2412,1,7.92,-0.95,0,0,0.6068,0
0.2179,5,0.5,2,5,3,0.7954,3,5.73,-3.31,0,0,0.4108,1
0.66,3,0.2,1,1,19,0.4864,1,7.28,-1.56,1,26,0.8367,1
0.729,4,0.25,0,0,3,0.1772,0,8.36,0.2,0,0,0.728,0
0.7886,5,0.1724,1,4,18,0.2532,1,6.45,-0.6,0,0,0.2649,0
0.8241,4,0.1429,0,1,11,0.179,0,8.44,-0.4,1,27,0.4636,0
0.9201,2,0.0741,1,0,0,0.2791,0,5.93,0.35,0,0,0.4688,0
0.7966,2,0.087,0,1,8,0.1598,0,5.75,-1.3,1,37,0.3704,0
0.9319,0,0.0,0,0,0,0.0894,0,9.29,-0.52,0,0,0.9058,1
0.595,8,0.3333,0,7,14,0.7757,2,4.04,-0.53,1,28,0.226,1
0.7568,3,0.1765,0,2,17,0.2488,2,8.68,-0.86,0,0,0.9159,1
0.8113,1,0.1667,1,0,3,0.457,2,6.99,-1.99,0,0,0.4204,1
0.9616,0,0.0,0,0,1,0.0139,0,6.06,-0.91,0,0,0.3103,0
0.9025,1,0.0769,0,1,0,0.1053,0,7.65,0.47,0,0,0.1471,0
0.77,4,0.16,1,2,5,0.1414,1,5.94,-1.72,0,0,0.6075,1
0.9786,0,0.0,0,0,1,0.1207,0,9.85,0.27,0,0,0.7252,0
0.9663,0,0.0,0,0,1,0.1576,0,9.01,-0.28,0,0,0.3528,0
0.9447,1,0.0455,0,1,2,0.1768,1,8.63,-0.2,0,0,0.6435,0
0.9324,0,0.0,0,0,2,0.2175,2,8.16,0.38,1,14,0.3165,0
0.9256,1,0.0625,0,1,0,0.0604,0,6.95,-0.07,0,0,0.2687,0
0.8101,3,0.15,0,1,7,0.408,2,6.57,-0.01,0,0,0.6406,0
0.361,9,0.4737,1,8,7,0.7467,4,5.01,-1.36,0,0,0.8824,1
0.8169,2,0.125,0,0,4,0.0968,1,8.32,0.35,0,0,0.3714,0
0.9553,1,0.0476,0,0,0,0.0251,0,8.44,0.23,0,0,0.6217,0
0.8702,2,0.08,0,2,3,0.05,0,8.36,-0.44,0,0,0.4254,0
0.5798,6,0.2727,2,2,18,0.8668,3,5.06,-2.2,0,0,0.3467,1
0.6119,7,0.2333,1,1,13,0.5846,3,5.14,-1.98,1,26,0.6434,1
0.7719,2,0.1429,0,0,11,0.3095,0,7.21,-0.19,0,0,0.2311,1
0.5497,5,0.2381,1,4,12,0.9414,7,6.43,-1.03,0,0,0.4468,1
0.6447,6,0.2308,2,2,9,0.2317,0,7.47,-0.77,0,0,0.5577,0
0.9854,0,0.0,1,0,2,0.0361,1,7.33,0.16,0,0,0.2717,0
1.0,0,0.0,0,0,1,0.1931,0,7.82,0.1,0,0,0.7752,0
0.9397,1,0.0476,0,0,2,0.62,1,6.3,-1.34,0,0,0.4965,1
0.5154,3,0.3,0,2,20,0.5458,2,6.53,-0.93,1,13,0.8098,1
0.8064,1,0.2,2,0,15,0.1569,0,6.81,-1.23,0,0,0.7061,1
0.8613,0,0.0,0,0,12,0.1596,1,8.56,-0.41,0,0,0.5216,0
0.6812,5,0.1667,1,4,1,0.2987,0,3.93,-0.45,0,0,0.5775,0
0.6394,1,0.2,1,1,20,0.2099,1,4.8,-0.65,0,0,0.2647,1
0.9689,0,0.0,0,0,1,0.0527,0,7.44,0.22,0,0,0.8685,0
0.965,0,0.0,0,0,1,0.1078,0,8.73,-0.78,0,0,0.1457,0
0.8403,1,0.1429,1,0,20,0.4278,1,4.78,-0.87,0,0,0.7339,0
0.8831,1,0.0455,0,0,11,0.0805,0,7.1,-0.88,0,0,0.2763,0
0.7236,3,0.2,2,1,18,0.3037,1,5.88,-0.39,0,0,0.276,0
0.9428,1,0.037,0,1,2,0.1268,1,7.19,-0.27,0,0,0.6963,0
0.9151,1,0.0625,0,1,0,0.0567,0,7.78,-0.87,0,0,0.8629,0
0.6607,3,0.2727,1,1,1,0.2576,2,6.42,-0.64,0,0,0.2214,0
0.9127,2,0.0833,0,2,3,0.0979,0,7.57,-0.3,0,0,0.6754,1
0.8123,3,0.1364,0,2,5,0.4162,1,6.02,-1.7,1,44,0.4389,1
0.8847,1,0.0556,0,1,18,0.1806,0,6.09,0.23,0,0,0.3412,1
0.9065,0,0.0,1,0,0,0.0936,0,6.59,-0.55,1,2,0.1434,1
0.8181,1,0.1429,2,0,10,0.1113,0,6.38,-1.13,1,17,0.2502,1
0.9977,0,0.0,0,0,1,0.0154,0,9.88,-0.23,0,0,0.7288,1
0.8614,0,0.0,0,0,8,0.1046,1,7.37,-0.05,0,0,0.4854,0
0.859,2,0.0714,0,2,14,0.3053,1,5.46,-0.71,0,0,0.5164,0
0.5695,10,0.3448,1,3,5,0.6547,0,6.89,-1.36,0,0,0.5996,1
0.3613,15,0.5556,3,9,14,0.8004,5,4.09,-2.7,0,0,0.5265,1
0.9389,1,0.0625,0,0,1,0.0767,1,7.95,0.37,0,0,0.4966,0
0.8385,2,0.0909,0,2,1,0.0362,0,7.79,-0.76,0,0,0.6376,0
1.0,0,0.0,0,0,2,0.2199,2,7.06,0.16,0,0,0.8241,0
0.6415,1,0.1667,2,0,11,0.3479,3,5.99,-0.71,0,0,0.3996,1
0.9193,0,0.0,0,0,2,0.08,0,8.51,-0.02,0,0,0.3942,0
0.7252,1,0.1111,0,0,13,0.3348,1,5.66,-0.83,0,0,0.3694,1
0.9414,1,0.04,0,0,2,0.0612,0,8.38,0.47,0,0,0.458,0
0.5515,9,0.375,2,5,16,0.2805,0,5.67,-1.03,1,26,0.5503,1
0.9338,1,0.0556,0,1,2,0.1048,0,7.65,0.11,0,0,0.4724,0
0.745,1,0.1,1,0,20,0.2405,0,5.6,-0.8,0,0,0.3164,1
0.6756,4,0.1481,0,2,7,0.3462,0,5.71,-1.01,1,3,0.7302,1
0.8498,1,0.1429,0,1,12,0.2068,0,5.81,-1.13,0,0,0.8798,0
0.7562,3,0.2,1,3,3,0.532,4,8.38,-1.39,1,33,0.0989,1
1.0,0,0.0,0,0,3,0.1136,1,7.85,-0.11,0,0,0.6814,1
1.0,0,0.0,0,0,2,0.0837,1,7.63,-0.77,0,0,0.6927,0
0.8567,1,0.0625,1,0,5,0.0916,0,9.13,0.15,0,0,0.4445,1
0.6839,5,0.1786,3,2,7,0.2764,1,6.14,-0.02,1,34,0.3054,1
0.8191,2,0.1053,0,1,18,0.4794,3,5.07,-2.03,0,0,0.7269,0
0.7239,4,0.1739,2,2,19,0.3217,1,8.84,-1.77,0,0,0.3412,1
0.9066,2,0.0909,1,1,0,0.0327,0,7.17,0.4,0,0,0.4465,0
0.9131,1,0.0769,1,0,3,0.0328,0,8.08,-0.07,0,0,0.813,0
0.6057,1,0.25,0,1,10,0.3482,0,4.39,-1.36,0,0,0.7556,1
0.955,1,0.0556,0,0,2,0.0462,0,7.61,-0.16,0,0,0.5498,0
0.8677,1,0.0909,0,1,3,0.6197,3,5.19,-1.58,1,16,0.2084,1
0.5683,7,0.2917,3,6,13,0.2239,1,5.55,-0.08,0,0,0.486,0
0.9922,0,0.0,0,0,3,0.22,0,8.38,-0.91,0,0,0.8369,0
0.8986,2,0.0833,0,1,16,0.3803,1,6.13,-0.46,0,0,0.6309,1
0.8326,2,0.0952,0,0,5,0.1966,0,8.81,-0.4,0,0,0.4715,0
0.8017,2,0.125,0,1,14,0.2488,0,5.34,-0.5,1,42,0.5821,1
0.697,4,0.1481,0,0,2,0.1722,1,5.78,-0.06,1,10,0.4431,1
0.5999,1,0.25,0,0,9,0.2974,1,4.0,-0.34,0,0,0.7376,1
0.734,4,0.1538,1,3,2,0.5136,1,4.75,-2.46,0,0,0.2549,1
0.868,1,0.0909,0,0,1,0.4722,1,5.18,-0.84,0,0,0.3672,0
0.7645,1,0.125,1,0,8,0.4577,2,6.69,-0.55,0,0,0.3439,1
0.6953,2,0.2857,1,2,19,0.4483,0,6.99,-0.79,0,0,0.263,0
0.6636,1,0.1667,0,0,2,0.5636,2,4.34,-0.36,0,0,0.5327,1
0.7218,3,0.12,1,2,7,0.3585,1,6.28,-1.55,0,0,0.7593,0
0.8911,1,0.1667,0,1,17,0.0506,0,8.07,-1.03,0,0,0.2492,0
0.5444,4,0.3077,1,2,8,0.2396,2,5.2,-1.54,0,0,0.2846,1
0.7664,6,0.2,0,1,9,0.62,3,7.8,-1.09,0,0,0.854,0
0.8761,1,0.0556,1,0,3,0.3234,0,5.91,0.2,0,0,0.2792,0
0.8936,2,0.087,0,1,7,0.1303,0,8.18,-0.69,0,0,0.4282,0
0.9863,0,0.0,0,0,0,0.0817,0,7.7,-0.43,0,0,0.4162,0
0.7892,2,0.1667,1,2,19,0.5277,1,6.19,-1.03,1,43,0.7902,1
0.8989,1,0.0526,0,0,10,0.3616,2,5.44,-0.84,0,0,0.6167,0
0.6655,3,0.2727,2,3,19,0.1071,0,8.12,-0.85,1,32,0.469,1
0.8263,2,0.1053,1,2,8,0.1611,0,6.89,-1.02,0,0,0.4587,0
0.7466,5,0.2174,1,3,13,0.249,2,5.08,-1.29,0,0,0.551,1
0.2799,9,0.45,3,7,15,0.817,1,3.64,-1.87,1,37,0.4674,1
0.6938,2,0.1818,0,1,18,0.3817,3,7.05,-1.25,0,0,0.1528,0
0.9113,1,0.0556,0,0,2,0.22,0,8.69,-0.18,0,0,0.4449,0
0.8057,2,0.1429,0,1,9,0.1957,0,5.46,-0.39,0,0,0.3089,0
0.5042,8,0.381,1,6,4,0.78,1,3.38,-0.64,1,6,0.7504,1
0.9081,1,0.05,0,0,2,0.0202,0,6.92,0.33,1,41,0.713,0
0.8504,3,0.1304,1,2,18,0.2744,0,6.95,-0.44,0,0,0.3488,0
0.8948,2,0.0714,0,2,9,0.1568,1,7.35,-0.49,1,38,0.4635,0
0.8203,3,0.1875,1,0,5,0.3666,1,5.29,-1.01,1,17,0.4604,1
0.7812,3,0.1364,0,1,1,0.2265,0,6.84,-1.6,0,0,0.5224,0
0.5321,5,0.2381,1,3,6,0.1317,1,3.55,-0.22,0,0,0.7326,1
0.9199,0,0.0,1,0,2,0.2184,0,8.19,0.32,0,0,0.8249,0
0.7145,2,0.1333,1,1,11,0.2741,1,6.22,-0.67,0,0,0.6627,0
0.7532,3,0.1667,2,2,17,0.1124,3,9.75,-0.72,1,19,0.3254,1
0.6892,3,0.1875,1,2,2,0.2985,0,3.97,-0.84,0,0,0.3228,1
0.7234,3,0.1765,0,1,9,0.1541,0,4.13,-1.21,0,0,0.3164,1
0.8273,1,0.0769,1,0,7,0.0828,0,6.35,-0.83,0,0,0.3904,0
1.0,0,0.0,0,0,1,0.0264,0,8.62,-0.48,0,0,0.1323,0
0.7752,1,0.1429,1,1,1,0.4868,0,5.08,-1.46,0,0,0.3462,0
0.6504,5,0.2632,1,2,19,0.331,0,6.43,-0.9,0,0,0.8289,1
0.8311,3,0.1154,0,3,2,0.263,0,7.84,-0.92,0,0,0.7575,1
0.9837,0,0.0,0,0,2,0.0203,0,7.16,0.33,0,0,0.6516,0
0.811,4,0.1818,0,3,13,0.2771,0,7.58,-0.63,0,0,0.6589,1
0.6676,6,0.2,1,1,13,0.1952,1,6.41,0.49,0,0,0.5712,0
0.9571,1,0.0588,0,0,3,0.2901,0,7.79,-1.2,0,0,0.3949,1
0.9592,1,0.0385,0,0,2,0.22,2,7.54,-0.39,0,0,0.7967,0
0.7135,4,0.1739,0,2,9,0.1173,0,8.85,-0.87,1,16,0.4434,1
0.6734,1,0.2,0,0,18,0.2459,1,7.58,-0.76,0,0,0.8633,1
0.7789,1,0.125,1,0,20,0.4171,0,8.78,-0.7,0,0,0.483,1
0.9478,1,0.0345,0,1,0,0.581,4,3.83,-0.79,1,32,0.6072,1
0.5914,4,0.2222,0,1,6,0.1378,0,9.25,-0.1,0,0,0.7204,0
0.7321,6,0.2069,2,6,6,0.4174,1,6.19,-1.04,1,9,0.4335,1
0.7747,2,0.1176,0,1,17,0.1833,0,7.37,-0.45,0,0,0.131,0
0.9756,0,0.0,0,0,3,0.1018,0,6.72,-0.64,0,0,0.6339,0
0.6584,5,0.2778,2,4,15,0.0657,1,7.17,-0.04,1,4,0.9118,1
0.8416,1,0.1667,0,0,1,0.3511,2,4.66,-0.5,0,0,0.3992,1
1.0,0,0.0,0,0,1,0.0989,0,7.13,-0.33,0,0,0.5551,0
0.9847,0,0.0,0,0,1,0.1232,0,6.88,0.76,0,0,0.518,0
0.7241,7,0.2333,0,6,17,0.4119,1,6.19,-0.67,0,0,0.8334,1
0.9393,0,0.0,0,0,0,0.1014,0,8.08,0.35,0,0,0.6777,0
0.8844,1,0.0667,1,0,16,0.066,1,7.45,-0.7,0,0,0.4689,0
0.7239,6,0.2222,2,3,8,0.2952,0,3.71,-0.52,0,0,0.2402,1
0.7912,2,0.1111,0,1,15,0.6059,5,6.79,-1.65,1,37,0.3821,0
0.2622,14,0.6087,1,10,3,0.6241,1,5.99,-2.05,1,17,0.1968,1
0.7563,1,0.125,0,1,15,0.1576,0,8.12,-0.65,0,0,0.9324,1
0.9858,0,0.0,0,0,3,0.1265,1,8.34,0.07,0,0,0.3561,0
0.8515,1,0.0588,0,1,19,0.1742,0,7.53,-1.04,0,0,0.6254,1
0.7485,4,0.1905,1,3,9,0.2373,0,8.21,-0.93,0,0,0.4866,1
1.0,0,0.0,0,0,2,0.0261,0,8.74,0.33,0,0,0.3526,0
0.4274,13,0.5,0,10,3,0.8981,2,6.41,-1.98,0,0,0.7728,1
0.5196,7,0.3889,2,3,20,0.7344,5,4.15,-0.58,0,0,0.5611,1
0.7496,3,0.1429,0,2,11,0.5929,1,5.89,-1.57,1,30,0.6617,1
0.7115,1,0.25,0,0,11,0.5085,2,4.86,-1.27,1,23,0.2645,1
1.0,0,0.0,0,0,2,0.0069,0,9.46,0.31,0,0,0.1485,0
0.8393,4,0.1333,0,1,5,0.403,2,5.85,-0.46,0,0,0.5331,1
0.613,1,0.2,0,0,9,0.2124,0,7.87,-0.11,1,10,0.4845,1
0.613,7,0.2593,1,1,13,0.4514,4,5.19,-1.07,0,0,0.3249,1
0.5717,3,0.2143,2,0,11,0.3327,0,5.43,-1.06,1,12,0.6252,1
0.7664,1,0.1,2,1,9,0.62,3,6.73,-0.34,0,0,0.2756,0
0.4408,11,0.4231,1,2,19,0.7031,2,3.28,-0.86,1,39,0.1235,1
0.3639,4,0.4444,2,2,5,0.6273,2,5.11,-1.5,0,0,0.4418,1
0.63,2,0.25,2,1,14,0.8606,2,4.72,-2.13,0,0,0.4439,1
0.7451,2,0.1818,1,0,8,0.3509,3,5.21,-0.96,0,0,0.4227,0
0.6656,2,0.1818,1,1,13,0.6594,4,4.14,-2.04,0,0,0.363,1
0.7702,3,0.1765,0,2,13,0.1298,0,5.63,-0.52,0,0,0.7211,0
0.4635,4,0.3077,1,3,14,0.57,3,4.29,-0.64,1,24,0.3468,1
0.6747,6,0.2308,1,6,3,0.2746,1,6.84,-0.88,0,0,0.297,1
0.8286,1,0.1111,0,1,15,0.3744,1,6.46,-0.53,0,0,0.5348,1
0.8425,2,0.1,0,0,7,0.4474,1,6.94,-0.8,0,0,0.7089,0
0.7312,2,0.1429,0,2,9,0.4676,1,6.96,-0.98,0,0,0.7982,1
0.7296,6,0.2308,1,1,16,0.2042,2,7.54,-1.28,0,0,0.5476,1
0.6511,8,0.3077,0,7,6,0.3305,1,8.07,-1.31,0,0,0.7923,1
0.8493,2,0.0741,1,2,15,0.1586,1,6.29,-0.53,1,45,0.4767,1
0.6737,1,0.1429,0,0,12,0.2991,3,3.28,-0.68,0,0,0.5423,0
0.9397,0,0.0,1,0,2,0.0815,0,7.29,0.99,0,0,0.1409,0
0.6621,3,0.15,0,1,8,0.3474,0,4.65,-1.77,1,22,0.3503,1
0.9758,0,0.0,0,0,3,0.151,0,6.99,-0.53,0,0,0.544,0
0.8242,2,0.1667,0,2,10,0.4167,1,6.69,-0.73,1,33,0.8183,0
0.4425,9,0.4737,1,0,12,0.4162,0,7.0,-1.49,0,0,0.6938,1
0.7873,2,0.1333,0,2,11,0.2712,0,7.79,-0.32,0,0,0.4014,1
0.9444,1,0.0833,0,1,1,0.1893,0,7.58,-0.42,0,0,0.6675,0
0.9598,1,0.04,0,0,1,0.0296,0,8.89,-0.3,0,0,0.3018,1
0.6414,3,0.25,0,3,2,0.7442,3,4.43,-0.77,0,0,0.6244,1
0.8879,1,0.05,0,0,17,0.3027,0,7.12,-0.78,0,0,0.4946,0
0.8701,1,0.1111,0,1,5,0.4037,1,6.07,-0.91,1,1,0.3348,0
0.7407,5,0.1852,0,3,6,0.2027,0,5.1,-0.94,0,0,0.6583,1
0.9687,1,0.0435,0,0,1,0.0071,0,9.16,-0.91,0,0,0.7749,0
0.6321,6,0.3158,1,1,20,0.2904,1,5.49,-1.32,0,0,0.8623,1
0.6662,4,0.1818,3,0,10,0.7314,3,4.27,-0.79,0,0,0.8167,1
0.6245,9,0.3333,2,4,1,0.7434,2,3.91,-0.68,0,0,0.8149,1
0.8004,1,0.125,1,1,17,0.5092,2,6.41,-2.13,0,0,0.8665,1
0.6337,4,0.2105,0,1,16,0.424,4,6.35,-0.42,0,0,0.5531,1
0.471,7,0.3333,1,4,5,0.7643,3,4.47,-2.33,0,0,0.4219,1
0.7306,4,0.1667,1,2,16,0.3647,2,5.52,-0.36,1,12,0.6836,1
0.9199,1,0.0714,0,0,2,0.5345,1,5.11,-0.3,0,0,0.786,1
0.6299,6,0.24,1,1,5,0.8966,2,2.49,-1.55,0,0,0.4581,1
1.0,0,0.0,0,0,1,0.0089,0,8.36,-0.21,0,0,0.3052,0
0.8349,4,0.1538,0,4,9,0.4946,1,5.28,-0.74,1,35,0.4353,1
0.9775,0,0.0,0,0,3,0.263,2,4.34,-1.1,0,0,0.5938,0
0.8486,2,0.125,1,2,14,0.2386,2,5.06,-0.88,1,9,0.5201,1
0.9469,0,0.0,1,0,3,0.22,0,7.5,-0.21,0,0,0.6991,0
0.9452,1,0.0357,1,1,0,0.0233,0,7.93,-0.03,0,0,0.5992,0
0.8799,2,0.1111,0,2,8,0.0552,1,8.79,0.57,0,0,0.8174,0
0.843,1,0.2,0,1,18,0.7535,3,3.94,-1.33,1,40,0.68,1
0.8342,3,0.1304,1,1,12,0.1316,0,6.64,0.31,0,0,0.7511,0
0.9245,1,0.0357,0,0,2,0.3197,1,5.34,-0.34,1,14,0.3477,1
0.9395,1,0.0345,1,1,3,0.0457,1,8.15,0.52,0,0,0.434,0
0.8181,1,0.1111,1,0,4,0.1703,1,6.83,0.46,0,0,0.2663,0
0.6546,2,0.25,4,0,12,0.2961,2,4.68,-0.57,0,0,0.6835,1
0.6365,4,0.1818,0,3,7,0.3874,2,4.56,-1.1,0,0,0.8039,1
0.4627,4,0.3636,2,2,10,0.5912,2,4.88,-1.75,0,0,0.5757,1
0.9481,1,0.037,0,0,2,0.22,0,9.44,-0.46,0,0,0.6331,0
0.7521,3,0.2,5,1,12,0.529,2,4.81,-1.76,1,36,0.5029,1
0.8027,2,0.1429,0,0,19,0.1542,1,7.57,-0.01,1,1,0.4314,0
0.7749,4,0.1379,2,2,17,0.0415,0,7.11,-0.83,0,0,0.3981,0
0.7028,2,0.2857,0,1,2,0.2678,1,5.01,-0.49,1,38,0.5184,1
0.9395,1,0.0588,0,1,0,0.0592,0,8.23,0.32,0,0,0.4778,0
0.9115,1,0.0588,0,1,3,0.0864,1,8.04,-0.74,0,0,0.8559,0
0.8885,2,0.0952,2,0,5,0.2873,2,6.56,-0.8,1,18,0.3509,0
0.8645,2,0.0741,1,0,16,0.2459,1,4.7,-1.23,0,0,0.8654,1
0.9013,2,0.1,0,2,0,0.0443,0,8.13,-0.51,0,0,0.639,0
0.7348,4,0.1905,0,1,7,0.0813,0,6.51,-0.34,0,0,0.5074,1
0.613,6,0.2222,2,3,11,0.4421,1,6.38,-0.73,0,0,0.7568,1
0.6764,5,0.1852,1,0,20,0.5321,2,2.76,-1.63,1,36,0.5954,1
0.797,2,0.2,0,2,5,0.0553,0,7.01,-0.69,0,0,0.5226,0
0.5098,8,0.3333,1,5,12,0.7378,4,5.5,-1.05,0,0,0.1464,1
1.0,0,0.0,0,0,2,0.2129,0,6.3,-0.4,0,0,0.4133,0
0.3002,5,0.625,2,3,2,0.8742,3,3.89,-1.87,1,21,0.7036,1
0.8323,1,0.0833,1,0,6,0.0525,1,4.8,-0.44,1,6,0.6965,0
0.8915,1,0.0476,0,1,8,0.2889,0,5.57,-1.78,0,0,0.2399,0
0.7159,1,0.125,0,0,1,0.72,4,5.25,-2.23,0,0,0.3057,1
0.9044,2,0.08,1,1,2,0.1386,1,8.14,-0.55,0,0,0.2684,0
0.9734,0,0.0,1,0,0,0.22,2,6.94,-0.18,0,0,0.6905,0
0.7131,5,0.2083,2,0,4,0.8468,5,5.54,-2.24,1,9,0.2862,1
0.8657,2,0.1111,0,1,3,0.3044,0,4.75,-1.18,1,31,0.2042,0
0.747,2,0.25,0,0,12,0.5613,2,6.18,-0.47,0,0,0.5705,0
0.7705,1,0.2,1,1,20,0.7354,3,5.01,-1.99,0,0,0.5277,1
0.8837,2,0.0909,0,1,18,0.1255,0,8.39,-0.42,0,0,0.4875,0
0.7387,3,0.2,1,3,16,0.1122,0,6.23,-0.35,1,34,0.3639,1
0.7752,4,0.1429,2,2,1,0.6552,2,5.18,-1.74,0,0,0.6443,1
0.757,2,0.1667,0,0,14,0.2056,1,5.58,-0.96,0,0,0.3163,0
0.6255,2,0.1667,1,1,1,0.412,1,6.92,-1.86,0,0,0.7506,0
0.9369,0,0.0,0,0,2,0.2067,0,7.2,0.1,0,0,0.2942,0
0.8261,3,0.15,1,3,6,0.3753,1,8.77,-1.1,0,0,0.5351,0
0.5408,6,0.3158,2,5,20,0.8661,3,5.72,-1.45,0,0,0.5541,1
0.8574,2,0.0909,0,2,16,0.3417,0,7.81,-0.23,0,0,0.6541,0
0.8145,3,0.1,0,2,18,0.282,1,7.39,-0.77,1,24,0.8298,1
0.8773,1,0.0769,1,1,14,0.2499,1,5.74,-1.1,0,0,0.7178,0
0.7829,3,0.1579,0,1,5,0.0348,0,7.94,-0.28,0,0,0.2628,0
0.8205,1,0.0909,0,1,19,0.2445,0,7.64,-1.51,0,0,0.3839,0
0.7587,4,0.1333,0,2,2,0.313,1,5.92,-0.49,1,9,0.4161,1
0.8999,1,0.1111,2,0,17,0.0895,0,7.9,-0.44,0,0,0.5515,0
0.7176,3,0.125,2,1,16,0.527,0,6.69,-0.83,0,0,0.5458,1
0.8044,4,0.1818,1,3,4,0.3294,1,6.52,-0.1,1,1,0.3747,1
0.5966,7,0.2333,0,0,12,0.4746,1,5.63,-1.16,0,0,0.3875,1
0.5418,2,0.3333,2,0,9,0.476,2,3.97,-1.1,1,6,0.5758,1
0.6193,1,0.1667,0,1,12,0.2441,2,4.52,-0.58,0,0,0.5933,0
0.9558,1,0.0385,0,0,2,0.0274,0,8.27,0.14,0,0,0.6594,0
0.8169,2,0.1111,1,1,9,0.3519,2,8.26,-0.48,0,0,0.5805,0
0.7793,2,0.1667,0,0,3,0.3565,1,3.06,-1.15,0,0,0.5821,1
0.5463,6,0.2308,1,2,20,0.186,1,4.33,-1.28,0,0,0.2698,1
0.7794,3,0.2308,0,2,10,0.0805,0,8.31,-0.28,0,0,0.4433,1
0.815,1,0.1111,1,1,4,0.2972,0,4.67,-0.86,0,0,0.8943,0
0.8231,3,0.1154,0,1,17,0.0753,1,7.01,-0.31,0,0,0.6173,1
0.9392,0,0.0,0,0,3,0.0051,0,7.99,0.56,0,0,0.6685,0
0.6403,6,0.2143,1,4,8,0.133,0,7.49,-0.88,0,0,0.5897,0
0.7659,3,0.2308,4,1,15,0.45,1,8.15,-1.21,0,0,0.6326,1
0.8194,3,0.1,1,1,11,0.1673,1,7.74,-0.05,0,0,0.5341,0
0.7695,1,0.125,1,1,20,0.2949,2,5.29,-0.38,0,0,0.5029,1
0.9175,1,0.05,0,1,2,0.3258,3,8.41,-0.92,0,0,0.5488,0
0.965,0,0.0,0,0,0,0.0169,0,8.61,0.44,0,0,0.644,0
0.9308,1,0.0385,0,0,1,0.0478,0,8.1,0.3,0,0,0.4927,0
0.8249,3,0.1304,0,0,2,0.5659,0,6.51,-0.2,0,0,0.3477,1
0.8943,1,0.0417,0,0,2,0.1306,1,8.71,-0.56,0,0,0.3171,0
0.9123,1,0.0909,0,1,2,0.4321,1,6.18,-1.8,0,0,0.4944,0
0.8362,1,0.0909,0,1,4,0.3395,4,5.97,-0.58,0,0,0.7574,0
0.8322,1,0.25,0,0,18,0.3047,1,6.56,-0.52,0,0,0.649,0
0.8263,1,0.1667,0,1,16,0.2848,1,7.13,-0.37,0,0,0.3697,0
0.858,1,0.1111,0,0,20,0.62,1,7.59,-1.08,1,17,0.532,1
0.8799,1,0.0769,0,1,17,0.5107,1,6.63,-0.9,1,19,0.6754,1
0.9378,1,0.037,0,1,2,0.1509,0,8.27,-0.74,0,0,0.5517,0
0.98,0,0.0,0,0,0,0.6033,0,5.3,-1.09,0,0,0.5808,0
0.8571,2,0.0909,0,0,10,0.59,2,6.59,-1.23,0,0,0.7515,1
0.6089,3,0.3333,1,1,8,0.567,0,5.84,-1.69,0,0,0.5763,1
0.8132,2,0.1,1,0,2,0.0364,0,8.84,-0.67,0,0,0.4682,0
0.8637,3,0.1,1,2,11,0.0401,0,6.83,-0.34,0,0,0.2924,1
0.6876,3,0.25,3,0,2,0.2104,0,4.64,-1.21,0,0,0.5651,1
1.0,0,0.0,0,0,1,0.0047,0,8.7,0.03,0,0,0.2471,0
0.746,3,0.1154,1,3,6,0.1443,0,6.96,-1.29,0,0,0.5875,0
0.7767,1,0.1429,0,0,16,0.705,1,6.44,-0.92,0,0,0.6527,1
0.7152,1,0.25,1,1,4,0.1077,1,7.82,0.15,1,30,0.4698,0
0.95,1,0.0455,0,0,0,0.0302,0,8.53,-0.51,0,0,0.248,0
0.8375,2,0.1176,0,0,3,0.3101,1,5.07,-0.38,0,0,0.7656,0
0.8115,1,0.1111,0,0,13,0.1836,0,5.97,-1.32,0,0,0.5034,0
0.8364,2,0.08,0,1,4,0.1938,0,9.32,-1.16,0,0,0.6469,0
0.5847,7,0.3333,0,2,20,0.2818,0,6.24,-1.22,0,0,0.6454,1
0.8133,3,0.15,3,2,2,0.1546,2,7.79,-0.37,0,0,0.7096,0
0.8372,3,0.1579,0,2,1,0.4168,0,7.24,-0.82,0,0,0.8563,0
0.6123,3,0.2143,1,1,2,0.4665,1,6.17,-1.5,0,0,0.3599,1
0.8927,1,0.0714,0,1,18,0.0483,0,7.48,-0.17,0,0,0.3339,0
0.8012,5,0.1724,0,5,17,0.033,0,6.81,-0.69,0,0,0.2353,1
0.6817,6,0.2069,2,3,19,0.3444,2,6.52,-1.82,1,29,0.6584,1
0.7782,6,0.2069,0,4,2,0.2535,0,7.31,-0.95,0,0,0.6502,1
0.8835,2,0.0909,0,2,14,0.3785,2,7.23,-1.44,0,0,0.4122,0
0.7857,3,0.1667,1,1,9,0.267,0,3.87,-1.46,0,0,0.2252,1
0.3692,11,0.3793,5,7,6,0.5301,2,4.61,-1.19,0,0,0.5973,1
0.7954,2,0.125,1,2,16,0.3372,0,6.57,-1.24,0,0,0.3131,1
0.6733,1,0.1667,1,1,16,0.2769,0,4.35,-1.52,1,43,0.4162,1
0.7788,4,0.1739,2,1,17,0.4073,1,4.92,-0.55,0,0,0.1178,0
0.4222,2,0.4,2,0,9,0.7927,4,4.9,-3.08,0,0,0.1785,1
0.5904,6,0.3333,0,3,14,0.5241,3,5.18,-0.96,1,7,0.3509,1
0.5462,9,0.4286,0,9,17,0.4136,0,5.13,-1.04,0,0,0.5213,1
0.3713,9,0.4737,3,5,9,0.7945,1,4.62,-2.1,0,0,0.346,1
0.7851,3,0.1667,0,3,1,0.2173,1,8.32,-0.44,0,0,0.4507,0
0.8071,2,0.1667,4,0,12,0.3141,0,6.29,-0.76,1,23,0.4652,1
0.8312,2,0.1111,0,2,13,0.434,0,7.15,-0.72,0,0,0.419,0
0.9645,1,0.0345,0,0,1,0.0219,0,6.62,-0.64,0,0,0.2987,0
0.7323,1,0.125,1,0,14,0.5922,2,3.57,-1.91,1,32,0.4239,1
0.9433,1,0.0345,0,1,3,0.2054,1,8.42,-0.74,0,0,0.3282,0
0.5245,3,0.4286,0,2,8,0.5578,0,4.05,-1.1,0,0,0.2975,1
0.8117,1,0.125,0,0,16,0.6161,0,5.64,-0.94,1,23,0.6528,1
0.8743,2,0.0741,0,1,3,0.03,0,8.26,-0.03,0,0,0.6677,1
0.84,1,0.0833,0,1,17,0.4291,1,6.47,-0.86,0,0,0.4806,0
0.9087,1,0.0625,0,1,0,0.0943,1,8.73,-0.79,0,0,0.4567,0
0.8721,1,0.0417,1,0,15,0.4859,0,5.44,-0.43,1,27,0.5216,0
0.8892,2,0.1111,0,2,3,0.4827,0,6.6,-0.41,0,0,0.3965,0
0.4656,11,0.4231,1,1,10,0.555,3,4.67,-1.23,0,0,0.5133,1
0.9472,1,0.0476,0,1,3,0.1612,1,8.2,-0.05,0,0,0.594,0
0.8697,2,0.0833,0,2,6,0.4538,0,5.97,-0.6,0,0,0.6044,1
0.9636,0,0.0,0,0,2,0.0078,0,7.6,0.3,0,0,0.4202,0
0.7679,0,0.0,1,0,6,0.1344,0,6.3,-0.84,0,0,0.5225,0
0.5082,4,0.2857,3,1,9,0.6611,2,5.23,-1.88,1,6,0.5046,1
0.7814,1,0.1667,0,1,20,0.2984,1,6.87,-0.51,0,0,0.4843,1
0.9756,1,0.04,0,0,2,0.1298,0,8.19,-0.98,0,0,0.5959,0
0.9487,1,0.0556,0,0,0,0.1162,1,7.86,0.75,0,0,0.7484,0
0.7146,1,0.2,0,1,16,0.1832,0,4.37,0.14,0,0,0.4233,0
0.8115,3,0.1667,1,0,8,0.0368,0,7.05,0.03,0,0,0.8818,1
0.5128,11,0.3929,2,4,19,0.5943,2,5.49,-1.41,1,38,0.4268,1
0.8157,2,0.1176,0,2,3,0.5879,4,7.72,-1.37,0,0,0.2672,1
0.9468,1,0.0385,1,0,0,0.0347,0,9.54,-0.67,0,0,0.738,0
0.9483,1,0.0455,0,1,1,0.22,2,6.96,-0.88,0,0,0.4005,0
0.6381,4,0.3077,2,2,2,0.1677,0,7.37,-0.93,0,0,0.4498,0
0.9612,0,0.0,0,0,0,0.1758,1,6.99,-0.31,0,0,0.5446,0
0.6936,2,0.1429,0,1,7,0.62,1,6.32,-0.77,1,25,0.329,1
0.9336,1,0.0435,1,0,0,0.1565,0,7.29,-0.61,0,0,0.442,0
0.8938,2,0.0714,1,2,2,0.4697,0,7.37,-0.58,1,3,0.7083,1
0.8093,4,0.1538,3,0,12,0.1092,0,7.11,-0.41,0,0,0.9079,0
0.6434,1,0.2,1,1,16,0.7021,5,6.22,-1.6,0,0,0.1414,1
0.8752,1,0.0625,0,0,16,0.075,0,7.64,-0.49,0,0,0.1219,0
0.8594,2,0.0909,0,1,18,0.1613,1,2.81,-0.28,0,0,0.659,1
0.9786,0,0.0,0,0,0,0.1078,0,9.78,-0.13,0,0,0.4569,0
0.635,6,0.3529,0,5,9,0.498,2,4.55,-0.23,0,0,0.2063,1
0.6349,3,0.25,1,1,1,0.2857,0,8.01,-0.96,0,0,0.5922,1
0.6237,6,0.3333,0,1,15,0.6448,0,6.3,-2.65,1,45,0.5241,1
0.9129,1,0.0909,0,0,1,0.1381,0,7.63,0.71,0,0,0.5842,0
0.8307,2,0.1538,2,1,2,0.3441,3,7.09,-1.4,0,0,0.669,0
0.5649,4,0.3636,5,3,5,0.6034,2,5.53,-1.39,0,0,0.5234,1
0.7069,1,0.1667,0,1,10,0.1968,1,7.69,-0.84,0,0,0.8401,0
0.6892,1,0.2,1,1,3,0.3769,2,5.97,-0.69,0,0,0.2516,0
0.7918,1,0.125,1,0,10,0.1911,1,8.92,-0.73,0,0,0.7242,1
0.8506,3,0.1429,1,2,15,0.2755,0,5.83,-1.23,0,0,0.4508,1
0.9822,0,0.0,0,0,0,0.45,3,8.17,-0.76,0,0,0.7648,0
0.6795,7,0.25,0,6,8,0.3567,1,7.31,0.07,0,0,0.5493,0
0.5742,1,0.25,0,0,14,0.7214,4,6.34,-1.62,0,0,0.7926,1
0.7593,5,0.1923,0,3,16,0.093,0,6.46,-0.44,0,0,0.5643,1
0.7259,3,0.1429,1,3,16,0.6165,2,6.09,-1.27,0,0,0.2965,1
0.4697,1,0.25,1,1,17,0.823,1,3.38,-2.34,0,0,0.3079,1
0.6724,7,0.28,0,6,17,0.1632,2,7.13,-1.4,0,0,0.6766,1
1.0,0,0.0,0,0,3,0.1056,1,8.79,-1.06,0,0,0.6583,0
0.8789,2,0.087,0,0,9,0.3442,2,7.39,-1.04,0,0,0.626,0
0.8225,2,0.125,1,1,7,0.4263,0,5.7,-0.82,0,0,0.7207,1
0.8322,1,0.125,1,0,14,0.1252,0,6.9,-0.53,0,0,0.4223,0
0.7195,4,0.2105,0,4,18,0.5458,0,5.91,-0.4,0,0,0.3536,1
0.9474,0,0.0,0,0,3,0.1024,1,7.69,-0.27,0,0,0.3838,0
0.7258,3,0.1579,1,3,3,0.5887,1,5.53,-0.53,0,0,0.6508,1
0.9139,1,0.0476,0,0,1,0.0646,0,8.65,-0.93,0,0,0.6161,1
0.9628,1,0.04,0,0,0,0.0736,0,9.87,0.39,0,0,0.3194,0
0.7964,2,0.1,0,2,8,0.2546,0,8.98,-1.15,0,0,0.7027,1
0.7048,7,0.2414,1,2,14,0.4237,0,7.17,-1.92,0,0,0.5328,1
0.7243,2,0.1333,1,2,6,0.4463,1,7.64,-1.06,0,0,0.713,0
0.7608,1,0.125,2,0,4,0.0806,0,6.62,-0.71,1,30,0.7764,0
0.9545,1,0.0588,2,1,3,0.2225,1,7.72,0.41,0,0,0.5036,0
0.7784,3,0.1,3,1,5,0.3446,1,5.67,-0.7,0,0,0.6904,0
0.722,4,0.2,0,0,7,0.2353,1,6.4,-1.23,0,0,0.3717,0
0.8976,1,0.125,0,0,11,0.0959,0,8.01,-0.26,0,0,0.1483,1
0.8214,1,0.125,0,1,6,0.2521,0,8.89,-0.84,0,0,0.4336,0
0.649,2,0.25,0,1,18,0.388,0,6.28,-0.83,0,0,0.39,1
0.7307,2,0.1333,2,1,18,0.1619,0,6.31,-0.19,0,0,0.2722,1
0.5222,6,0.2308,5,4,8,0.7716,3,5.2,-1.47,0,0,0.5666,1
0.5047,8,0.3478,0,4,6,0.7612,1,3.54,-1.48,1,11,0.1959,1
0.7601,3,0.1765,0,3,14,0.2046,0,8.07,-0.2,0,0,0.8763,0
0.5992,5,0.2381,0,5,6,0.4586,0,5.3,-1.0,1,8,0.8043,1
0.8961,2,0.0667,0,0,1,0.0315,0,8.52,-0.84,0,0,0.3787,0
0.3415,10,0.4348,1,4,18,0.9583,3,2.7,-1.51,0,0,0.1857,1
0.897,1,0.1,3,1,15,0.066,0,7.46,0.73,0,0,0.5545,0
0.9623,0,0.0,1,0,3,0.0158,0,8.63,-0.92,0,0,0.2951,0
0.7814,3,0.15,2,1,7,0.45,1,8.09,-0.94,0,0,0.5878,1
0.7669,3,0.2,1,1,1,0.1,0,6.92,-1.18,0,0,0.3492,0
0.8148,1,0.25,1,0,11,0.3669,1,6.83,-0.33,0,0,0.5565,0
0.843,3,0.1111,0,0,20,0.2301,0,5.36,-0.6,0,0,0.4856,1
0.8628,1,0.0909,1,1,19,0.03,0,8.21,0.79,0,0,0.4737,0
0.5736,5,0.3333,0,3,1,0.1741,2,5.77,-0.87,0,0,0.639,1
0.9911,0,0.0,0,0,1,0.1837,1,9.13,-0.21,0,0,0.635,0
0.9749,0,0.0,0,0,0,0.0916,0,8.46,-0.35,0,0,0.1882,0
0.9194,1,0.0769,0,0,1,0.2014,2,9.44,-0.29,0,0,0.4803,0
0.8849,0,0.0,1,0,3,0.7,4,6.12,-1.5,1,37,0.5776,1
0.623,5,0.3333,0,1,19,0.4707,3,3.47,-1.08,0,0,0.4086,1
0.9907,0,0.0,1,0,0,0.0411,0,8.93,-0.94,0,0,0.4844,0
0.6699,3,0.2143,1,3,2,0.6215,2,2.04,-0.97,0,0,0.5833,1
0.7923,2,0.125,1,0,20,0.1674,1,9.49,-0.7,1,19,0.2894,0
0.9378,0,0.0,1,0,2,0.1037,1,8.27,0.47,0,0,0.62,0
0.8707,1,0.0714,0,1,1,0.03,0,6.92,-0.26,0,0,0.2233,0
0.7852,4,0.1905,0,2,5,0.4098,1,5.25,-1.37,0,0,0.8833,1
0.7134,2,0.2857,1,2,4,0.3438,0,2.73,-1.7,1,45,0.4045,1
0.4681,9,0.4091,2,2,13,0.4998,4,6.99,-1.55,0,0,0.5009,1
0.5068,3,0.25,2,1,10,0.5314,0,2.2,-1.33,0,0,0.6138,1
0.9182,2,0.0667,0,2,3,0.1491,1,8.04,-0.01,0,0,0.7067,0
0.9296,1,0.0833,0,1,3,0.0282,1,8.3,-0.81,0,0,0.4072,0
0.7649,3,0.1667,1,2,14,0.1783,0,5.28,-0.6,1,5,0.6309,1
0.7851,2,0.1176,4,1,10,0.78,2,4.58,-1.31,0,0,0.3422,1
0.9424,1,0.05,0,0,3,0.1662,1,9.34,-0.14,0,0,0.443,0
0.8977,1,0.0556,0,1,6,0.1459,0,6.57,-0.74,0,0,0.8135,0
0.589,3,0.2308,1,2,11,0.3658,3,4.19,-1.2,0,0,0.7096,1
0.9064,1,0.1,1,1,3,0.0657,0,7.85,-0.33,0,0,0.6457,0
0.959,0,0.0,0,0,3,0.0192,0,9.17,0.18,0,0,0.6461,0
0.9276,1,0.0769,0,1,2,0.1198,0,7.13,-1.09,0,0,0.1011,0
0.4404,5,0.3846,3,2,14,0.6406,1,3.88,-1.5,0,0,0.4961,1
0.9341,1,0.0333,0,0,2,0.0565,0,7.34,-1.09,0,0,0.5684,0
0.7616,4,0.1333,0,0,3,0.146,0,7.55,-0.07,0,0,0.758,1
0.948,1,0.04,0,1,3,0.2089,1,9.21,0.13,0,0,0.4506,0
0.6916,5,0.1667,1,3,1,0.2195,0,4.96,-0.66,1,32,0.145,1
0.7852,3,0.1579,0,3,8,0.4366,2,7.66,-0.56,0,0,0.2385,0
1.0,0,0.0,0,0,3,0.133,0,7.1,-0.14,0,0,0.1071,0
0.919,1,0.0357,0,0,1,0.0428,0,8.77,-0.33,0,0,0.2653,0
0.7063,8,0.2759,2,3,8,0.4014,1,5.49,-1.53,0,0,0.5463,0
0.8287,2,0.2,0,2,8,0.2795,0,4.1,-0.53,0,0,0.3599,1
0.8909,1,0.0588,0,0,15,0.0087,0,8.19,-0.01,0,0,0.8917,0
0.8819,1,0.1429,0,1,18,0.261,0,5.14,-0.61,0,0,0.6338,0
0.7591,3,0.1579,0,1,17,0.3877,3,6.25,-1.12,1,12,0.5276,0
0.6541,5,0.1786,0,5,2,0.5019,1,7.03,-0.6,0,0,0.6,1
0.7281,3,0.2143,0,0,20,0.6039,4,6.99,-0.74,0,0,0.3636,0
0.9672,0,0.0,0,0,2,0.1311,0,6.78,-0.01,0,0,0.4623,1
0.8195,1,0.0667,0,0,20,0.0604,0,6.61,-0.46,0,0,0.1851,0
0.5986,1,0.25,1,1,5,0.3411,2,8.03,-1.39,0,0,0.5177,0
0.7375,1,0.2,2,0,5,0.3989,2,6.86,-0.56,1,5,0.5763,0
0.9022,1,0.0476,0,0,2,0.6197,4,8.99,-1.84,1,14,0.1859,0
0.8902,2,0.0833,0,0,7,0.2722,1,6.26,-0.71,0,0,0.7178,1
0.7251,4,0.2105,0,1,14,0.1877,0,4.92,-1.12,0,0,0.727,1
0.4782,4,0.3636,1,1,17,0.2534,2,6.07,-1.01,0,0,0.4437,1
0.6421,4,0.1667,3,3,14,0.1809,0,5.21,-1.03,0,0,0.4549,1
0.6274,4,0.25,1,1,2,0.3733,1,4.54,-1.27,1,27,0.4703,1
0.7976,3,0.1111,0,3,8,0.3863,0,7.13,-0.85,0,0,0.4084,1
0.7392,1,0.1111,2,0,4,0.473,3,6.49,-0.9,0,0,0.2648,0
0.732,2,0.25,0,0,1,0.4254,2,6.37,-1.15,0,0,0.4584,0
0.6599,5,0.1852,0,4,5,0.6207,5,6.11,-1.21,0,0,0.2536,1
0.8271,2,0.1538,0,0,7,0.1239,0,5.94,0.29,1,38,0.8326,1
0.9543,0,0.0,0,0,1,0.008,0,8.08,-0.41,0,0,0.2916,0
0.8371,1,0.125,0,1,16,0.1035,0,6.78,-0.94,0,0,0.3915,0
0.9108,0,0.0,1,0,0,0.1655,0,7.39,-0.12,0,0,0.753,0
0.6461,2,0.2222,0,1,13,0.3753,1,6.31,-0.97,0,0,0.4026,0
0.8376,2,0.1176,1,0,5,0.2405,1,5.48,-0.44,0,0,0.4827,0
0.8081,2,0.2,2,1,15,0.2605,1,6.87,-0.66,0,0,0.5181,0
0.963,0,0.0,0,0,1,0.6072,2,5.24,-1.74,0,0,0.3243,0
0.5394,3,0.2308,2,1,6,0.409,0,2.73,-1.99,1,10,0.7581,1
0.7522,4,0.2222,0,4,19,0.695,3,7.14,-1.26,1,25,0.6531,1
0.8625,1,0.0455,0,0,4,0.3274,1,6.86,-0.64,0,0,0.2009,0
0.7148,2,0.1818,0,1,4,0.2697,0,4.56,-0.7,1,22,0.5511,0
0.7988,1,0.0833,0,0,19,0.4804,4,6.33,-1.37,0,0,0.4534,1
0.8145,3,0.12,2,1,13,0.0665,0,3.62,0.47,1,15,0.3716,0
0.1948,12,0.5714,2,3,20,0.6664,2,3.82,-1.66,0,0,0.7047,1
0.5165,8,0.4,3,5,17,0.2247,0,3.22,-0.36,0,0,0.6748,1
0.9443,1,0.0556,0,1,3,0.096,0,7.0,-0.07,0,0,0.4294,0
0.9239,1,0.0476,2,1,0,0.03,0,7.01,-0.41,0,0,0.7174,0
0.4322,10,0.3448,2,7,14,0.6647,2,7.03,-1.23,0,0,0.3409,1
0.867,3,0.1304,0,0,4,0.3615,3,4.95,-0.9,1,41,0.3327,1
0.9206,1,0.0435,1,0,1,0.0255,0,7.41,-0.07,0,0,0.1371,0
0.9227,1,0.0667,0,1,1,0.22,0,8.1,-0.59,0,0,0.2065,0
0.7589,4,0.1818,0,4,9,0.78,3,5.09,-1.67,0,0,0.4278,1
0.2959,12,0.4286,2,7,9,0.3938,1,4.41,-1.9,1,9,0.5972,1
0.9135,1,0.0833,1,1,3,0.0139,0,9.2,0.0,0,0,0.734,0
0.6891,1,0.1,1,1,6,0.1439,0,5.59,0.2,1,7,0.8699,0
0.6942,2,0.1818,0,1,20,0.0974,0,7.95,-1.1,0,0,0.7439,0
0.8071,2,0.1,0,0,3,0.4268,2,5.91,-0.75,0,0,0.7614,0
1.0,0,0.0,0,0,0,0.3557,1,7.96,-0.44,1,10,0.7073,1
0.2504,8,0.6667,1,5,17,0.7113,1,3.45,-1.78,1,11,0.2133,1
0.7648,1,0.0769,0,1,2,0.5383,5,4.53,-1.11,0,0,0.4831,1
0.6722,1,0.25,0,0,5,0.5437,2,3.95,-0.64,0,0,0.6347,1
1.0,0,0.0,0,0,3,0.0026,0,8.45,-0.09,0,0,0.5711,0
0.8423,1,0.0909,0,0,16,0.4593,0,6.61,-1.7,0,0,0.1567,1
0.5704,6,0.25,2,3,2,0.507,0,5.63,-0.78,0,0,0.3813,1
0.919,1,0.0714,1,1,3,0.1104,0,7.76,0.6,0,0,0.6829,0
0.9353,0,0.0,0,0,3,0.2596,1,4.78,-0.25,0,0,0.497,0
0.89,1,0.0625,0,1,3,0.336,2,9.3,-0.98,0,0,0.6298,0
0.8653,1,0.1,2,0,7,0.4493,2,6.85,-0.32,1,26,0.8422,0
0.811,4,0.1379,0,2,10,0.4452,0,5.7,-0.47,0,0,0.7463,0
0.681,4,0.1481,1,2,16,0.329,0,5.16,-0.54,0,0,0.2519,1
0.6794,1,0.2,0,0,17,0.3113,1,3.99,-1.28,0,0,0.3559,1
0.572,9,0.3333,2,3,3,0.5762,0,5.32,-1.76,0,0,0.556,1
0.8659,1,0.0588,0,1,19,0.3921,0,6.77,0.02,1,15,0.407,1
0.7189,2,0.1667,0,1,15,0.1881,0,5.9,-0.34,0,0,0.5292,1
0.8927,1,0.125,0,0,2,0.45,3,6.56,-1.64,0,0,0.4849,1
0.9179,0,0.0,0,0,1,0.1461,0,7.31,0.73,0,0,0.6705,0
0.9771,0,0.0,0,0,1,0.2027,1,8.35,0.37,1,13,0.7239,0
0.9446,0,0.0,0,0,0,0.4136,0,6.49,-0.3,1,15,0.6536,0
0.6091,3,0.2143,1,1,10,0.2978,0,4.98,0.02,0,0,0.548,1
0.7598,4,0.1818,1,1,12,0.2822,0,8.17,-0.78,1,10,0.3803,1
0.7659,0,0.0,1,0,3,0.6052,1,5.82,-1.06,0,0,0.4655,1
0.9372,0,0.0,0,0,0,0.1297,1,5.58,0.01,1,20,0.2659,0
0.7867,4,0.1481,2,0,2,0.2403,1,6.12,-0.29,0,0,0.3723,0
0.9658,0,0.0,0,0,2,0.0761,0,8.51,-0.69,0,0,0.6936,0
0.6585,2,0.1667,1,2,7,0.5056,0,4.72,-0.99,1,29,0.3205,1
0.9098,1,0.05,1,0,1,0.0465,0,8.57,-0.58,0,0,0.98,0
0.4568,9,0.3913,1,8,10,0.5215,1,3.88,-1.85,0,0,0.5468,1
0.7638,3,0.1071,1,0,3,0.2596,0,6.3,0.48,0,0,0.2936,1
0.9476,1,0.05,1,0,2,0.45,0,8.19,-0.53,0,0,0.7552,1
0.9494,0,0.0,0,0,1,0.104,2,8.85,-0.2,0,0,0.1715,0
0.9529,0,0.0,0,0,2,0.0948,0,7.94,-0.54,0,0,0.9234,0
0.9725,0,0.0,1,0,1,0.22,1,8.5,-0.26,0,0,0.7633,0
0.9652,0,0.0,0,0,1,0.0152,0,8.27,-0.92,0,0,0.3334,0
0.7737,3,0.1667,0,3,8,0.0572,0,8.34,-0.06,0,0,0.521,0
0.9141,1,0.05,0,0,2,0.1986,1,8.22,0.14,0,0,0.759,0
0.855,2,0.1053,2,0,10,0.0594,0,8.63,-0.62,0,0,0.5556,0
0.3676,6,0.2727,1,4,11,0.3778,3,5.3,-1.49,0,0,0.3524,1
0.9449,1,0.0526,0,1,1,0.0562,0,10.0,-0.74,0,0,0.3045,0
0.6576,3,0.2,0,1,6,0.7468,1,5.91,-1.24,0,0,0.6199,0
0.6909,2,0.1818,1,1,6,0.1729,0,7.04,-0.55,1,1,0.4125,0
0.8005,1,0.1429,1,0,16,0.4479,0,4.31,-0.93,0,0,0.7875,1
1.0,0,0.0,0,0,2,0.2286,1,7.42,-0.38,1,37,0.8124,0
0.6237,5,0.2083,3,2,3,0.6093,1,4.81,-0.4,1,11,0.7766,1
0.9659,0,0.0,0,0,2,0.1833,1,7.81,0.38,0,0,0.7223,0
0.9496,1,0.0476,0,0,0,0.3165,0,8.59,-0.31,0,0,0.4993,0
0.4891,12,0.4444,2,4,18,0.3578,1,5.9,-2.1,0,0,0.5158,1
0.8922,0,0.0,0,0,13,0.3045,2,6.2,0.32,0,0,0.5714,1
0.7743,2,0.1429,1,2,20,0.2852,0,6.91,-0.02,0,0,0.4925,1
0.5575,10,0.3704,1,6,20,0.2755,2,6.4,-0.64,0,0,0.399,1
0.4978,11,0.4583,2,5,19,0.4472,1,6.58,-0.72,1,9,0.363,1
0.8005,3,0.1364,1,0,16,0.5527,0,7.42,-1.88,1,16,0.3412,1
0.6786,5,0.2941,1,3,16,0.4021,0,6.7,-0.6,0,0,0.3658,1
0.563,2,0.2857,2,0,14,0.5155,3,5.0,-1.21,0,0,0.3527,1
0.7746,2,0.25,0,0,14,0.1543,1,6.09,-0.42,0,0,0.2055,0
0.9533,1,0.0526,1,1,3,0.0718,0,7.01,-0.97,0,0,0.4184,0
0.9435,1,0.0435,0,0,3,0.0635,0,8.36,0.19,0,0,0.4139,0
0.9384,0,0.0,0,0,3,0.1116,0,6.44,-0.35,0,0,0.6906,0
0.7513,6,0.2222,0,4,18,0.2596,1,4.88,-0.36,0,0,0.4455,1
0.7429,4,0.1818,1,3,12,0.2745,2,5.36,-0.65,0,0,0.5999,1
0.679,1,0.2,1,1,1,0.3987,1,6.13,-0.34,0,0,0.432,1
0.9832,0,0.0,0,0,3,0.0849,0,8.77,-0.66,0,0,0.31,0
0.6647,1,0.2,0,1,10,0.7,3,6.23,-1.95,1,34,0.2871,1
0.9211,1,0.0417,0,1,1,0.3485,2,5.23,-0.36,1,22,0.176,1
0.7703,1,0.1667,0,0,14,0.1852,1,7.03,-1.34,0,0,0.2541,1
0.5326,3,0.3333,3,0,5,0.6352,2,5.07,-1.79,1,30,0.6432,1
0.8466,1,0.125,2,0,13,0.4423,1,6.61,-0.39,1,23,0.5461,1
0.5351,9,0.3462,3,9,10,0.62,1,5.5,-0.78,1,42,0.3109,1
0.8716,1,0.1,2,0,7,0.62,2,5.31,-0.96,0,0,0.6056,1
0.666,2,0.2857,0,0,11,0.4882,2,4.72,-1.11,0,0,0.2805,1
0.883,2,0.0714,0,1,10,0.5221,1,5.78,-1.17,0,0,0.395,1
0.9277,0,0.0,0,0,2,0.22,2,7.3,-0.55,0,0,0.7307,0
0.8393,3,0.1304,2,2,19,0.0963,1,6.67,0.53,0,0,0.6372,0
0.7153,4,0.1667,1,3,4,0.3445,0,7.59,-1.07,0,0,0.5179,1
0.8165,2,0.1538,1,0,15,0.1673,0,6.5,-0.51,0,0,0.6897,1
0.4513,11,0.4074,3,7,6,0.6885,1,3.86,-1.64,0,0,0.2991,1
0.9568,0,0.0,0,0,1,0.0779,0,10.0,-0.31,0,0,0.475,0
0.8777,1,0.0526,0,1,20,0.3259,3,6.54,-0.82,0,0,0.309,0
0.6118,6,0.24,0,5,9,0.3835,0,4.68,-0.89,0,0,0.7759,1
0.9421,1,0.0357,1,1,3,0.3076,1,7.97,-1.28,1,14,0.4383,0
0.9005,2,0.0741,0,1,3,0.0054,0,8.8,-0.53,0,0,0.2688,0
0.7512,3,0.1667,0,2,13,0.352,1,3.63,-1.35,0,0,0.6212,1
0.6668,1,0.2,1,0,19,0.139,1,6.16,-0.49,1,31,0.8066,1
0.8573,1,0.0588,0,1,2,0.1215,0,7.42,-0.42,0,0,0.6465,0
0.6508,4,0.2857,2,4,17,0.4671,1,3.0,-1.06,0,0,0.6767,1
0.6639,1,0.1667,2,0,10,0.62,1,5.75,-1.1,0,0,0.3817,0
0.7424,3,0.1429,1,3,16,0.496,2,6.37,-0.9,1,15,0.4232,1
0.3911,3,0.5,3,1,18,0.6431,2,3.03,-1.13,1,10,0.5513,1
0.918,1,0.05,0,0,3,0.0498,0,7.75,1.04,0,0,0.5524,0
0.7407,4,0.1905,3,3,11,0.2517,1,4.64,-1.29,0,0,0.7387,1
0.7525,3,0.1765,0,2,8,0.6693,3,4.32,-0.23,1,34,0.4232,1
0.711,2,0.125,1,2,18,0.3863,2,4.5,-0.81,0,0,0.8312,1
0.8302,2,0.1429,0,1,13,0.1377,1,6.84,-0.12,0,0,0.5382,1
0.8053,2,0.1176,0,1,4,0.2036,1,7.25,-0.02,0,0,0.4942,1
0.353,10,0.3704,4,5,5,0.329,1,5.24,-2.17,0,0,0.4278,1
0.6368,5,0.2,0,2,18,0.4103,1,7.18,-0.8,0,0,0.3375,1
0.4842,6,0.25,0,6,10,0.734,2,4.48,-1.26,0,0,0.805,1
0.7343,4,0.1667,0,1,14,0.3888,1,7.42,-1.07,1,1,0.706,1
0.8453,1,0.0909,0,1,12,0.3455,2,6.15,0.12,1,10,0.335,0
0.7263,2,0.1333,0,1,17,0.0364,0,8.25,-1.26,0,0,0.3528,0
0.7343,1,0.1429,1,0,12,0.536,0,5.84,-2.24,1,23,0.2253,1
0.5558,6,0.25,1,3,6,0.497,4,4.38,-0.92,1,19,0.468,1
1.0,0,0.0,0,0,3,0.1273,0,7.12,-0.99,0,0,0.6469,0
0.8774,2,0.08,1,2,6,0.4736,2,5.18,-0.75,1,33,0.4448,1
1.0,0,0.0,0,0,3,0.3463,1,4.64,-0.92,1,10,0.3375,0
0.9899,0,0.0,0,0,0,0.3454,2,6.76,-0.23,0,0,0.3153,1
0.7586,3,0.1667,2,3,16,0.3303,0,6.05,-0.61,0,0,0.7886,1
0.9125,2,0.0714,0,1,1,0.1568,0,4.25,-0.82,0,0,0.4074,1
0.6613,2,0.2,3,1,16,0.1746,0,6.39,-0.85,0,0,0.5181,1
1.0,0,0.0,0,0,0,0.0807,0,8.61,-0.13,0,0,0.3429,0
0.6826,8,0.2857,1,4,7,0.0827,0,4.79,0.05,0,0,0.2334,1
0.9774,0,0.0,0,0,0,0.042,0,8.43,-0.73,0,0,0.294,0
0.7916,3,0.1071,0,2,9,0.1307,0,8.38,-0.85,0,0,0.8669,1
0.5694,4,0.2667,2,3,18,0.5723,4,6.72,-0.83,0,0,0.5571,1
0.387,7,0.4375,4,6,15,0.6301,3,4.87,-1.69,0,0,0.5124,1
0.6964,5,0.2,0,3,15,0.8972,0,4.76,-2.12,1,23,0.4507,1
0.6216,6,0.25,1,2,13,0.4762,1,4.07,-1.35,0,0,0.7489,1
0.7731,1,0.1,0,0,5,0.4264,2,4.66,-0.66,0,0,0.2775,0
0.8474,1,0.0833,0,0,19,0.3709,1,3.86,-1.15,0,0,0.7811,0
0.6115,7,0.35,1,3,2,0.6159,3,2.52,-1.77,1,4,0.5265,1
0.9255,1,0.05,0,1,2,0.22,1,6.88,-0.11,0,0,0.5562,0
0.7151,5,0.2381,2,2,17,0.3854,2,5.48,-0.4,0,0,0.7324,1
0.7928,2,0.087,0,1,20,0.0345,0,5.28,0.44,0,0,0.3915,0
0.986,0,0.0,0,0,0,0.1677,1,7.84,-0.79,0,0,0.7274,0
0.7515,1,0.1667,1,1,2,0.3309,0,4.65,-0.11,1,17,0.3793,0
0.9429,0,0.0,1,0,2,0.45,1,6.79,-0.57,0,0,0.6528,0
0.516,10,0.4167,0,6,5,0.2969,0,7.21,-1.61,0,0,0.7885,0
0.8364,3,0.125,1,2,2,0.065,0,7.3,-1.22,0,0,0.5452,1
0.5711,3,0.2,1,1,8,0.1304,1,4.68,-0.35,1,33,0.2854,1
0.8264,2,0.125,0,1,18,0.6168,2,6.33,-1.12,0,0,0.4007,1
0.8659,2,0.1053,1,0,6,0.191,3,7.98,-0.3,0,0,0.8493,0
0.6647,3,0.2308,1,3,2,0.4829,3,5.27,-1.58,0,0,0.1833,1
0.6281,3,0.2,3,1,8,0.1275,1,6.6,-0.39,1,12,0.5115,1
0.9529,0,0.0,0,0,3,0.103,0,6.78,-0.17,0,0,0.2122,0
0.8713,2,0.0667,0,2,2,0.0751,0,7.01,-0.5,0,0,0.4755,1
0.7512,5,0.2,0,5,9,0.06,0,5.98,-0.96,1,3,0.5298,1
0.6907,5,0.2174,0,3,12,0.7036,3,4.63,-1.87,0,0,0.4467,1
0.7022,2,0.2,2,0,5,0.3094,2,5.42,-1.06,0,0,0.5454,0
0.751,5,0.2273,0,1,4,0.5064,4,6.89,-1.03,0,0,0.3065,1
0.9675,0,0.0,0,0,1,0.0472,1,9.16,-0.74,0,0,0.1321,0
0.8334,1,0.1667,0,0,11,0.2884,0,6.23,-0.41,0,0,0.63,1
0.9537,1,0.0333,0,1,3,0.0154,0,9.23,0.41,0,0,0.6123,0
0.9312,1,0.1111,1,1,2,0.089,1,9.23,-0.62,0,0,0.3792,0
1.0,0,0.0,0,0,1,0.0047,0,7.39,0.83,0,0,0.6601,0
0.7264,4,0.25,4,4,17,0.417,0,4.9,-1.37,1,15,0.3967,1
0.6041,4,0.2667,0,0,13,0.8772,2,3.29,-1.87,0,0,0.3981,1
0.3925,8,0.32,1,5,10,0.6988,3,4.96,-1.22,1,20,0.6898,1
0.935,1,0.0714,0,1,3,0.2835,1,6.44,-0.37,0,0,0.4896,0
0.7816,2,0.1176,0,1,3,0.1099,0,4.8,-0.03,0,0,0.3124,1
0.8828,1,0.0909,0,0,5,0.085,0,7.66,-0.45,0,0,0.2064,0
0.9843,0,0.0,0,0,3,0.0399,0,10.0,0.23,0,0,0.3265,1
1.0,0,0.0,0,0,3,0.2223,0,8.14,-1.1,0,0,0.7737,0
0.833,2,0.0833,1,1,5,0.1724,1,4.87,-0.53,1,29,0.2667,0
0.8318,2,0.1429,2,1,19,0.0793,1,8.27,-1.46,0,0,0.2646,0
0.9537,1,0.0526,0,0,2,0.1497,0,6.8,-0.04,0,0,0.2023,0
0.8658,2,0.0769,0,2,17,0.45,1,7.95,-0.37,0,0,0.5857,0
0.8333,2,0.087,0,1,14,0.2928,1,7.25,0.09,0,0,0.4699,0
0.7743,2,0.2,0,2,18,0.2999,0,4.6,0.09,0,0,0.3796,1
0.6127,1,0.25,2,0,11,0.4288,2,6.26,-2.14,0,0,0.5273,1
0.6681,4,0.1538,2,1,16,0.2798,1,5.66,-1.35,0,0,0.2224,1
0.7636,1,0.1667,0,0,16,0.326,0,5.51,-0.25,1,18,0.7775,1
0.844,1,0.2,0,0,3,0.1941,0,6.56,-0.83,0,0,0.5455,0
0.7501,4,0.1739,1,4,5,0.1671,2,5.94,-0.14,1,36,0.3462,1
1.0,0,0.0,0,0,1,0.1692,1,7.57,0.7,0,0,0.3546,0
1.0,0,0.0,0,0,0,0.2161,2,7.53,0.09,0,0,0.6937,0
0.8539,1,0.0526,0,1,8,0.1757,0,9.42,-0.58,0,0,0.5478,0
0.8133,4,0.1333,0,4,5,0.3275,0,4.08,-1.02,0,0,0.72,1
0.8618,0,0.0,0,0,17,0.3815,0,7.34,-1.37,1,19,0.2631,1
0.7142,1,0.1667,0,0,20,0.2333,1,6.93,0.34,0,0,0.2365,0
0.8875,2,0.0833,0,0,19,0.2682,0,6.9,-0.3,0,0,0.1488,0
0.7185,7,0.25,1,3,2,0.2544,0,6.63,-1.22,1,4,0.8042,1
0.7962,1,0.0714,0,1,13,0.6483,1,4.37,-0.97,0,0,0.2825,1
0.9628,0,0.0,0,0,0,0.0019,0,9.04,-0.26,0,0,0.6015,0
0.7718,3,0.1579,1,3,20,0.2938,1,7.64,-0.21,0,0,0.3858,1
0.8873,1,0.1,0,1,7,0.1406,1,8.03,-0.23,0,0,0.4615,0
0.7642,2,0.1333,0,0,15,0.2572,1,6.84,-0.65,0,0,0.7454,0
0.9041,1,0.0625,1,0,2,0.1188,1,9.33,-0.64,0,0,0.6344,0
0.7464,2,0.2,0,0,10,0.324,0,6.0,-0.85,0,0,0.3794,0
0.8726,2,0.08,0,2,1,0.4591,2,4.48,0.27,0,0,0.4397,1
0.7126,7,0.2414,2,1,19,0.2146,0,5.06,-1.07,0,0,0.7643,1
0.7796,3,0.1579,0,1,5,0.3974,3,7.43,-0.75,0,0,0.5429,1
0.8277,3,0.1364,1,3,13,0.3085,0,8.01,-0.63,0,0,0.6676,0
0.486,4,0.2667,2,3,8,0.4616,2,5.12,-1.2,0,0,0.4229,1
0.7581,3,0.2,1,2,6,0.388,3,5.48,-1.03,0,0,0.5028,1
0.7246,6,0.2308,0,4,18,0.6393,2,5.61,-1.2,0,0,0.4138,1
0.6145,7,0.28,2,1,19,0.396,0,4.36,-0.16,0,0,0.9314,1
0.6287,6,0.2857,2,2,7,0.5519,1,5.32,-2.58,1,15,0.3743,1
0.6347,6,0.24,0,1,4,0.8105,4,3.98,-1.37,0,0,0.3658,1
0.8437,4,0.1429,0,0,10,0.1233,0,5.18,0.38,0,0,0.4778,1
0.8441,2,0.1667,2,0,6,0.4277,3,5.16,-0.86,0,0,0.2144,0
0.8341,1,0.0714,0,0,10,0.1818,0,6.8,0.08,0,0,0.3729,1
0.693,5,0.2,2,3,12,0.4935,2,4.09,0.08,1,20,0.679,1
0.7826,1,0.2,0,1,11,0.2481,1,5.91,-0.39,0,0,0.5513,0
0.8166,3,0.1429,0,1,11,0.3749,1,8.01,-0.7,0,0,0.3202,0
0.9536,0,0.0,1,0,2,0.0353,0,8.54,-0.75,0,0,0.503,0
0.7292,4,0.2105,1,0,11,0.5277,1,4.96,-0.62,0,0,0.7125,1
0.7828,2,0.1667,0,0,8,0.2323,0,3.74,0.14,0,0,0.5673,1
0.6692,1,0.25,1,0,11,0.2312,1,4.69,-0.48,0,0,0.2985,0
0.4562,3,0.5,1,2,6,0.7997,4,3.8,-1.42,0,0,0.4696,1
0.5776,2,0.2222,3,2,2,0.3853,0,4.83,-1.26,1,37,0.2896,1
0.8568,1,0.1111,1,1,17,0.2192,1,8.71,0.09,0,0,0.556,0
0.8379,3,0.12,0,2,8,0.2602,0,6.83,0.27,0,0,0.5918,1
0.6686,1,0.25,0,0,16,0.2341,1,6.65,-1.6,0,0,0.369,1
0.9689,0,0.0,0,0,1,0.3474,1,6.95,-1.0,0,0,0.4105,0
0.7289,2,0.1667,0,1,6,0.6922,3,5.0,-1.72,0,0,0.5256,0
0.6324,5,0.2778,3,1,20,0.5395,5,6.62,-1.42,1,18,0.2368,1
0.9037,2,0.1,0,2,1,0.22,1,6.97,0.09,0,0,0.4175,1
0.9599,1,0.0385,0,0,3,0.0635,0,8.76,0.16,0,0,0.6408,0
0.7878,1,0.1667,1,0,12,0.0617,0,8.92,0.09,0,0,0.6935,0
0.8268,2,0.1053,1,0,1,0.3146,0,8.06,-0.11,0,0,0.8025,0
0.6483,4,0.2667,0,4,6,0.7331,2,4.24,-1.63,0,0,0.5997,1
0.6998,7,0.25,0,2,4,0.2406,1,6.23,-1.79,1,4,0.4544,1
0.7766,3,0.1875,0,2,1,0.4645,4,7.16,-0.03,0,0,0.2751,0
0.8715,0,0.0,2,0,2,0.0782,0,8.24,0.22,0,0,0.6449,0
0.6047,5,0.2174,0,2,6,0.4226,1,4.96,-0.46,1,42,0.2422,1
0.7798,2,0.1429,0,0,8,0.205,1,7.04,-0.64,0,0,0.5559,0
0.8653,1,0.0714,0,1,8,0.1325,1,8.12,-0.13,0,0,0.4015,0
0.5753,8,0.2667,2,8,19,0.3423,0,4.58,-0.83,1,22,0.3125,1
0.6674,6,0.2857,1,1,5,0.4695,1,3.33,-1.48,1,4,0.5894,1
0.9507,0,0.0,0,0,0,0.0436,0,7.88,-0.04,0,0,0.1586,0
0.6916,5,0.1724,1,4,19,0.2896,1,6.66,-0.57,0,0,0.2614,0
0.9192,2,0.0667,1,0,3,0.2429,1,5.02,0.05,1,27,0.4672,1
0.6775,5,0.1724,0,4,19,0.0996,0,6.96,-0.64,0,0,0.6708,0
1.0,0,0.0,0,0,1,0.2468,2,7.96,-1.33,0,0,0.3107,0
0.8223,1,0.0588,0,1,11,0.2318,1,6.96,-0.9,0,0,0.7102,1
0.6626,3,0.15,1,1,11,0.5158,1,5.17,-0.99,0,0,0.8153,1
0.7393,2,0.2222,0,1,17,0.5043,1,3.33,-0.13,0,0,0.5685,1
0.5658,2,0.25,0,0,14,0.3765,3,4.57,-0.18,0,0,0.3428,1
0.8091,2,0.1333,2,1,1,0.1617,0,4.97,-0.97,1,35,0.6937,0
0.6607,5,0.2174,4,5,12,0.4963,1,6.07,0.17,1,40,0.25,1
0.8663,1,0.1,0,0,12,0.3266,2,5.73,0.19,1,39,0.7221,1
0.7331,1,0.125,0,0,14,0.5441,3,5.36,-0.97,1,17,0.8169,1
0.8058,2,0.1429,0,1,6,0.62,2,7.32,-1.61,0,0,0.4747,0
0.6533,7,0.2917,0,3,9,0.2358,1,7.52,-0.72,1,39,0.4608,1
0.8462,1,0.0667,0,0,3,0.7871,3,3.04,-1.15,1,12,0.7981,1
0.9535,0,0.0,0,0,1,0.0181,0,8.5,-0.13,0,0,0.261,0
0.927,0,0.0,0,0,1,0.0223,0,9.3,-0.73,0,0,0.673,0
0.9758,0,0.0,0,0,1,0.003,0,8.89,-0.37,0,0,0.4227,0
0.98,0,0.0,0,0,2,0.5478,3,4.61,-1.21,1,10,0.4578,1
0.8857,2,0.1,2,1,15,0.0356,0,6.91,-0.88,0,0,0.5402,0
0.6449,4,0.2667,0,3,13,0.1268,0,6.19,0.08,0,0,0.1539,1
0.7875,2,0.1667,0,0,10,0.2976,0,5.96,-1.03,0,0,0.3966,0
0.9191,1,0.0667,0,1,3,0.0407,0,9.09,-0.28,0,0,0.5335,0
0.9357,1,0.0625,1,1,2,0.1775,2,6.5,0.55,0,0,0.4744,1
0.5913,7,0.2333,2,5,8,0.2812,2,4.0,-0.55,0,0,0.3541,1
0.7358,2,0.2,3,0,10,0.0649,0,9.09,-0.43,0,0,0.4092,0
0.5798,8,0.3636,1,5,9,0.7478,1,4.82,-1.78,0,0,0.2644,1
0.4346,6,0.25,1,5,7,0.7089,3,2.99,-2.16,1,41,0.3447,1
0.8319,1,0.1,0,1,17,0.369,0,9.74,-0.22,0,0,0.5037,0
0.8971,1,0.0909,2,0,18,0.3135,2,7.25,-0.21,1,29,0.6521,1
0.6812,2,0.2,1,2,11,0.7527,2,5.36,-1.24,0,0,0.8424,1
0.6367,1,0.25,0,0,15,0.4361,1,6.28,-1.1,0,0,0.6242,1
0.9514,1,0.0385,0,1,3,0.0368,0,7.69,0.06,0,0,0.4523,0
0.7419,1,0.1667,2,1,3,0.4227,1,4.96,-1.42,0,0,0.8723,1
0.7964,2,0.0833,2,0,9,0.2008,1,9.19,-0.82,0,0,0.6335,0
0.6272,3,0.2308,1,1,16,0.1566,0,7.21,0.34,0,0,0.6698,1
0.8713,1,0.125,0,0,17,0.3131,2,4.15,-0.53,0,0,0.4933,1
0.4668,3,0.3333,4,1,19,0.78,3,4.06,-2.02,0,0,0.5345,1
0.8653,1,0.1,0,0,5,0.1557,0,8.33,-1.02,0,0,0.4097,0
0.4888,8,0.4444,0,1,2,0.3709,1,3.05,-1.33,1,34,0.5002,1
0.9089,2,0.08,0,1,1,0.0569,1,9.0,-0.04,0,0,0.577,0
0.6815,4,0.1818,0,4,6,0.7437,4,5.17,-1.23,0,0,0.4096,1
0.6948,2,0.1429,1,1,13,0.305,0,7.44,-0.59,0,0,0.1525,0
0.7618,4,0.1429,1,1,14,0.1196,0,7.7,-0.03,0,0,0.7356,1
0.7683,6,0.2,1,1,19,0.1911,0,7.66,-0.43,0,0,0.2156,1
0.235,14,0.56,3,9,19,0.6351,0,3.8,-2.14,0,0,0.287,1
0.9324,0,0.0,0,0,1,0.0455,0,9.87,-0.56,0,0,0.5173,0
0.806,2,0.1818,0,0,9,0.4971,3,6.47,-0.91,1,18,0.7949,1
0.3191,11,0.5238,1,4,19,0.7628,1,4.07,-2.69,1,41,0.4313,1
0.8488,2,0.0741,1,0,14,0.2257,1,7.1,-0.63,0,0,0.7243,1
0.9776,0,0.0,0,0,0,0.1019,0,8.34,-0.87,0,0,0.228,0
0.9522,0,0.0,0,0,3,0.45,1,7.37,-0.74,0,0,0.7562,1
0.8902,0,0.0,0,0,18,0.127,1,7.92,0.32,0,0,0.3834,0
0.8519,3,0.125,0,2,18,0.0762,0,7.09,-1.08,0,0,0.5162,0
0.8809,1,0.0833,0,1,8,0.22,0,7.99,-0.14,0,0,0.6816,0
0.8323,2,0.1429,3,0,3,0.282,1,8.21,-0.2,0,0,0.4999,0
0.9749,0,0.0,0,0,2,0.241,2,7.2,-1.01,0,0,0.3075,0
0.9175,1,0.0714,0,1,0,0.0096,0,8.2,-0.53,0,0,0.6396,0
0.8065,3,0.1429,0,0,3,0.2855,1,6.14,-1.1,1,5,0.5571,1
0.685,2,0.125,1,2,9,0.1752,1,7.04,-0.38,0,0,0.4646,1
0.6896,5,0.2632,3,1,4,0.7351,1,2.14,-1.5,1,15,0.4347,1
0.8578,1,0.0556,0,0,14,0.0605,0,6.53,0.22,0,0,0.3378,0
0.9427,0,0.0,0,0,1,0.0214,1,7.3,-0.59,0,0,0.5921,0
0.9294,0,0.0,0,0,1,0.0362,0,7.47,-0.52,0,0,0.5025,0
0.7353,1,0.2,2,1,15,0.5563,2,3.39,-1.2,0,0,0.6119,1
0.5757,6,0.2308,3,5,11,0.3424,0,5.14,-1.25,1,35,0.3973,1
0.7049,6,0.24,0,2,16,0.3466,3,6.98,-0.78,0,0,0.6333,1
0.7678,4,0.1333,2,1,4,0.2075,0,5.61,0.18,0,0,0.1026,1
0.7104,1,0.25,1,0,4,0.5324,2,7.03,-1.16,0,0,0.1586,0
0.7279,3,0.1429,0,2,10,0.3992,2,4.61,-1.18,0,0,0.2674,1
0.744,2,0.25,3,2,10,0.2727,0,7.4,-0.45,0,0,0.6095,1
0.8978,2,0.087,1,2,1,0.2038,1,3.43,-0.01,1,14,0.3514,1
0.7622,1,0.2,1,1,6,0.1862,0,6.95,-0.63,1,30,0.3663,0
0.9479,1,0.05,0,0,0,0.2197,1,7.81,-0.27,0,0,0.5383,0
0.8867,2,0.0714,0,1,3,0.049,0,6.56,-0.67,0,0,0.2481,0
0.8922,1,0.1,0,1,5,0.6579,2,5.11,-1.32,1,35,0.529,1
0.7107,5,0.1852,0,5,17,0.677,6,4.85,-1.41,1,32,0.3986,1
0.8151,4,0.1739,0,0,3,0.3567,2,6.77,-0.93,0,0,0.5753,0
0.4779,4,0.2857,1,3,4,0.7775,2,3.53,-2.08,0,0,0.4148,1
0.8792,2,0.0667,0,1,2,0.1254,0,7.13,0.14,0,0,0.2604,1
0.8772,2,0.069,0,1,11,0.1612,1,8.06,-1.34,0,0,0.3257,0
0.9498,0,0.0,1,0,2,0.1776,0,6.89,0.16,0,0,0.2437,0
0.6488,3,0.1875,2,1,18,0.3004,3,6.38,-0.58,0,0,0.8105,1
0.9204,1,0.1111,0,0,1,0.4063,1,6.41,-0.87,1,5,0.2995,0
0.9539,0,0.0,0,0,3,0.1191,0,7.88,-0.22,0,0,0.3479,0
0.8671,2,0.0769,0,1,11,0.2501,2,6.13,-0.85,1,14,0.5733,1
0.9219,1,0.0455,0,1,2,0.0275,0,9.09,0.14,0,0,0.3872,0
0.7551,3,0.2,2,2,20,0.4488,1,5.57,-1.17,0,0,0.7926,1
0.7884,2,0.1429,0,0,14,0.2659,2,6.61,-0.28,0,0,0.6142,0
0.7632,2,0.1818,0,1,13,0.1578,1,6.0,-0.5,0,0,0.6679,0
0.7638,1,0.1429,1,1,20,0.3509,0,6.99,-1.35,1,12,0.3698,0
0.6964,4,0.1818,0,4,6,0.2984,1,7.12,-1.07,1,31,0.9281,1
0.9529,0,0.0,0,0,0,0.0974,1,8.92,0.15,0,0,0.6624,0
0.7102,1,0.1429,1,1,6,0.5974,1,5.05,-1.16,0,0,0.281,1
0.2749,8,0.6667,5,3,11,0.6497,3,2.0,-2.05,0,0,0.7951,1
0.9171,0,0.0,0,0,0,0.0493,0,8.13,-0.62,0,0,0.2015,0
0.7558,1,0.1429,4,1,15,0.2244,2,6.72,-0.2,0,0,0.3646,0
0.6584,5,0.2083,0,2,18,0.1085,1,6.53,-0.52,1,6,0.6244,1
0.4057,5,0.2778,2,3,18,0.4654,1,5.18,-0.17,0,0,0.4856,1
0.9055,1,0.0333,0,1,2,0.22,0,7.04,-0.75,0,0,0.4798,0
0.8817,1,0.1111,0,0,1,0.62,1,6.04,-1.3,0,0,0.6826,0
0.8,3,0.1579,0,2,18,0.2913,0,5.15,-0.69,1,6,0.0883,1
0.6143,3,0.3333,0,1,19,0.0953,1,4.78,-0.88,1,36,0.5178,1
0.6925,7,0.2414,1,4,10,0.2727,0,6.85,-0.81,0,0,0.6247,1
0.7104,5,0.2083,1,5,6,0.6392,1,5.51,-1.21,1,30,0.7705,1
0.9572,1,0.0333,0,0,1,0.008,0,9.79,0.41,1,36,0.5572,0
0.651,8,0.2667,0,4,11,0.28,0,2.09,-0.76,1,34,0.666,1
0.9637,1,0.0333,0,1,1,0.0566,0,8.21,0.66,0,0,0.3718,0
0.9477,1,0.0435,0,0,1,0.0404,0,7.5,-0.43,0,0,0.8319,0
0.6831,1,0.25,1,1,9,0.6624,1,4.17,-0.77,0,0,0.59,0
0.879,1,0.1111,0,1,12,0.2863,0,8.53,-0.41,0,0,0.7336,0
0.7098,3,0.1667,0,2,17,0.2691,0,6.53,-0.42,0,0,0.5596,0
0.938,1,0.0667,0,0,0,0.4131,2,6.51,-0.76,1,12,0.3414,1
0.416,4,0.5,2,2,20,0.5235,0,4.05,0.03,0,0,0.7758,1
0.9801,0,0.0,0,0,3,0.0493,0,9.57,-0.68,0,0,0.6113,0
0.8308,3,0.1,0,0,8,0.632,3,6.17,-1.41,1,6,0.2368,1
0.781,1,0.25,2,0,2,0.4186,3,5.54,-2.13,1,1,0.7054,0
1.0,0,0.0,0,0,0,0.1554,2,6.51,-0.75,0,0,0.5874,0
0.7895,4,0.1818,1,1,7,0.7215,1,4.55,-1.33,1,8,0.7245,1
0.8537,0,0.0,1,0,20,0.2692,2,4.56,-0.64,1,33,0.5919,1
0.9193,2,0.0741,0,1,1,0.0201,0,8.66,-0.36,0,0,0.3017,0
0.9418,0,0.0,0,0,2,0.0299,0,8.09,0.02,0,0,0.6444,0
0.7985,4,0.1739,0,1,4,0.0907,0,8.48,-0.34,1,43,0.3852,0
0.7317,2,0.2222,0,2,2,0.3407,3,6.47,-1.59,1,44,0.61,0
0.8052,1,0.1,0,1,11,0.1758,2,6.66,-0.47,1,30,0.5426,1
0.7972,3,0.12,0,1,6,0.2701,0,5.39,-0.51,0,0,0.7844,1
0.9211,1,0.0435,0,0,3,0.0435,0,7.96,-0.75,0,0,0.79,1
0.8328,1,0.1667,0,0,1,0.4875,4,6.38,-1.11,1,35,0.6757,1
0.7931,5,0.1852,1,1,6,0.4374,1,2.16,-1.1,0,0,0.4407,1
0.4858,11,0.4231,3,7,20,0.62,4,8.55,-1.29,0,0,0.6632,1
0.8832,2,0.0909,0,2,19,0.3482,0,6.31,0.06,0,0,0.4088,1
0.5454,6,0.2609,3,1,2,0.6794,1,3.72,-1.56,0,0,0.3052,1
0.5505,4,0.3077,4,1,14,0.6591,3,3.05,-1.28,1,42,0.7599,1
0.6749,1,0.2,0,0,16,0.6165,1,3.2,-1.88,0,0,0.2351,1
0.945,1,0.0667,0,1,2,0.0754,0,8.04,0.34,0,0,0.6991,0
0.9942,0,0.0,0,0,1,0.0366,0,8.37,-0.71,0,0,0.2788,0
0.9734,0,0.0,0,0,3,0.0857,1,8.99,0.14,0,0,0.4615,0
0.7344,5,0.1923,1,1,7,0.1814,0,3.57,-0.6,1,24,0.4192,1
0.6906,2,0.2857,1,1,15,0.5836,2,4.24,-1.1,0,0,0.4027,1
0.7142,1,0.25,0,0,8,0.2857,1,8.0,-0.65,1,25,0.4341,0
0.7672,3,0.1154,0,3,13,0.3131,1,7.15,-0.97,0,0,0.241,0
0.6598,7,0.25,0,6,16,0.908,3,2.54,-1.29,0,0,0.2877,1
0.9186,1,0.0333,0,0,3,0.2944,0,8.71,-0.73,0,0,0.2503,0
0.9704,0,0.0,0,0,2,0.22,1,9.05,-0.28,0,0,0.8708,0
0.9701,0,0.0,0,0,3,0.45,0,8.08,-0.05,0,0,0.4319,0
0.9507,1,0.0625,1,0,3,0.22,0,8.5,0.2,0,0,0.5005,0
0.5815,2,0.4,1,2,7,0.5203,1,4.6,-2.09,1,1,0.5546,1
0.9991,0,0.0,0,0,3,0.0407,0,9.1,0.29,0,0,0.8094,0
0.6647,6,0.3158,2,5,3,0.3411,2,7.22,-0.53,0,0,0.1947,0
0.7215,1,0.1667,0,1,11,0.5254,1,7.88,-1.2,0,0,0.4118,1
0.8711,2,0.1,0,0,9,0.1496,2,6.07,-0.13,1,22,0.2516,1
0.6216,6,0.2222,1,6,19,0.412,2,4.24,-0.6,0,0,0.4482,1
0.3641,9,0.5625,2,7,11,0.5982,1,4.82,-1.63,0,0,0.5587,1
0.4251,4,0.2353,1,3,2,0.5624,0,5.05,-1.93,1,18,0.274,1
0.6806,5,0.1786,1,0,20,0.1663,0,7.44,-0.6,0,0,0.3927,0
0.9789,0,0.0,0,0,3,0.1038,2,8.25,0.08,0,0,0.8933,0
0.9857,0,0.0,0,0,2,0.2783,1,4.54,-0.64,1,1,0.1214,1
0.7191,2,0.25,0,2,8,0.1197,0,7.97,0.03,0,0,0.5393,0
0.6134,2,0.25,3,1,16,0.7232,4,2.6,-1.15,0,0,0.4284,1
0.8371,0,0.0,0,0,1,0.1836,0,5.62,-0.19,0,0,0.4162,0
0.4317,11,0.3667,4,5,12,0.3033,0,5.04,-0.36,0,0,0.5837,1
0.6593,3,0.1667,1,1,7,0.223,1,7.31,-1.14,0,0,0.6212,0
0.5016,7,0.25,1,6,17,0.4056,3,4.74,-1.65,0,0,0.5924,1
0.857,2,0.087,0,2,11,0.4949,2,6.88,0.34,0,0,0.7742,1
0.9314,0,0.0,0,0,0,0.0038,0,5.52,-0.17,0,0,0.5407,0
0.977,0,0.0,0,0,1,0.0972,0,8.56,0.44,0,0,0.6795,0
0.8819,1,0.125,0,1,17,0.5101,3,5.71,-1.23,0,0,0.4492,0
0.9923,0,0.0,0,0,3,0.0691,0,7.88,0.14,0,0,0.3502,0
0.7403,4,0.2105,1,2,17,0.4476,4,5.8,-0.28,1,13,0.5303,1
0.5995,3,0.2308,0,2,8,0.2272,1,7.09,-1.15,0,0,0.8254,1
1.0,0,0.0,0,0,2,0.1604,0,5.83,-0.22,0,0,0.3223,0
0.9845,0,0.0,0,0,2,0.4052,2,7.46,-0.13,1,38,0.4753,0
0.4676,2,0.5,3,1,16,0.4028,2,6.06,-1.03,1,32,0.1078,1
0.88,0,0.0,1,0,14,0.8404,2,3.16,-1.05,0,0,0.5006,1
0.9082,2,0.0833,1,1,2,0.2931,0,7.45,-0.26,0,0,0.201,0
0.3362,3,0.4286,0,1,13,0.9061,3,4.92,-2.13,1,19,0.3276,1
0.9639,0,0.0,0,0,3,0.0924,1,7.17,-0.25,0,0,0.6156,1
0.8627,2,0.1,1,2,14,0.2541,0,6.67,-0.67,0,0,0.2112,1
0.8255,1,0.25,0,0,12,0.6621,3,2.95,-1.07,0,0,0.8565,1
0.8464,3,0.1071,1,3,17,0.2657,1,6.74,0.44,0,0,0.5836,1
0.6603,2,0.1538,0,2,4,0.3179,1,5.43,-0.85,0,0,0.5463,0
0.9435,0,0.0,0,0,1,0.22,2,8.48,-0.01,1,24,0.4677,0
0.8921,2,0.0769,0,1,16,0.0189,0,8.61,0.25,0,0,0.3984,0
0.982,0,0.0,0,0,0,0.0522,1,6.09,-1.65,0,0,0.3228,0
0.9382,1,0.0385,0,0,1,0.1412,1,8.29,-0.18,0,0,0.4156,0
0.7567,1,0.25,2,1,18,0.62,1,6.78,-1.41,0,0,0.4762,1
0.6611,4,0.2,0,3,11,0.2383,1,8.51,-0.92,1,18,0.1506,1
0.9374,0,0.0,0,0,1,0.0315,0,7.98,-0.14,0,0,0.5377,0
0.6682,6,0.25,0,2,1,0.1372,0,5.96,-0.87,0,0,0.4785,1
0.8055,2,0.1176,0,1,14,0.1619,0,6.21,-0.04,0,0,0.1749,1
0.504,7,0.2414,2,0,14,0.7924,2,5.16,-1.06,0,0,0.5444,1
0.425,3,0.3,1,1,8,0.7562,3,2.95,-1.87,0,0,0.7001,1
0.6925,7,0.2333,0,1,2,0.3625,0,6.7,-1.59,1,38,0.3961,1
0.7513,4,0.1538,3,1,8,0.4408,0,5.58,-1.1,0,0,0.5089,1
0.8709,1,0.0435,0,1,3,0.0807,0,7.76,-0.63,0,0,0.1933,0
0.7775,2,0.1667,2,1,3,0.1436,0,6.79,-0.09,0,0,0.602,0
0.8882,2,0.0667,0,1,10,0.0378,0,8.59,-0.19,0,0,0.3224,0
0.5007,4,0.2857,0,4,8,0.8932,3,4.39,-1.87,1,14,0.221,1
1.0,0,0.0,0,0,3,0.0785,0,7.96,-0.1,0,0,0.3042,1
0.7217,1,0.2,1,0,9,0.2515,0,6.04,-0.5,1,7,0.6972,1
0.8926,1,0.0625,0,0,14,0.2476,1,7.56,-0.95,0,0,0.234,0
0.826,1,0.1,0,1,4,0.2747,0,8.59,-0.37,1,24,0.1407,0
0.8566,1,0.2,0,0,19,0.1198,0,9.09,0.38,0,0,0.461,0
0.6152,6,0.2609,0,2,11,0.3773,1,5.06,-0.49,0,0,0.4308,1
0.1868,6,0.4615,2,2,9,0.6537,1,2.03,-1.54,0,0,0.6149,1
0.7926,3,0.1579,0,2,14,0.2016,0,6.4,0.02,0,0,0.4596,1
0.9114,1,0.04,0,1,2,0.0563,0,7.32,0.11,0,0,0.8365,0
0.7535,3,0.2,0,1,5,0.295,1,7.8,-0.2,0,0,0.3045,0
0.5632,7,0.2917,1,5,20,0.3895,2,4.6,-1.07,0,0,0.654,1
0.7384,2,0.2,0,2,12,0.3401,0,4.9,-0.5,0,0,0.8052,1
0.9321,1,0.0417,0,0,0,0.0282,0,9.72,0.08,0,0,0.7941,0
0.2043,7,0.5833,5,3,5,0.4497,3,5.62,-1.8,0,0,0.3596,1
0.7649,1,0.2,1,1,6,0.45,3,6.99,-1.03,0,0,0.5142,0
0.6407,2,0.1538,0,2,9,0.2966,1,6.17,-0.91,0,0,0.3192,0
0.7143,4,0.2105,2,1,18,0.4668,1,7.5,-0.6,1,29,0.109,1
0.9512,1,0.0476,0,1,1,0.1193,0,7.67,-0.33,0,0,0.2613,0
0.9178,1,0.1,0,1,3,0.1018,0,8.07,-0.49,0,0,0.52,0
0.8543,0,0.0,2,0,1,0.2,0,5.65,-0.57,0,0,0.463,0
0.7535,3,0.1875,2,0,10,0.182,0,7.34,-0.93,0,0,0.2558,1
0.4471,3,0.3333,2,2,12,0.4939,0,4.93,-1.82,1,11,0.642,1
0.7948,2,0.1818,1,0,11,0.1995,0,6.87,-1.0,0,0,0.2302,1
0.6235,5,0.1923,0,5,12,0.2333,0,8.38,0.16,0,0,0.6468,1
0.8677,1,0.0769,0,0,11,0.5708,0,7.35,-0.66,0,0,0.7637,1
0.6534,1,0.1111,2,1,6,0.5619,2,5.48,-0.58,0,0,0.6087,0
0.9234,2,0.069,0,2,0,0.2421,2,6.54,-0.83,0,0,0.5579,0
0.63,6,0.2143,1,3,19,0.4657,0,4.27,-0.73,0,0,0.5773,1
1.0,0,0.0,0,0,3,0.2496,3,9.02,0.72,1,23,0.4922,0
0.4442,12,0.4138,2,3,1,0.8719,1,2.95,-1.21,0,0,0.3778,1
0.966,1,0.0455,0,1,0,0.0899,1,10.0,0.29,0,0,0.4314,0
0.9952,0,0.0,0,0,2,0.103,0,6.66,-0.01,0,0,0.646,0
0.9058,1,0.0526,0,0,1,0.2278,0,4.96,-0.06,1,36,0.3468,1
0.5143,7,0.3333,4,4,7,0.7329,2,2.16,-1.11,0,0,0.6078,1
0.4054,4,0.5,1,2,1,0.443,1,3.49,-0.85,0,0,0.6206,1
0.874,2,0.087,0,0,20,0.1958,0,7.07,0.34,0,0,0.269,0
0.7264,4,0.2105,1,3,7,0.4266,1,4.29,-0.64,0,0,0.549,1
0.8508,1,0.1429,1,0,5,0.3181,0,8.21,-0.6,1,1,0.45,0
0.6782,2,0.2222,2,2,9,0.1643,1,6.69,-1.38,0,0,0.452,0
0.592,4,0.3077,0,2,20,0.4087,3,7.0,-0.63,1,20,0.7437,1
0.6407,8,0.3077,1,1,12,0.2068,0,4.37,-0.17,1,37,0.7423,1
0.8937,1,0.0476,0,0,11,0.0319,0,7.99,-1.01,0,0,0.3403,0
0.8764,0,0.0,0,0,19,0.2671,0,4.07,-0.32,1,21,0.7443,1
0.8568,1,0.0833,0,0,3,0.3177,0,5.89,-0.0,0,0,0.7051,0
0.8881,1,0.037,1,0,6,0.62,1,6.14,-0.51,0,0,0.1049,1
0.4008,5,0.5,3,3,6,0.7293,4,4.3,-1.64,0,0,0.5122,1
0.957,1,0.0345,0,0,2,0.1287,1,8.74,-1.17,0,0,0.5251,0
0.8845,0,0.0,0,0,15,0.2337,2,6.37,-1.26,1,31,0.4511,1
0.9261,1,0.0714,0,1,0,0.2471,0,6.36,-0.87,0,0,0.5649,0
0.5847,8,0.3636,0,5,9,0.9459,6,3.94,-2.14,0,0,0.6343,1
0.6409,5,0.1786,1,0,20,0.2495,2,6.35,-0.99,1,38,0.2375,1
0.586,4,0.2222,0,1,3,0.5922,1,3.5,-1.47,0,0,0.2873,1
0.8059,3,0.1071,0,3,7,0.1956,0,6.63,-0.22,0,0,0.5419,1
0.7387,4,0.1429,0,4,8,0.0703,0,7.99,-0.88,0,0,0.3704,1
0.5067,4,0.3077,0,4,12,0.5035,1,5.8,-1.61,0,0,0.4793,1
0.8072,4,0.1333,1,2,17,0.1763,0,5.85,-0.13,0,0,0.665,1
0.5357,5,0.3846,0,4,2,0.2892,1,5.48,-0.59,1,14,0.8588,1
0.7035,5,0.25,3,1,19,0.1749,1,9.2,-1.81,0,0,0.637,0
0.9398,1,0.0417,0,1,1,0.0836,0,7.0,0.43,0,0,0.667,1
0.9299,1,0.0588,0,1,2,0.0156,0,7.91,0.18,0,0,0.4174,0
0.7009,2,0.1667,1,0,11,0.6018,4,7.53,-1.24,0,0,0.4352,0
0.7119,4,0.1538,1,4,1,0.4397,0,6.9,-0.6,1,19,0.443,0
0.5877,7,0.3043,1,2,12,0.3013,1,6.82,0.03,0,0,0.196,1
0.9374,1,0.037,0,0,0,0.0136,0,8.31,-0.26,0,0,0.5602,0
0.7642,4,0.1818,1,2,6,0.6163,0,4.72,-1.63,0,0,0.4805,1
0.6384,1,0.1429,1,1,6,0.4869,0,4.86,-1.18,1,8,0.7928,1
0.7429,1,0.125,1,1,16,0.4286,0,7.53,-0.77,0,0,0.6181,1
0.9685,0,0.0,0,0,1,0.45,2,7.86,0.47,0,0,0.5048,1
0.6133,2,0.2222,2,1,2,0.4829,2,7.39,-0.92,0,0,0.4321,1
0.921,1,0.0909,0,0,0,0.017,0,9.87,0.31,0,0,0.495,0
0.93,1,0.0357,0,1,0,0.1312,0,7.78,-0.06,0,0,0.2892,0
0.6949,3,0.2727,1,0,4,0.2968,0,7.43,-0.01,0,0,0.2617,0
0.4845,3,0.2308,2,3,17,0.6402,4,2.83,-1.0,0,0,0.2325,1
0.7205,2,0.2222,0,1,7,0.5677,1,4.94,-1.23,0,0,0.3682,1
0.912,1,0.05,1,0,2,0.0098,0,7.8,0.16,0,0,0.3469,0
0.5926,2,0.2857,2,2,19,0.1202,0,7.16,-0.89,0,0,0.535,0
0.9224,0,0.0,0,0,2,0.1209,0,8.52,-0.89,0,0,0.4166,0
0.9837,0,0.0,0,0,1,0.0374,0,9.48,-0.26,0,0,0.5862,0
0.7481,1,0.25,1,1,5,0.4751,1,4.27,-1.52,0,0,0.5888,1
0.8427,1,0.1111,0,0,2,0.1449,1,7.49,-1.02,0,0,0.7075,0
0.9331,0,0.0,1,0,1,0.679,4,6.32,-0.7,0,0,0.5789,0
0.9144,2,0.069,0,0,3,0.0322,0,7.4,-0.39,0,0,0.6239,0
0.7687,3,0.1304,1,3,1,0.1353,0,5.93,-0.98,1,3,0.3105,1
0.2643,10,0.3846,0,8,14,0.9738,6,4.08,-2.9,1,39,0.6225,1
0.7975,3,0.1364,0,1,17,0.2351,0,4.25,-0.61,0,0,0.5277,1
0.8768,2,0.0952,0,0,20,0.05,0,4.87,0.21,0,0,0.1851,0
0.7674,3,0.1765,0,2,9,0.4496,3,7.57,-1.39,1,45,0.6211,1
0.9274,1,0.0385,0,0,0,0.6124,2,5.81,-0.41,1,29,0.4301,0
0.8565,2,0.0952,0,1,19,0.0874,0,7.79,-0.7,0,0,0.2153,0
0.7917,3,0.1667,2,3,11,0.159,0,7.89,-0.23,0,0,0.5816,1
0.7651,2,0.25,0,1,13,0.4019,1,6.48,-1.27,0,0,0.7371,0
0.6683,2,0.3333,2,1,18,0.216,0,5.52,-0.85,1,5,0.7687,1
0.7997,4,0.1538,1,3,10,0.2583,1,5.27,-1.31,1,31,0.4768,0
0.6349,7,0.2917,0,4,7,0.2227,0,6.97,-0.28,0,0,0.4482,0
0.925,1,0.0714,0,0,0,0.0539,0,7.54,-0.54,0,0,0.2301,0
0.7867,1,0.1111,2,1,16,0.0831,0,8.39,-0.5,0,0,0.4301,0
0.7344,3,0.1875,1,1,13,0.7381,3,3.54,-1.26,0,0,0.3059,1
0.9512,1,0.0556,0,0,0,0.22,0,8.78,0.18,0,0,0.538,0
0.8214,3,0.12,1,1,7,0.149,0,5.39,-0.8,0,0,0.568,0
0.7376,3,0.1154,3,0,3,0.1892,1,6.7,0.43,0,0,0.5195,0
0.8014,1,0.2,0,1,17,0.2605,0,6.79,0.13,1,4,0.2382,0
0.446,3,0.3333,0,2,8,0.3551,0,4.83,-2.46,0,0,0.3787,1
0.8815,2,0.1,0,2,3,0.1174,1,8.24,-0.02,0,0,0.1665,0
0.9479,0,0.0,1,0,2,0.0461,0,8.22,-0.31,0,0,0.6398,0
0.8753,1,0.1,1,1,11,0.2434,1,7.77,-1.2,0,0,0.8215,0
0.7944,4,0.1538,2,2,15,0.2036,2,7.33,-0.27,1,43,0.5504,0
0.9019,2,0.1053,0,0,2,0.1615,1,8.78,-0.06,0,0,0.6762,0
0.9578,0,0.0,0,0,1,0.0313,0,8.7,-0.5,0,0,0.3032,0
0.8633,0,0.0,0,0,5,0.2241,2,6.02,-0.95,0,0,0.8279,0
0.6906,3,0.1667,0,1,12,0.2673,0,6.92,-1.1,1,5,0.4993,1
1.0,0,0.0,0,0,3,0.0786,0,7.98,-0.21,0,0,0.8288,0
0.8675,2,0.069,1,1,6,0.2789,0,4.86,-0.23,0,0,0.7564,0
0.8812,0,0.0,1,0,10,0.3433,3,4.49,-0.07,1,7,0.4139,1
0.793,3,0.1429,2,1,9,0.107,1,6.66,-0.41,1,9,0.501,0
0.6724,5,0.2381,1,5,10,0.5235,3,4.75,-1.68,0,0,0.4603,1
0.689,4,0.2667,1,3,5,0.5391,4,5.46,-1.2,0,0,0.1959,1
1.0,0,0.0,0,0,0,0.0719,0,8.13,0.54,0,0,0.2143,0
0.9098,2,0.0952,1,2,2,0.0316,0,9.56,-0.03,0,0,0.6691,0
0.723,2,0.1333,1,2,18,0.3846,0,6.07,-1.1,0,0,0.7168,1
0.8779,1,0.0714,1,0,16,0.3047,1,6.5,-1.82,0,0,0.5574,0
0.9558,0,0.0,0,0,1,0.0133,0,8.39,-0.35,0,0,0.6386,0
0.9476,1,0.0714,0,0,2,0.0792,0,9.75,0.98,0,0,0.6238,0
0.8633,1,0.0667,1,1,19,0.2125,1,6.01,-1.03,0,0,0.7953,0
0.9097,0,0.0,0,0,0,0.0466,1,8.61,0.67,0,0,0.4927,0
0.8117,1,0.0667,0,1,9,0.1477,0,7.48,-1.02,1,1,0.6496,0
0.864,1,0.0714,1,0,5,0.3006,0,7.18,-0.83,0,0,0.4853,0
0.6549,2,0.1818,2,1,1,0.44,1,6.6,-1.63,0,0,0.395,0
0.6951,2,0.2,1,1,2,0.406,3,6.35,-1.52,0,0,0.4951,1
0.9707,0,0.0,0,0,0,0.22,0,7.62,-0.76,0,0,0.2919,0
0.802,1,0.1111,0,1,10,0.1387,0,8.26,-0.3,1,37,0.4465,0
0.6586,9,0.3103,1,3,6,0.2976,1,8.08,-0.81,1,24,0.4318,0
0.8276,2,0.1176,1,2,9,0.3778,2,5.34,-0.52,0,0,0.8724,0
0.6452,5,0.2632,0,0,13,0.2501,2,5.25,-1.11,1,40,0.6041,1
0.8617,1,0.2,1,0,4,0.1616,0,5.77,-0.46,1,7,0.5732,1
0.8871,1,0.0909,0,1,3,0.3048,0,7.16,0.35,0,0,0.3849,0
0.9228,0,0.0,0,0,3,0.1465,1,7.94,0.73,0,0,0.4199,0
0.8219,1,0.1429,0,1,5,0.3147,0,5.68,0.44,0,0,0.6179,1
0.7634,3,0.1579,3,0,1,0.3303,2,7.01,-0.36,0,0,0.3921,1
0.8108,4,0.1333,2,2,18,0.3493,0,7.24,-0.25,0,0,0.3232,1
0.8426,1,0.0833,0,1,11,0.4978,4,6.22,-0.58,0,0,0.7246,1
0.9789,0,0.0,0,0,2,0.0249,0,8.7,-0.26,0,0,0.5296,0
1.0,0,0.0,0,0,2,0.1129,1,8.38,-0.97,0,0,0.7386,0
0.9479,0,0.0,0,0,3,0.0289,0,8.03,-0.45,0,0,0.5835,0
0.6446,2,0.2857,3,2,17,0.4538,3,5.16,-2.01,0,0,0.3689,1
0.7888,3,0.1071,1,3,20,0.3334,1,6.84,-0.65,0,0,0.5439,0
1.0,0,0.0,0,0,1,0.2419,1,8.28,0.13,0,0,0.3514,0
0.9557,0,0.0,0,0,3,0.22,0,7.18,-1.23,0,0,0.4786,0
0.8753,2,0.0952,0,1,12,0.4037,1,9.07,-0.59,0,0,0.4039,0
0.5404,3,0.25,3,2,12,0.4428,1,3.95,-1.55,0,0,0.6707,1
0.9547,0,0.0,0,0,0,0.0151,0,8.09,-0.61,0,0,0.6307,0
1.0,0,0.0,0,0,2,0.2133,4,8.82,0.1,0,0,0.8004,1
0.7907,3,0.1154,0,3,6,0.3531,0,6.48,-0.79,1,31,0.4631,1
0.768,1,0.25,0,0,9,0.5567,1,6.38,-0.98,0,0,0.7065,0
0.6874,5,0.2632,0,5,13,0.4064,2,7.03,-0.48,0,0,0.7478,1
0.6345,5,0.2273,0,1,3,0.5099,2,6.03,-1.18,0,0,0.307,0
0.8866,1,0.0588,1,1,20,0.1579,0,8.48,0.28,0,0,0.3311,0
0.7551,3,0.1875,2,1,9,0.3241,0,7.84,-1.04,0,0,0.454,0
0.699,2,0.1429,1,0,11,0.7363,1,5.16,-0.79,1,10,0.6183,1
0.8664,3,0.1034,0,2,4,0.0729,1,8.43,-0.93,0,0,0.6533,1
0.7693,1,0.1111,2,0,16,0.2419,2,7.82,-1.93,0,0,0.6493,0
0.4282,6,0.4286,3,4,18,0.4712,0,6.36,-1.77,0,0,0.238,1
0.6796,1,0.25,1,0,12,0.3152,0,4.79,-0.91,0,0,0.6725,0
0.8739,1,0.0556,0,0,4,0.1578,0,7.73,-0.21,0,0,0.5766,0
0.3736,7,0.5833,3,4,13,0.6807,2,4.76,-2.3,0,0,0.416,1
0.8027,0,0.0,1,0,19,0.3826,0,7.21,-1.95,1,29,0.4728,0
0.9818,0,0.0,0,0,2,0.1134,0,7.73,0.38,0,0,0.4088,1
0.7173,3,0.1875,2,0,9,0.241,1,7.65,-0.36,0,0,0.8177,0
0.9385,0,0.0,1,0,3,0.22,1,8.75,-0.68,0,0,0.4962,0
0.3527,4,0.4444,1,2,8,0.8068,3,7.41,-1.93,1,18,0.7928,1
0.7245,1,0.2,0,1,15,0.3322,1,6.87,-0.41,1,20,0.1826,1
0.8735,1,0.1,0,0,17,0.0363,0,7.92,-0.48,0,0,0.652,0
0.5477,10,0.3704,1,7,2,0.5245,1,7.57,-1.19,0,0,0.2206,1
0.6976,3,0.3,2,2,17,0.62,0,6.16,-1.24,0,0,0.0878,1
0.6882,2,0.1538,1,2,13,0.2338,0,7.06,-1.03,1,40,0.8377,1
0.8287,1,0.0769,1,1,1,0.1462,1,6.75,-1.17,1,11,0.5202,0
0.6035,5,0.2083,2,2,13,0.4797,0,5.25,-0.88,0,0,0.3883,1
0.9256,0,0.0,1,0,3,0.3093,3,4.09,-0.03,1,8,0.3596,1
0.8465,2,0.087,0,2,16,0.2388,0,8.59,0.37,0,0,0.2993,1
0.8151,3,0.1579,1,3,11,0.2137,1,8.36,-0.75,0,0,0.6012,0
0.9662,1,0.0556,0,1,2,0.0771,0,8.75,-0.76,0,0,0.3202,0
0.9407,1,0.0435,0,1,2,0.1449,0,7.8,0.28,0,0,0.5458,0
0.9989,0,0.0,0,0,1,0.5135,1,6.81,-0.94,0,0,0.6558,0
0.9278,0,0.0,1,0,0,0.0489,0,8.53,0.15,0,0,0.101,0
0.9197,1,0.0455,0,0,2,0.052,1,7.37,-0.43,0,0,0.1947,0
0.906,1,0.0556,0,0,1,0.0534,1,8.37,-0.09,0,0,0.3527,0
0.5881,3,0.375,2,3,2,0.3442,1,5.7,-1.77,0,0,0.3478,1
0.9729,0,0.0,0,0,3,0.22,2,7.82,-0.54,0,0,0.3942,0
1.0,0,0.0,0,0,3,0.1121,3,6.96,-1.15,0,0,0.7109,0
0.846,3,0.1,0,3,15,0.1651,0,6.7,-0.46,0,0,0.3626,0
0.9504,1,0.05,1,1,2,0.1001,0,7.1,-1.13,0,0,0.4319,0
0.9614,1,0.04,0,0,2,0.4173,0,7.2,-1.07,1,38,0.5412,1
0.7212,6,0.2143,1,6,7,0.5977,3,6.28,-1.39,0,0,0.6522,1
0.5657,4,0.3636,1,0,8,0.3958,1,5.65,-0.59,0,0,0.6131,1
0.8524,1,0.0588,0,0,15,0.216,0,7.52,-0.92,0,0,0.5144,1
0.8601,1,0.0909,0,0,2,0.0939,0,7.07,-0.77,0,0,0.6464,0
0.7888,3,0.1364,0,1,5,0.2531,0,8.16,-1.26,0,0,0.7984,0
0.8213,2,0.0952,1,1,11,0.6982,3,5.2,-1.61,0,0,0.7489,1
0.6899,4,0.25,0,1,15,0.4222,1,8.6,-1.54,0,0,0.3418,1
0.7399,4,0.1481,1,3,13,0.4444,1,6.81,-0.62,0,0,0.4206,1
0.7491,3,0.1875,1,0,20,0.195,2,7.63,-0.66,0,0,0.4483,1
0.9976,0,0.0,0,0,3,0.043,0,6.66,-0.57,0,0,0.5201,0
0.7072,7,0.25,0,5,6,0.5039,0,5.79,-0.47,1,34,0.6627,1
0.9504,1,0.0476,1,1,3,0.0604,0,7.54,-0.32,0,0,0.2599,0
0.9405,1,0.0769,0,0,3,0.0602,0,8.85,-0.12,0,0,0.7825,0
0.6897,2,0.1538,0,0,19,0.398,0,7.21,-1.11,0,0,0.5735,1
0.69,5,0.1667,0,5,4,0.1995,0,4.92,-1.65,0,0,0.2725,1
0.7463,1,0.1111,0,1,16,0.0806,0,6.75,-0.01,0,0,0.8037,0
0.6979,2,0.2857,2,0,8,0.526,4,6.28,-0.58,0,0,0.9495,0
0.3424,7,0.3889,3,3,14,0.8559,4,5.15,-2.25,0,0,0.7949,1
0.9531,1,0.0333,0,1,1,0.0703,0,9.25,-1.01,0,0,0.5119,0
0.8141,2,0.087,0,2,8,0.1603,2,4.49,-0.96,0,0,0.3422,0
0.9592,0,0.0,0,0,0,0.0051,0,8.82,0.29,0,0,0.6091,0
0.803,3,0.1154,2,2,16,0.2096,0,7.66,0.01,1,11,0.3331,1
0.7795,0,0.0,0,0,17,0.2265,0,6.77,-0.45,0,0,0.4752,0
0.648,3,0.15,0,1,13,0.62,1,4.71,-1.29,0,0,0.3546,1
0.9044,1,0.0625,0,1,2,0.1334,0,8.6,0.29,0,0,0.4697,0
0.6905,4,0.25,2,1,4,0.3746,2,4.91,-1.26,0,0,0.4986,1
0.5804,3,0.3333,0,1,2,0.6315,2,5.89,-1.23,1,19,0.7416,1
0.5182,9,0.3462,2,6,8,0.3094,0,3.23,-0.66,0,0,0.4304,1
0.7692,3,0.2,1,2,12,0.56,1,3.52,-1.01,1,31,0.2255,1
0.7321,5,0.1852,2,3,18,0.2128,0,7.16,-0.08,0,0,0.8909,1
0.9168,1,0.0526,1,1,1,0.78,2,5.86,-0.7,0,0,0.3548,0
0.6027,3,0.375,0,3,17,0.1219,0,5.01,0.12,0,0,0.3633,1
0.6418,2,0.2222,1,1,4,0.6663,1,3.87,-1.57,0,0,0.557,1
0.919,0,0.0,0,0,0,0.1149,0,9.18,-0.61,0,0,0.5401,0
0.9145,1,0.0476,0,1,1,0.138,3,8.09,-0.39,0,0,0.8648,0
0.8772,1,0.125,1,0,18,0.3445,1,7.45,-1.44,0,0,0.6053,0
0.941,1,0.0357,0,0,1,0.1488,0,6.55,-0.56,0,0,0.5535,0
0.6865,5,0.2273,2,1,6,0.2628,0,6.45,-1.64,0,0,0.4186,1
0.392,5,0.3846,1,0,5,0.4683,0,4.36,-1.19,0,0,0.2181,1
0.7408,4,0.1739,2,0,10,0.2366,0,5.97,-0.02,0,0,0.758,1
0.8626,2,0.1429,0,1,7,0.3509,0,4.06,-0.08,1,4,0.5952,1
0.3888,11,0.3667,4,3,18,0.5067,2,4.33,-1.5,0,0,0.4418,1
0.8984,1,0.0909,0,0,14,0.0336,0,9.59,0.05,0,0,0.4853,0
0.9034,0,0.0,0,0,2,0.0689,0,7.01,-0.43,1,45,0.4819,1
0.9017,1,0.0714,1,1,0,0.0409,1,5.12,-0.57,0,0,0.4718,0
0.6244,1,0.2,1,0,11,0.1196,0,7.76,-0.77,1,30,0.5965,1
0.9461,1,0.0714,0,0,1,0.0909,1,7.1,-0.39,0,0,0.6377,0
0.8627,0,0.0,0,0,19,0.0762,0,7.29,-0.05,0,0,0.5101,0
0.5643,6,0.24,3,1,18,0.6448,2,4.56,-0.78,1,29,0.5168,0
0.6313,9,0.3333,0,7,7,0.4142,0,5.35,-1.56,1,43,0.4681,1
0.8405,1,0.1429,0,1,3,0.386,1,3.99,-0.43,1,16,0.4701,0
0.8352,2,0.1667,2,2,1,0.2001,0,6.45,-0.28,0,0,0.6983,0
0.1987,7,0.3684,5,7,17,0.9171,3,5.01,-2.31,1,2,0.2526,1
0.3863,7,0.28,2,3,18,0.5967,3,3.46,-1.27,1,44,0.2928,1
0.9512,0,0.0,1,0,1,0.1067,0,7.87,-0.18,0,0,0.5965,0
0.7228,5,0.1923,2,4,4,0.2496,0,5.91,-0.95,0,0,0.5416,1
0.7155,5,0.1786,1,2,3,0.4902,3,7.03,-0.9,0,0,0.7513,1
0.6846,7,0.2414,2,5,19,0.0456,0,5.56,-1.56,0,0,0.4641,1
0.6924,6,0.2222,2,1,11,0.1499,0,5.99,-0.4,0,0,0.7544,1
0.4823,8,0.4444,1,1,3,0.7655,2,5.17,-0.88,1,16,0.6606,1
0.5782,9,0.3462,0,6,9,0.2846,2,5.53,-0.74,0,0,0.5007,1
0.725,3,0.2,1,3,6,0.3289,0,7.18,-1.14,1,26,0.6592,1
0.4543,6,0.3158,0,2,17,0.3419,2,6.81,-0.7,1,38,0.3381,1
0.8045,1,0.0909,1,1,5,0.2151,0,7.0,-1.32,0,0,0.3563,0
0.9387,1,0.0417,0,0,2,0.087,0,9.48,-0.72,0,0,0.8586,0
0.9469,1,0.037,0,1,1,0.1756,0,6.6,-0.97,0,0,0.3791,0
0.6895,2,0.2,2,2,1,0.1594,0,6.8,-1.3,0,0,0.3179,0
0.7445,5,0.2083,0,2,18,0.5912,3,7.0,-1.5,0,0,0.6137,1
0.9261,0,0.0,1,0,0,0.5256,2,6.58,-1.47,0,0,0.6499,1
0.9733,0,0.0,0,0,0,0.22,0,9.38,-0.23,0,0,0.5222,0
0.6218,1,0.1429,2,1,11,0.4171,1,7.82,-0.92,0,0,0.5576,0
0.938,1,0.0417,0,0,1,0.1011,0,7.87,-0.64,0,0,0.447,0
0.6785,1,0.125,1,0,12,0.265,0,5.64,0.1,0,0,0.4352,1
0.9234,1,0.0833,1,1,2,0.1304,1,8.27,-0.3,0,0,0.4381,0
0.8849,2,0.087,0,1,7,0.185,1,9.24,-0.21,0,0,0.5077,0
0.8074,2,0.1429,0,1,3,0.1989,3,7.79,-0.23,0,0,0.7344,0
0.8242,1,0.1429,1,0,19,0.0783,1,8.42,-0.16,0,0,0.5283,1
0.9419,1,0.04,0,1,2,0.2133,1,8.88,-0.55,0,0,0.5131,0
1.0,0,0.0,0,0,0,0.1023,0,6.95,0.48,0,0,0.738,0
0.7391,3,0.1364,2,1,19,0.4356,1,4.87,-1.46,0,0,0.6187,0
0.8604,2,0.0769,0,1,5,0.1699,0,7.84,-0.06,0,0,0.4295,0
0.9863,0,0.0,0,0,0,0.0183,0,9.83,0.23,0,0,0.6497,1
0.632,4,0.2105,1,2,13,0.7747,3,5.1,-1.93,0,0,0.6866,1
0.4231,12,0.48,3,8,18,0.5771,2,2.9,-1.13,0,0,0.7316,1
0.3264,6,0.5455,1,2,15,0.7304,4,6.64,-1.75,0,0,0.6946,1
0.7012,2,0.1667,0,0,7,0.2143,0,8.32,-0.07,0,0,0.6293,0
0.969,0,0.0,0,0,1,0.1435,0,9.37,0.0,0,0,0.4642,0
1.0,0,0.0,0,0,1,0.1056,0,7.68,0.23,0,0,0.1981,0
0.9639,0,0.0,0,0,2,0.2262,0,7.08,0.71,0,0,0.427,0
0.9385,1,0.0455,0,1,0,0.5654,0,4.84,-0.42,0,0,0.6162,0
0.5828,3,0.3,1,3,11,0.5784,3,5.12,-0.07,0,0,0.2091,1
0.9319,1,0.0417,0,1,2,0.1152,0,9.65,-0.28,0,0,0.5817,0
0.7198,4,0.2105,0,0,8,0.2299,0,5.99,-1.22,1,7,0.2923,1
0.2382,5,0.4545,3,3,7,0.6109,1,5.65,-1.38,0,0,0.5259,1
0.7274,5,0.1724,0,1,3,0.1906,0,6.27,0.13,1,38,0.7431,1
0.6955,5,0.2,0,1,3,0.1457,1,6.29,0.05,0,0,0.352,1
0.4533,9,0.4091,1,9,14,0.6714,2,4.68,-1.94,0,0,0.4768,1
0.2611,4,0.5714,1,1,9,0.3554,0,4.88,-1.95,0,0,0.7464,1
0.7377,2,0.1538,1,2,1,0.0765,0,6.91,0.19,1,17,0.5252,1
0.6803,6,0.2609,0,1,1,0.4789,4,5.44,-1.52,0,0,0.4079,0
0.8611,1,0.2,0,0,4,0.0613,0,8.09,-0.72,0,0,0.2847,0
0.7921,4,0.2,1,3,12,0.2461,0,7.17,-1.06,0,0,0.7247,1
0.3941,3,0.4286,4,0,20,0.8482,2,4.02,-1.86,1,21,0.5701,1
0.9266,1,0.0667,1,1,0,0.0323,0,7.89,-0.1,0,0,0.7539,0
0.877,1,0.0588,0,1,1,0.112,0,6.51,-0.9,1,34,0.2648,0
0.9186,0,0.0,0,0,2,0.0017,0,7.31,-0.13,0,0,0.3876,0
0.7214,1,0.25,2,1,15,0.4798,2,3.91,-0.9,1,31,0.676,1
0.9429,0,0.0,0,0,0,0.0103,0,8.36,-0.69,0,0,0.3383,0
0.7986,3,0.12,0,1,14,0.2436,3,5.62,-0.17,0,0,0.2152,1
0.735,4,0.25,0,2,20,0.2336,1,6.08,-0.57,0,0,0.6725,1
0.7345,1,0.25,1,1,14,0.1405,0,6.74,-0.44,0,0,0.3139,1
0.7862,4,0.1667,1,0,13,0.5893,2,4.39,-0.81,0,0,0.5437,1
0.6548,4,0.1538,2,2,20,0.2647,2,6.85,-0.2,1,42,0.4906,0
0.6338,8,0.3077,2,7,13,0.1792,0,7.71,-0.14,0,0,0.3176,1
0.8568,2,0.0741,2,2,5,0.0409,0,7.03,-0.3,0,0,0.5382,0
0.5393,2,0.2857,0,2,3,0.7355,1,5.9,-1.75,0,0,0.3424,1
0.7296,3,0.15,0,2,12,0.03,0,9.8,-0.34,0,0,0.6341,0
0.7492,3,0.1875,0,2,19,0.1599,0,5.38,-0.38,0,0,0.5432,1
0.752,3,0.1579,0,2,9,0.1926,0,4.28,-0.01,1,31,0.556,1
0.8989,1,0.1111,0,0,15,0.22,2,9.1,-0.39,0,0,0.6433,0
0.9631,1,0.0417,0,0,0,0.072,0,8.7,0.47,0,0,0.4773,0
0.6853,3,0.2727,0,3,10,0.2541,2,7.06,-0.62,0,0,0.4053,1
0.6925,1,0.1667,1,1,7,0.209,0,7.52,-0.52,0,0,0.7568,1
0.7012,3,0.1765,1,1,5,0.3156,1,6.33,-0.44,1,42,0.1078,0
0.8862,1,0.0909,1,1,4,0.0974,1,7.9,-1.0,0,0,0.2493,0
0.4938,12,0.4444,2,12,3,0.5557,2,7.35,-1.52,0,0,0.7212,0
0.5943,9,0.3462,2,4,11,0.1827,0,5.73,-0.68,0,0,0.423,1
0.8115,3,0.15,0,0,19,0.0665,1,7.66,-0.02,0,0,0.472,1
0.7337,3,0.1429,0,1,12,0.2787,2,6.49,-0.7,0,0,0.7038,0
0.8607,2,0.069,1,2,16,0.0363,0,7.07,-0.82,0,0,0.413,0
0.9736,0,0.0,0,0,2,0.0562,0,6.9,0.03,0,0,0.5908,0
0.149,3,0.375,4,0,16,0.6989,2,7.96,-2.31,1,5,0.4853,1
0.8866,1,0.1429,0,1,4,0.1276,0,6.17,-0.26,1,37,0.2868,0
0.8796,1,0.0588,0,0,6,0.3617,2,6.72,-0.56,1,41,0.485,0
0.8895,2,0.1,0,0,3,0.418,2,5.48,-0.88,0,0,0.3316,0
0.2211,6,0.4,3,3,19,0.7296,3,5.84,-2.37,0,0,0.6885,1
0.5715,4,0.2667,1,1,4,0.6812,2,5.21,-1.77,0,0,0.5234,1
1.0,0,0.0,0,0,3,0.0568,0,8.84,0.16,0,0,0.7205,0
0.9031,1,0.0909,0,0,0,0.0053,0,8.84,0.57,0,0,0.6433,0
0.9395,0,0.0,0,0,3,0.2937,4,8.37,-0.35,0,0,0.1048,0
0.972,0,0.0,0,0,1,0.7,1,5.74,-1.52,1,4,0.4083,1
0.7634,1,0.1111,1,1,12,0.1969,2,5.32,-1.41,0,0,0.591,0
0.7934,1,0.125,1,0,1,0.3524,1,5.77,-0.88,1,23,0.2098,1
0.9184,1,0.1111,0,1,0,0.1249,0,7.69,-0.2,0,0,0.7605,0
0.7949,1,0.1429,0,1,5,0.3076,0,5.87,-0.52,1,21,0.4493,1
0.9371,1,0.04,0,0,1,0.2824,1,5.17,-0.93,0,0,0.334,0
0.4563,6,0.3,4,4,4,0.2404,0,5.8,-1.37,0,0,0.341,1
0.9381,1,0.0476,1,1,2,0.0878,0,6.36,-0.63,0,0,0.7602,0
0.9301,0,0.0,0,0,3,0.1889,1,7.19,-0.58,1,33,0.6363,0
0.4131,7,0.5,3,4,1,0.6925,1,2.77,-1.49,1,34,0.3877,1
0.9783,0,0.0,0,0,2,0.0302,0,7.97,-0.27,0,0,0.547,0
0.9837,0,0.0,0,0,2,0.5114,1,5.93,-0.59,1,5,0.7801,1
0.9229,0,0.0,0,0,0,0.1481,2,6.6,-0.43,1,19,0.6242,0
0.4901,5,0.4545,1,2,11,0.5185,2,3.66,-1.14,0,0,0.9214,1
0.8464,2,0.08,0,2,20,0.0443,0,7.85,0.14,0,0,0.5745,0
0.7236,3,0.1765,0,3,15,0.4152,0,3.91,-0.72,1,22,0.2476,1
0.957,0,0.0,0,0,1,0.0678,0,7.38,-0.58,0,0,0.2244,0
0.9451,1,0.0556,0,0,3,0.0243,0,8.48,-0.09,0,0,0.2571,0
0.8892,2,0.0741,0,0,14,0.1119,1,7.84,-0.43,0,0,0.3738,0
0.9273,0,0.0,1,0,3,0.4443,2,6.46,-0.86,1,14,0.2578,0
0.93,1,0.0345,1,0,1,0.0897,0,8.24,-0.36,0,0,0.183,0
0.8094,4,0.1333,0,2,1,0.3251,0,7.88,-0.31,1,44,0.0681,1
0.5358,7,0.35,3,3,9,0.464,1,6.29,-1.64,1,19,0.664,1
0.8011,2,0.1667,2,1,13,0.1795,1,7.11,-0.28,0,0,0.5813,0
0.6129,1,0.25,1,1,9,0.7859,0,5.75,-1.17,0,0,0.5791,1
0.5975,3,0.4286,1,2,3,0.4628,1,5.82,-1.8,1,3,0.6678,1
0.6682,6,0.24,1,6,4,0.561,2,6.43,-1.38,0,0,0.5814,1
0.7052,4,0.1667,0,3,14,0.375,1,9.5,-1.49,0,0,0.4608,1
0.6681,2,0.1538,1,1,1,0.4829,2,6.65,-1.28,0,0,0.8383,1
0.724,3,0.1667,2,2,12,0.4803,1,6.77,-0.97,0,0,0.665,1
0.8337,3,0.1,1,3,5,0.289,2,7.43,-1.3,0,0,0.5696,0
0.9806,0,0.0,0,0,1,0.04,0,7.3,-0.08,0,0,0.2372,0
0.5362,2,0.2857,1,2,4,0.2393,0,4.82,-1.49,1,23,0.7873,1
0.7759,2,0.1538,0,1,4,0.28,0,5.63,-0.63,0,0,0.2766,1
0.9534,1,0.0417,0,1,1,0.0667,0,8.01,-0.47,0,0,0.242,0
0.8721,0,0.0,0,0,7,0.2068,1,7.58,0.06,0,0,0.5645,0
0.9281,1,0.0667,0,0,2,0.0696,0,9.51,0.05,0,0,0.6567,0
0.9656,0,0.0,0,0,2,0.137,1,9.27,-0.31,1,42,0.4833,0
0.8396,3,0.1071,1,1,13,0.0725,0,7.07,-0.87,0,0,0.7457,0
0.8948,2,0.0769,0,1,16,0.0064,0,7.73,0.51,0,0,0.7825,0
0.9539,0,0.0,0,0,2,0.0254,0,7.84,0.52,0,0,0.7499,0
1.0,0,0.0,0,0,3,0.1758,0,6.9,0.05,0,0,0.4598,0
0.3452,9,0.5294,2,5,19,0.3429,0,6.2,-0.27,0,0,0.2323,1
0.2013,7,0.5,2,0,14,0.663,2,5.34,-1.61,0,0,0.1641,1
0.8097,2,0.0769,0,1,5,0.3163,1,5.94,-0.56,0,0,0.4247,0
0.596,2,0.4,1,2,14,0.5734,1,2.98,-1.7,0,0,0.2766,1
0.9441,1,0.04,0,1,2,0.3323,1,6.83,0.72,0,0,0.1375,0
0.979,0,0.0,0,0,1,0.1864,1,7.9,-0.53,0,0,0.4423,0
0.7208,5,0.2083,1,3,12,0.3927,0,6.99,-0.74,1,23,0.5978,1
0.7433,3,0.12,0,3,18,0.6204,1,6.11,-1.31,1,44,0.6462,1
0.9729,0,0.0,0,0,2,0.2087,1,7.76,0.4,0,0,0.2967,0
0.7999,2,0.1,1,1,12,0.2407,1,7.53,-0.87,0,0,0.5338,1
0.5819,7,0.3684,1,3,2,0.6728,2,3.9,-1.76,0,0,0.8181,0
0.6571,2,0.2,0,2,19,0.1847,1,7.19,-1.53,0,0,0.3223,1
0.8028,3,0.1,0,1,13,0.4742,0,5.4,-0.8,0,0,0.469,1
0.7226,3,0.2308,2,0,15,0.6026,4,2.7,-1.34,0,0,0.25,1
0.5063,3,0.2727,0,2,11,0.7281,1,5.41,-1.34,0,0,0.4409,1
1.0,0,0.0,0,0,3,0.071,0,6.57,-0.32,0,0,0.1637,0
0.8602,2,0.1111,0,1,6,0.1394,0,3.75,-0.09,0,0,0.6635,1
0.4394,11,0.5,4,4,1,0.808,3,3.14,-1.81,1,43,0.2847,1
0.7851,1,0.2,2,0,19,0.6688,1,3.56,-1.64,0,0,0.3744,0
0.7433,2,0.1818,1,2,9,0.4268,1,4.27,0.08,1,17,0.4469,0
0.7315,6,0.2069,0,1,15,0.1921,0,6.96,0.16,1,36,0.2957,1
0.774,4,0.2,1,3,8,0.6001,2,6.83,-2.23,0,0,0.5081,1
0.8169,2,0.1538,0,1,17,0.307,3,6.19,-0.8,0,0,0.2351,0
0.7222,1,0.1667,0,1,4,0.2285,1,6.04,-0.02,0,0,0.8544,1
0.6976,1,0.125,0,1,6,0.1307,1,9.02,-0.76,0,0,0.144,0
0.8888,1,0.0909,0,1,19,0.0284,0,8.55,0.42,0,0,0.427,0
0.9261,1,0.0667,0,1,2,0.1336,0,7.58,0.38,0,0,0.3248,0
0.9371,0,0.0,0,0,3,0.0236,0,8.02,-0.25,0,0,0.5745,0
0.5461,8,0.4211,0,4,11,0.2894,1,7.89,-1.2,0,0,0.6451,1
0.6162,2,0.2,1,2,12,0.8311,2,3.61,-1.73,0,0,0.4645,1
0.9438,1,0.0345,0,1,3,0.1003,1,6.77,-0.45,0,0,0.1221,0
0.8568,1,0.1429,0,1,3,0.1849,0,6.78,0.03,0,0,0.3614,0
0.9185,1,0.0385,0,0,3,0.3335,1,7.08,-0.37,0,0,0.6801,0
0.5151,5,0.2381,1,2,5,0.7617,2,5.37,-2.22,0,0,0.384,1
0.7676,4,0.1818,0,1,1,0.2823,3,7.34,-0.77,0,0,0.3423,0
0.8373,2,0.1,1,0,8,0.0698,0,7.14,0.29,0,0,0.2854,0
0.8995,2,0.0769,0,2,15,0.2704,0,8.03,-0.45,0,0,0.5722,1
0.512,3,0.3333,1,2,14,0.5187,0,3.22,-1.75,0,0,0.5646,1
0.8856,1,0.0625,1,1,9,0.2244,1,6.16,-0.57,0,0,0.4806,1
0.9426,1,0.0588,0,0,0,0.0696,3,7.77,0.67,0,0,0.3955,0
0.9124,1,0.0909,0,0,0,0.22,1,8.25,0.09,0,0,0.2731,0
0.8734,2,0.1,0,2,15,0.2341,1,4.62,-0.66,0,0,0.6318,1
0.7775,5,0.1667,1,5,19,0.1043,0,8.39,0.35,0,0,0.3705,1
0.8198,2,0.1,1,0,8,0.5023,0,5.55,-0.73,1,5,0.6078,0
0.26,2,0.4,3,1,5,0.4932,1,3.38,-0.91,0,0,0.4872,1
0.7478,4,0.1667,2,1,16,0.2051,0,5.8,-1.54,0,0,0.6879,0
0.7758,1,0.2,2,1,17,0.1598,1,6.58,-0.57,0,0,0.2849,0
0.89,0,0.0,0,0,10,0.0392,0,8.77,-0.43,1,20,0.433,1
1.0,0,0.0,0,0,2,0.0603,0,8.03,0.13,0,0,0.2735,0
0.7183,3,0.1875,1,0,4,0.3918,1,7.68,-0.76,0,0,0.4817,0
0.7764,4,0.1667,1,4,14,0.5235,3,4.92,-0.46,0,0,0.4776,1
0.7407,2,0.1818,1,1,18,0.6683,1,4.88,-0.48,0,0,0.2004,1
0.8918,1,0.0833,0,0,13,0.1502,0,7.34,-0.43,0,0,0.6588,0
0.6209,7,0.3043,0,2,15,0.35,3,4.35,-0.94,0,0,0.5942,1
0.7474,3,0.1034,1,0,8,0.62,2,7.99,-0.45,1,11,0.5111,1
0.5876,7,0.35,2,1,5,0.3852,0,3.45,-2.03,0,0,0.593,1
0.8814,1,0.0556,0,1,10,0.2134,0,9.32,-0.15,0,0,0.3852,0
0.7667,3,0.25,0,3,9,0.428,4,7.1,-0.71,1,21,0.5912,1
0.8811,1,0.1111,0,0,9,0.2041,1,7.53,0.0,0,0,0.5692,0
0.6895,6,0.2727,0,2,13,0.3939,3,8.13,-0.46,0,0,0.3329,1
0.5706,4,0.2105,4,2,4,0.7616,0,5.42,-2.37,0,0,0.3488,1
0.9725,0,0.0,0,0,1,0.1473,1,8.64,0.36,0,0,0.4003,0
0.6274,4,0.2105,0,3,12,0.382,2,6.94,-0.84,0,0,0.4336,1
0.7515,2,0.1429,1,1,2,0.3108,0,7.49,-1.03,0,0,0.143,0
0.7266,1,0.2,0,1,18,0.3664,1,7.01,-0.24,0,0,0.6957,0
0.8291,3,0.1429,0,2,15,0.1966,1,3.41,-0.57,0,0,0.383,1
0.6511,4,0.3077,0,4,8,0.2278,3,5.84,-0.57,0,0,0.9026,1
0.8724,1,0.125,1,1,7,0.0707,0,7.25,-0.51,0,0,0.5392,0
0.891,2,0.087,0,0,11,0.0214,0,7.48,-0.47,0,0,0.4339,0
0.7766,3,0.1304,0,1,12,0.1201,1,7.12,-0.36,0,0,0.648,0
0.6074,5,0.1724,0,1,5,0.2158,2,5.12,-0.29,0,0,0.2653,1
0.844,1,0.1111,2,1,18,0.3035,1,6.47,-0.57,0,0,0.6216,1
0.7629,3,0.1579,0,3,6,0.3499,2,6.51,-0.98,1,34,0.5287,1
0.893,2,0.0833,0,2,12,0.1458,0,4.8,-0.01,0,0,0.2498,1
0.7277,3,0.1667,1,1,2,0.6331,1,3.63,-0.76,0,0,0.6907,0
0.8243,2,0.1111,0,1,11,0.5097,1,5.48,-1.17,0,0,0.265,1
0.9127,1,0.125,0,1,0,0.6155,1,6.19,-0.63,0,0,0.3157,1
0.6329,4,0.2105,3,1,8,0.745,2,6.69,-1.2,0,0,0.2858,1
0.8197,4,0.1481,0,2,12,0.2879,1,6.22,-0.54,1,19,0.5307,0
0.9108,1,0.0526,1,1,3,0.22,1,7.2,0.42,0,0,0.7621,0
0.8835,2,0.0909,0,0,4,0.4909,1,4.85,-1.23,1,31,0.3511,1
0.6007,3,0.1875,3,1,9,0.5094,0,5.84,-0.71,1,26,0.6745,1
0.8587,1,0.1429,0,0,9,0.1998,3,8.95,-0.87,0,0,0.9425,0
0.6456,5,0.2381,2,0,2,0.2885,0,5.42,-0.71,0,0,0.6022,1
0.9046,1,0.1,0,1,2,0.2145,0,7.6,-0.52,1,3,0.579,0
0.9194,1,0.0455,0,1,2,0.1137,0,9.53,-0.34,0,0,0.5855,0
0.8126,2,0.1333,0,2,17,0.2444,0,7.87,-0.73,0,0,0.1779,1
0.5945,3,0.2,1,0,12,0.3388,0,7.01,-0.19,0,0,0.5403,1
0.4069,2,0.4,1,1,9,0.6241,3,6.43,-1.16,0,0,0.4023,1
0.9035,2,0.0714,0,1,1,0.2171,0,9.05,-0.5,0,0,0.6805,0
0.7574,3,0.1304,1,1,2,0.1765,1,6.65,-0.04,0,0,0.3141,0
1.0,0,0.0,0,0,3,0.0553,0,8.99,0.01,0,0,0.4872,0
0.9574,1,0.05,2,0,1,0.1979,1,5.55,-0.28,0,0,0.6388,0
0.9302,1,0.0667,0,0,3,0.0224,0,9.82,-0.25,0,0,0.4602,0
0.8788,3,0.1034,0,2,16,0.1445,0,5.25,-1.64,1,34,0.6646,1
0.7359,2,0.1818,0,2,14,0.2016,0,5.65,-0.22,0,0,0.7042,1
0.1999,14,0.7368,4,4,10,0.5739,3,4.33,-2.53,1,43,0.7949,1
0.7707,1,0.2,0,0,10,0.0891,0,9.17,-0.2,0,0,0.5478,0
0.821,1,0.0909,0,1,2,0.2589,0,7.58,-1.26,0,0,0.5876,0
0.7118,7,0.2414,2,0,10,0.1008,0,7.3,-0.2,1,26,0.8057,0
0.9504,0,0.0,1,0,1,0.0463,1,8.26,0.22,0,0,0.4821,0
0.8014,1,0.1667,2,0,7,0.1664,3,8.5,-0.38,0,0,0.571,0
0.9427,1,0.0556,0,1,3,0.0137,0,8.57,-0.09,0,0,0.7132,0
0.8575,1,0.0556,0,1,9,0.1822,1,5.07,-1.04,0,0,0.4662,1
0.9125,1,0.0357,0,0,1,0.3104,1,8.68,-0.22,0,0,0.4949,0
0.7527,2,0.1818,0,0,16,0.459,1,8.18,-0.66,0,0,0.6005,0
0.4662,7,0.2692,1,3,10,0.3872,0,4.11,-1.38,0,0,0.4672,1
0.6753,5,0.2273,1,3,19,0.4031,1,5.78,-0.98,0,0,0.7005,0
0.6827,3,0.1364,0,2,6,0.5239,1,4.83,-0.76,1,16,0.4584,1
0.7807,1,0.25,1,1,20,0.0778,0,5.93,0.11,1,3,0.6423,0
0.8321,1,0.0833,1,1,1,0.2964,0,7.84,-0.65,0,0,0.7325,0
0.7877,5,0.1786,1,3,19,0.1017,0,7.2,-0.51,0,0,0.6603,1
1.0,0,0.0,0,0,2,0.0964,0,7.16,-0.01,0,0,0.5319,0
0.9864,0,0.0,0,0,2,0.1493,1,8.2,-0.14,0,0,0.3988,0
0.9532,0,0.0,0,0,1,0.1555,1,8.74,-0.58,0,0,0.2342,0
0.8925,1,0.0556,0,0,5,0.2333,1,7.35,-0.34,0,0,0.2267,0
0.6186,2,0.25,0,2,9,0.3731,0,5.54,-1.02,0,0,0.6342,1
1.0,0,0.0,0,0,3,0.1315,0,8.2,0.16,0,0,0.3747,0
0.7284,3,0.1667,0,2,19,0.5975,2,8.16,-1.4,0,0,0.6079,1
0.912,1,0.0714,0,0,2,0.1179,2,8.6,-0.82,0,0,0.6219,0
0.9782,0,0.0,0,0,1,0.0155,0,8.08,-0.91,0,0,0.3664,0
0.7656,3,0.1364,0,1,7,0.3575,0,6.84,-1.13,0,0,0.4391,0
0.4008,2,0.5,0,0,14,0.548,5,3.72,-1.18,0,0,0.477,1
0.7824,3,0.125,1,0,19,0.2726,0,4.78,-1.16,0,0,0.4398,0
0.7412,1,0.0833,1,1,17,0.0889,1,7.79,0.01,1,44,0.6105,0
0.8907,2,0.0952,0,1,9,0.1595,1,8.13,-0.5,0,0,0.3179,0
1.0,0,0.0,0,0,0,0.0945,0,7.88,0.8,0,0,0.427,0
0.7778,4,0.16,1,4,1,0.3255,1,6.26,-0.75,1,22,0.5616,1
0.9008,1,0.0769,0,0,3,0.011,0,8.95,-0.15,0,0,0.1955,0
0.4977,3,0.3,3,1,4,0.5347,1,4.21,-1.07,1,8,0.4245,1
0.8249,1,0.1429,0,0,7,0.1328,0,8.67,-0.78,1,16,0.4403,1
0.418,3,0.3,4,1,16,0.7645,2,4.75,-1.58,0,0,0.816,1
0.8742,1,0.0526,0,1,11,0.2447,0,7.67,-0.98,0,0,0.3746,0
0.9387,1,0.0667,0,0,3,0.0101,0,8.53,0.35,0,0,0.2851,0
0.3633,5,0.2778,4,3,17,0.3793,0,2.74,-1.53,1,12,0.1683,1
0.818,3,0.125,1,2,3,0.1072,1,6.46,-0.03,0,0,0.5215,1
0.6913,5,0.2,3,3,6,0.3006,1,6.14,-1.33,0,0,0.3537,1
0.4756,1,0.25,1,0,8,0.7922,3,0.83,-1.18,1,20,0.4478,1
0.9103,1,0.0625,0,1,3,0.6519,2,5.02,-1.62,1,28,0.5594,1
0.7653,1,0.0909,0,1,5,0.5706,2,7.88,-0.98,0,0,0.5306,0
0.4792,10,0.4348,0,8,7,0.8164,3,4.0,-0.78,1,2,0.5984,1
0.8349,1,0.0833,0,0,9,0.5099,3,8.26,-1.16,1,28,0.6736,0
0.6226,5,0.2,2,4,5,0.4317,2,6.25,-1.23,1,12,0.4917,1
0.6257,6,0.3,2,1,1,0.117,1,7.51,-0.81,0,0,0.2808,0
0.6559,9,0.3,5,1,16,0.8799,3,3.39,-1.17,1,3,0.4768,1
0.9648,0,0.0,0,0,2,0.0484,0,9.17,0.22,0,0,0.5932,0
0.7567,1,0.1,0,0,12,0.2601,1,6.07,-0.43,0,0,0.7118,1
0.4636,10,0.4762,4,1,12,0.572,3,3.67,-0.68,0,0,0.3741,1
0.6869,1,0.25,2,1,5,0.4043,0,5.43,-0.9,0,0,0.398,1
0.4696,7,0.2692,4,4,15,0.6784,4,4.15,-1.93,1,10,0.6686,1
0.5906,8,0.3077,0,5,4,0.777,4,4.98,-0.78,0,0,0.5656,1
0.3595,5,0.5556,1,2,10,0.6308,0,5.7,-0.68,0,0,0.6522,0
0.3602,7,0.4667,0,4,9,0.3853,1,4.38,-1.36,0,0,0.3865,1
0.9685,0,0.0,0,0,2,0.0988,0,7.25,-0.23,0,0,0.3971,0
0.8425,1,0.125,0,1,7,0.308,0,8.61,-0.85,1,43,0.3618,1
0.8437,1,0.1667,0,0,9,0.6822,1,5.96,-0.68,1,18,0.4796,0
0.6966,2,0.1667,0,0,10,0.2782,3,6.89,-1.19,0,0,0.3529,0
0.8662,1,0.0833,0,0,20,0.2646,2,7.31,-1.13,1,18,0.2063,1
0.7233,4,0.1818,0,4,10,0.6261,2,4.0,-1.58,0,0,0.2985,1
0.811,3,0.1,0,0,11,0.204,1,4.41,-0.9,0,0,0.227,0
0.8021,4,0.1333,2,3,17,0.5116,2,5.95,-0.96,0,0,0.4032,1
0.8147,1,0.0833,0,1,6,0.4025,0,8.45,-1.32,1,37,0.9062,0
0.8153,1,0.0909,0,0,14,0.2866,1,6.17,-1.56,0,0,0.533,0
0.7699,4,0.1818,3,1,3,0.1851,0,8.07,0.08,0,0,0.3859,0
0.7078,3,0.15,0,3,19,0.2988,0,7.41,-0.31,0,0,0.5744,1
0.8967,2,0.0714,0,2,14,0.2002,2,7.21,-0.64,0,0,0.5405,0
0.7664,3,0.1667,0,0,3,0.1514,1,6.82,-0.2,1,8,0.4678,0
0.8038,3,0.125,2,1,16,0.3378,0,8.2,-0.81,0,0,0.3835,1
0.7503,2,0.1538,0,2,17,0.2264,3,6.34,-1.58,0,0,0.6169,0
0.7822,3,0.1875,0,3,4,0.3264,1,5.53,-1.14,0,0,0.522,1
0.7086,3,0.1875,1,3,9,0.2097,1,6.17,0.07,0,0,0.209,1
0.9552,0,0.0,0,0,1,0.1007,0,6.61,0.36,0,0,0.5343,0
0.9617,0,0.0,0,0,0,0.0991,0,6.5,0.55,0,0,0.5937,0
0.9135,2,0.0952,0,1,1,0.1187,1,7.33,-0.79,0,0,0.5397,0
0.7167,3,0.2,0,3,11,0.4424,0,5.2,-1.12,1,23,0.6603,1
0.6871,1,0.1667,2,0,5,0.62,1,7.7,-1.46,0,0,0.6215,1
0.9735,0,0.0,0,0,2,0.1226,0,6.4,-0.09,1,4,0.5036,0
0.8235,3,0.1364,0,0,16,0.3671,1,7.36,-0.86,1,33,0.7973,1
0.8801,1,0.0455,0,1,9,0.0865,0,6.38,0.2,0,0,0.8879,0
0.8467,1,0.1667,0,0,15,0.45,1,7.42,-0.99,0,0,0.5062,1
0.6589,7,0.2917,2,4,16,0.5443,2,5.88,-1.04,1,1,0.7814,1
0.9471,1,0.0556,0,0,1,0.0716,0,8.76,0.1,0,0,0.8634,0
0.913,1,0.05,0,0,1,0.2483,0,4.51,-0.47,1,4,0.451,1
0.8594,0,0.0,0,0,4,0.2684,1,5.7,-1.38,0,0,0.5847,1
0.7837,1,0.0909,1,1,3,0.45,1,7.06,-0.96,1,1,0.4748,1
0.7734,2,0.1429,2,0,10,0.3357,0,8.15,-0.23,0,0,0.436,0
0.9851,0,0.0,0,0,0,0.0826,1,6.99,0.69,0,0,0.2456,0
0.7526,1,0.1429,1,1,9,0.78,1,7.0,-2.06,0,0,0.4722,1
0.8501,2,0.1053,0,2,19,0.1413,0,7.77,0.38,0,0,0.3526,1
0.9091,1,0.0909,0,0,2,0.1508,1,8.8,-0.8,0,0,0.5335,0
0.807,2,0.1429,0,1,9,0.3425,1,5.07,-0.54,1,29,0.5886,0
0.7346,4,0.1429,2,0,5,0.3572,1,5.64,-0.63,0,0,0.6982,1
0.9857,0,0.0,0,0,3,0.0286,0,6.84,-0.09,0,0,0.4641,0
0.9473,0,0.0,0,0,3,0.0921,0,8.02,-0.65,0,0,0.2629,0
0.9091,0,0.0,0,0,2,0.22,0,8.2,-1.2,0,0,0.3659,0
0.9252,0,0.0,0,0,1,0.2559,0,7.43,-0.46,0,0,0.4168,0
0.5031,2,0.2857,1,0,19,0.1773,1,5.37,-1.07,0,0,0.8124,1
0.9774,0,0.0,0,0,1,0.4055,1,6.8,-0.69,0,0,0.3949,1
0.8652,2,0.1053,0,0,1,0.4906,3,7.08,-0.74,0,0,0.5525,0
0.7969,3,0.1111,0,2,5,0.2787,1,5.25,-0.77,1,41,0.4043,1
0.3439,2,0.2857,2,1,15,0.7369,2,4.08,-2.25,0,0,0.6257,1
0.9479,0,0.0,2,0,3,0.1306,0,8.01,0.06,0,0,0.5833,0
0.7752,3,0.1579,0,3,16,0.7688,3,4.06,-0.82,0,0,0.7344,1
0.7504,3,0.2308,2,1,19,0.5527,3,6.74,-1.12,0,0,0.5142,1
0.4919,5,0.3333,1,4,2,0.6893,3,2.2,-0.75,0,0,0.3417,1
0.5815,9,0.36,1,4,2,0.4728,1,4.69,-1.52,0,0,0.3477,1
0.326,7,0.5385,3,7,18,0.3106,1,4.7,-1.24,0,0,0.4754,1
0.9069,1,0.0667,0,1,1,0.0159,0,7.93,-1.09,0,0,0.6481,0
0.9414,1,0.04,0,0,1,0.0365,0,8.08,0.07,0,0,0.3115,0
0.8775,3,0.1154,1,1,9,0.3128,0,5.72,0.05,0,0,0.3346,1
0.8376,2,0.125,0,0,19,0.4629,4,4.42,-1.16,1,40,0.3098,1
0.8178,1,0.0667,0,0,2,0.1332,0,6.61,-0.84,0,0,0.2546,1
0.6884,4,0.2,2,4,12,0.3734,2,4.85,-0.75,1,15,0.3812,1
0.5696,4,0.3077,1,2,11,0.5982,2,0.5,-1.75,1,40,0.7533,1
0.8835,2,0.0667,0,1,4,0.1148,0,7.75,-0.26,0,0,0.3108,1
0.7581,2,0.1429,1,0,11,0.3715,2,4.59,-1.03,0,0,0.6129,0
0.6491,2,0.2857,1,1,5,0.4783,1,6.99,-1.06,0,0,0.4723,0
0.7251,4,0.16,1,1,18,0.3434,1,5.74,-0.03,0,0,0.6222,1
0.92,1,0.0833,1,1,1,0.1128,0,7.75,-0.67,0,0,0.4206,0
0.6456,1,0.125,1,0,6,0.3313,3,6.54,-0.74,1,17,0.7306,1
0.9653,1,0.0556,1,1,0,0.0651,0,8.88,0.75,0,0,0.3414,0
0.9086,2,0.0833,0,1,3,0.0468,1,7.71,-0.53,0,0,0.9042,0
0.3118,5,0.3571,2,2,4,0.3945,0,5.31,-1.32,0,0,0.5789,1
0.5638,4,0.2,0,2,19,0.2553,0,8.88,-0.5,0,0,0.6326,1
0.7707,5,0.1923,2,3,7,0.8833,1,7.3,-1.11,0,0,0.5581,1
0.7648,4,0.1739,1,0,2,0.2311,0,6.62,-0.37,0,0,0.5226,0
0.3351,10,0.4348,1,6,8,0.7731,2,2.04,-2.83,1,21,0.6868,1
0.7817,1,0.0833,3,0,6,0.1053,0,7.75,-0.22,0,0,0.5482,1
0.9079,1,0.0476,0,1,0,0.0077,0,7.62,-0.26,0,0,0.6244,0
0.6056,1,0.25,1,1,1,0.2235,1,7.03,-1.1,0,0,0.2869,1
0.943,0,0.0,1,0,3,0.2034,1,9.45,0.21,0,0,0.5487,1
0.7338,3,0.1364,2,0,4,0.088,0,6.42,-0.81,0,0,0.1331,0
0.8296,2,0.0741,0,2,13,0.2625,0,7.24,-0.7,1,42,0.5198,0
0.924,2,0.0769,0,1,0,0.0544,0,7.37,-0.16,0,0,0.5051,0
0.8363,2,0.1667,0,0,17,0.5638,1,5.31,-1.41,0,0,0.4768,1
0.9487,1,0.0417,0,1,3,0.1113,0,8.01,-0.17,0,0,0.7059,0
0.9041,1,0.0588,0,0,1,0.1336,1,6.11,-0.56,1,21,0.4624,0
0.8872,1,0.0769,0,1,7,0.178,0,7.36,-0.46,0,0,0.1774,0
0.802,4,0.16,1,4,6,0.3572,3,7.34,-0.94,0,0,0.3356,1
0.7714,2,0.1429,0,0,16,0.2806,1,6.09,-0.95,1,9,0.463,1
0.7468,2,0.1667,0,2,16,0.4695,1,4.89,-1.59,0,0,0.3951,1
0.6815,1,0.25,0,0,5,0.1648,0,6.44,-0.54,0,0,0.462,0
0.9343,1,0.0417,0,1,1,0.22,0,9.56,-0.89,0,0,0.2397,0
0.7769,1,0.1667,2,0,15,0.5291,2,3.78,-0.99,1,45,0.7383,1
0.7305,6,0.2,0,2,10,0.3804,4,7.05,-1.6,0,0,0.6494,1
0.7196,6,0.2143,2,4,4,0.3056,1,7.55,-1.18,0,0,0.5448,0
0.9766,0,0.0,0,0,1,0.0618,0,8.99,0.03,0,0,0.7072,0
0.9293,1,0.0345,0,0,3,0.3884,0,5.42,-0.39,1,25,0.5297,1
0.6607,6,0.2,1,6,5,0.332,2,6.76,-1.72,0,0,0.4377,1
0.9467,1,0.037,1,0,0,0.1245,1,7.8,0.27,0,0,0.5573,0
0.8733,1,0.0909,0,1,14,0.1517,0,6.65,-1.17,0,0,0.4707,1
0.8555,2,0.0741,0,1,13,0.5942,1,5.29,-1.52,0,0,0.4616,1
0.7707,4,0.1333,4,2,5,0.5291,1,4.43,-0.52,0,0,0.5007,1
0.7548,3,0.1429,0,2,17,0.6228,0,3.85,-1.85,0,0,0.3081,1
0.8147,3,0.1,1,1,19,0.2497,1,4.67,-0.51,0,0,0.4742,0
0.6412,1,0.25,0,0,14,0.7034,1,3.25,-1.9,0,0,0.4724,1
0.8776,2,0.0714,0,2,19,0.3548,0,8.21,-1.24,0,0,0.1698,0
0.6689,2,0.3333,1,0,2,0.156,1,7.74,-0.74,0,0,0.678,0
0.4602,6,0.3158,2,2,14,0.6378,1,3.1,-1.54,0,0,0.7253,1
0.9172,0,0.0,0,0,2,0.0796,0,9.12,-0.51,0,0,0.2195,0
0.7615,3,0.12,1,3,1,0.1782,1,4.74,-0.45,0,0,0.3954,0
0.9437,0,0.0,0,0,2,0.0292,0,7.62,-0.64,0,0,0.371,0
0.9604,0,0.0,0,0,3,0.62,3,8.88,-1.54,1,44,0.516,0
0.7556,4,0.1429,1,3,1,0.2021,0,5.95,-0.77,0,0,0.5937,0
0.8256,1,0.125,1,0,19,0.3797,0,6.79,-1.21,0,0,0.3763,1
0.5415,2,0.2857,0,1,11,0.4792,0,4.88,-0.83,0,0,0.4903,1
0.2893,5,0.3125,0,3,2,0.8791,2,2.53,-2.82,1,17,0.7006,1
0.9057,0,0.0,1,0,2,0.1009,1,8.55,-0.24,0,0,0.2245,0
0.8112,2,0.0952,0,0,9,0.6291,2,6.63,-0.93,1,17,0.6665,1
0.737,5,0.1923,1,0,5,0.3652,2,5.55,-0.44,0,0,0.4166,1
0.9372,1,0.0588,0,1,1,0.0168,0,7.67,0.06,0,0,0.5765,0
0.8599,3,0.1034,0,2,6,0.111,0,6.03,0.08,0,0,0.321,1
0.7133,3,0.2727,2,1,6,0.5711,0,5.85,-1.47,0,0,0.6244,0
0.7038,7,0.2333,1,3,13,0.3327,0,4.18,0.29,0,0,0.7961,1
0.6963,1,0.125,1,0,20,0.1425,1,5.63,-0.11,1,40,0.4323,1
0.8155,1,0.1429,0,1,7,0.288,0,8.05,-0.93,1,3,0.1232,1
0.7988,2,0.1053,2,2,18,0.3743,2,4.32,-0.55,1,14,0.5556,1
0.8789,2,0.0714,0,0,20,0.1226,0,7.16,-1.1,1,27,0.2855,0
0.8189,1,0.2,0,0,19,0.0919,0,9.4,1.2,1,32,0.4871,0
0.9658,0,0.0,0,0,2,0.1016,0,8.59,0.42,0,0,0.5542,0
0.8872,2,0.0769,1,0,19,0.2063,0,7.19,-0.2,0,0,0.3725,0
0.4858,4,0.3333,1,2,1,0.4678,1,5.34,-0.58,0,0,0.5562,1
0.6265,8,0.32,2,7,7,0.6743,2,3.47,-1.78,0,0,0.4847,1
0.8408,2,0.0769,0,1,12,0.2367,0,8.98,-1.16,0,0,0.3641,0
0.9335,1,0.05,0,1,2,0.0786,0,9.93,-0.6,0,0,0.7499,0
0.9075,2,0.0952,0,2,0,0.2795,1,5.72,0.01,0,0,0.3502,0
0.6282,2,0.2222,0,0,2,0.7148,2,1.09,-1.83,0,0,0.3542,1
0.8112,2,0.1053,0,1,2,0.2217,2,6.38,0.51,1,12,0.414,0
0.9092,2,0.0714,0,0,3,0.0816,0,8.1,-0.49,0,0,0.4242,0
0.7648,3,0.2143,0,1,20,0.392,1,4.84,-1.42,0,0,0.5427,1
0.6913,4,0.16,2,1,20,0.2421,1,7.24,-1.68,0,0,0.3424,1
0.9687,0,0.0,0,0,0,0.2958,1,7.11,-0.91,0,0,0.6096,0
0.8033,3,0.12,0,3,2,0.45,1,6.82,-0.57,0,0,0.1933,1
0.9115,1,0.1111,2,0,0,0.1683,2,7.86,-0.25,0,0,0.8705,0
0.6742,6,0.2143,2,2,20,0.2453,2,6.64,-0.68,0,0,0.5806,1
0.6772,1,0.1667,1,0,10,0.7731,0,2.04,-1.04,0,0,0.3002,1
0.7061,7,0.25,1,3,9,0.1253,0,5.07,-0.83,0,0,0.6938,1
0.7531,2,0.1818,2,1,19,0.9618,2,4.94,-1.49,0,0,0.6082,1
0.767,3,0.1579,0,0,12,0.2534,1,6.81,-0.83,0,0,0.7274,0
0.6379,9,0.3103,1,7,9,0.2793,1,4.71,-1.21,0,0,0.3389,1
0.8153,2,0.1538,0,0,10,0.3159,1,7.37,-0.24,0,0,0.4363,0
0.6383,8,0.3077,0,6,18,0.6618,3,6.06,-0.98,0,0,0.6581,1
0.684,1,0.125,2,0,3,0.5137,0,4.39,-1.24,0,0,0.8051,0
0.8972,1,0.0455,0,1,13,0.135,0,7.95,-0.15,0,0,0.3111,1
0.981,0,0.0,0,0,0,0.2253,2,7.5,-0.5,0,0,0.6475,0
0.9761,0,0.0,1,0,0,0.1331,0,7.3,-0.15,0,0,0.3369,1
0.8077,2,0.1333,0,2,13,0.076,0,6.93,-0.68,0,0,0.6141,1
0.9118,1,0.0667,0,0,2,0.1525,1,6.9,-0.61,1,26,0.7369,0
0.599,6,0.2143,0,1,13,0.3073,0,6.8,-1.48,0,0,0.2872,1
0.8781,0,0.0,2,0,20,0.153,0,5.17,-0.46,1,23,0.7502,0
0.8985,1,0.0556,1,1,8,0.0532,0,8.59,-0.01,0,0,0.6594,0
0.732,2,0.25,0,2,10,0.6122,2,4.77,-1.01,1,31,0.2482,1
0.9355,1,0.05,0,0,1,0.0761,1,8.78,0.47,1,39,0.5508,0
0.6819,1,0.25,0,1,2,0.1555,0,6.09,-1.27,0,0,0.5184,1
0.8274,2,0.1667,1,2,16,0.5898,2,6.58,-0.46,1,37,0.327,1
0.9369,1,0.0417,0,1,1,0.0379,0,7.37,-0.7,0,0,0.2591,0
0.8943,2,0.0833,0,1,16,0.45,0,7.72,-1.65,0,0,0.4679,1
0.5613,6,0.2727,4,3,15,0.7381,2,4.35,-1.72,1,22,0.4977,1
0.3062,15,0.5172,0,11,2,0.6362,0,3.99,-1.44,1,32,0.2235,1
0.7437,3,0.1875,0,1,17,0.2318,1,6.82,-0.96,0,0,0.6679,0
0.5372,7,0.3182,3,3,20,0.5975,2,5.81,-1.71,0,0,0.6958,1
0.7589,3,0.1579,1,1,17,0.3133,0,6.65,-0.14,1,36,0.7619,1
0.9142,1,0.0556,0,1,2,0.1415,0,8.27,0.06,0,0,0.8091,0
0.7299,2,0.2222,1,1,8,0.6025,1,7.93,-0.06,0,0,0.5357,1
0.8753,2,0.1176,0,1,16,0.2613,1,7.81,-1.04,0,0,0.3867,1
0.9547,0,0.0,0,0,2,0.0504,0,8.44,0.27,0,0,0.5707,0
0.8905,3,0.1,0,1,1,0.1053,0,7.51,-0.82,0,0,0.6043,0
0.7056,1,0.25,0,0,14,0.257,1,7.81,-0.01,0,0,0.2049,0
0.7344,2,0.1053,0,2,12,0.5059,3,4.24,-0.75,1,39,0.9071,1
0.7458,1,0.25,1,1,12,0.1567,1,7.17,-1.15,1,14,0.4501,1
0.05,13,0.4483,9,5,8,0.6152,0,4.9,-1.38,1,12,0.3289,1
0.7763,2,0.1538,0,1,11,0.2316,1,5.42,-1.05,0,0,0.7913,0
0.8888,2,0.069,1,0,14,0.0289,0,7.86,0.12,0,0,0.8009,0
0.8589,2,0.125,0,1,8,0.2899,0,7.34,-0.22,0,0,0.4001,0
0.8489,3,0.12,0,3,7,0.3109,1,6.67,0.57,0,0,0.1828,1
0.7691,2,0.1818,0,2,1,0.6067,0,6.86,-0.83,0,0,0.4663,1
0.7581,3,0.1364,0,1,9,0.2885,0,5.21,-0.24,0,0,0.5804,1
0.9119,1,0.1,1,0,0,0.0382,0,7.33,-0.84,0,0,0.5388,0
0.9068,2,0.0667,0,0,3,0.0157,0,9.52,0.03,0,0,0.4966,0
0.6035,5,0.3333,0,1,7,0.4876,1,3.34,-1.84,0,0,0.8356,1
0.7041,2,0.1667,1,0,7,0.2798,1,7.12,-1.3,0,0,0.3019,0
0.7588,4,0.1481,1,0,17,0.3599,0,5.09,-0.51,0,0,0.5493,1
0.4323,9,0.5,0,5,4,0.7731,0,4.92,-2.24,1,4,0.7289,1
0.7256,4,0.2,0,1,20,0.2938,1,6.91,-0.18,0,0,0.4007,0
0.7221,5,0.2,2,3,5,0.5994,2,5.43,-0.94,1,32,0.0997,1
0.7351,6,0.2308,1,6,4,0.4036,2,4.89,-0.57,0,0,0.6901,1
1.0,0,0.0,0,0,2,0.1177,0,8.31,-0.54,0,0,0.6059,0
0.8427,2,0.1538,0,1,1,0.2411,0,6.67,-0.7,0,0,0.1963,1
0.8713,0,0.0,0,0,17,0.62,3,7.85,-1.09,0,0,0.5295,1
0.9185,1,0.0417,0,1,1,0.0828,0,7.53,0.08,0,0,0.5114,0
1.0,0,0.0,0,0,0,0.0996,0,7.5,0.5,0,0,0.4212,0
0.4191,6,0.4,1,6,1,0.5984,5,3.1,-1.95,0,0,0.1866,1
0.7205,5,0.2273,2,2,9,0.62,3,6.76,-0.69,0,0,0.5412,1
0.8582,1,0.1111,0,1,6,0.0827,0,6.42,-0.42,0,0,0.4731,0
0.6616,7,0.2692,0,2,13,0.6096,1,6.36,-1.17,0,0,0.4481,1
0.8051,4,0.1481,1,1,2,0.4236,0,2.53,0.06,0,0,0.7452,1
1.0,0,0.0,0,0,2,0.0213,0,9.06,0.69,0,0,0.7762,0
0.8839,3,0.1071,1,1,3,0.0151,0,7.5,0.1,0,0,0.4953,1
0.7254,4,0.1481,0,4,13,0.6502,5,5.88,-1.91,0,0,0.1419,1
0.6768,3,0.25,2,2,10,0.3078,1,8.06,-0.87,0,0,0.6318,0
0.641,8,0.2667,2,6,15,0.3589,2,6.65,-1.42,0,0,0.5069,1
0.9826,0,0.0,0,0,0,0.0176,0,9.83,-0.47,0,0,0.4366,0
0.8451,1,0.0769,2,1,9,0.1597,1,8.39,-0.55,0,0,0.2183,0
0.8245,2,0.1538,0,0,4,0.3051,0,7.31,0.1,0,0,0.3437,0
0.7652,5,0.1923,1,4,11,0.2601,0,8.08,-1.41,0,0,0.7324,1
0.9509,0,0.0,0,0,1,0.1225,0,7.62,0.66,1,15,0.7913,1
0.8124,1,0.1,0,1,12,0.2377,1,7.5,-0.23,0,0,0.8428,0
0.8936,1,0.0714,0,0,18,0.385,1,8.52,-1.23,0,0,0.3594,0
0.9364,1,0.0526,0,1,1,0.0586,2,6.91,-0.37,0,0,0.6059,0
0.7241,3,0.1429,0,1,1,0.62,0,6.7,-2.09,1,16,0.7721,0
0.6321,4,0.1905,0,4,1,0.8553,1,7.13,-2.8,0,0,0.4184,1
0.4273,8,0.32,2,7,19,0.4571,1,6.04,-1.87,0,0,0.5512,1
0.9895,0,0.0,0,0,3,0.096,1,7.64,-0.39,0,0,0.5288,0
0.6639,3,0.1429,2,0,6,0.3245,1,6.16,-0.75,0,0,0.5309,0
0.8619,2,0.0952,0,1,15,0.345,0,7.29,-1.25,0,0,0.4453,1
0.9204,2,0.0769,0,0,2,0.22,1,8.28,0.48,0,0,0.3882,0
0.6404,6,0.2222,0,4,11,0.3799,1,7.63,-2.02,0,0,0.1446,1
0.2552,6,0.4615,2,5,3,0.7583,2,5.44,-1.7,1,31,0.4203,1
0.8959,1,0.0909,0,1,10,0.0751,0,8.17,0.14,0,0,0.6503,1
0.9254,0,0.0,0,0,0,0.0573,0,8.02,0.4,0,0,0.3563,0
0.7876,4,0.1667,1,3,7,0.4824,1,4.33,0.15,0,0,0.8973,1
0.3911,3,0.25,2,2,19,0.7409,5,3.38,-1.59,1,30,0.6191,1
0.9301,0,0.0,0,0,3,0.1237,0,6.55,-0.74,1,18,0.5694,0
0.9013,2,0.069,0,0,3,0.0736,1,5.97,-1.12,0,0,0.4583,0
0.9357,1,0.0385,0,1,3,0.1046,1,5.81,0.81,1,36,0.4306,0
0.9268,2,0.08,2,2,0,0.45,0,8.69,-1.26,1,14,0.4541,0
0.974,0,0.0,0,0,2,0.1263,0,7.91,-1.32,0,0,0.3664,0
0.7438,1,0.25,3,0,2,0.2373,2,6.24,-0.84,0,0,0.2197,0
0.9609,0,0.0,1,0,1,0.311,1,6.01,-0.81,1,15,0.4864,0
0.9578,0,0.0,0,0,3,0.2189,1,7.16,-0.28,0,0,0.6765,0
0.6223,6,0.2069,2,2,4,0.05,0,5.35,-0.47,1,9,0.5543,1
1.0,0,0.0,0,0,0,0.011,0,8.5,-0.03,0,0,0.5338,0
0.8639,2,0.0909,0,0,8,0.2531,1,5.74,0.25,1,2,0.4165,0
0.696,2,0.1538,0,2,16,0.3427,1,5.14,-1.31,0,0,0.5459,1
0.8824,1,0.1667,0,0,1,0.0898,0,6.42,0.01,0,0,0.5728,0
0.834,2,0.1333,0,0,12,0.4171,1,5.95,0.38,0,0,0.1336,1
0.7311,1,0.1429,2,0,16,0.6238,1,5.15,-1.1,1,7,0.6705,1
0.8616,2,0.0952,1,0,13,0.5815,0,8.41,0.3,0,0,0.7236,0
0.632,4,0.16,2,3,14,0.5081,2,4.95,-0.88,0,0,0.6558,1
0.8522,1,0.0909,0,0,17,0.266,1,6.14,0.16,1,29,0.4307,1
0.5409,2,0.2,1,0,7,0.3747,1,5.63,-0.99,0,0,0.3476,1
1.0,0,0.0,0,0,2,0.0779,0,7.38,-0.23,0,0,0.324,0
0.6011,3,0.3333,4,0,14,0.5949,0,3.51,-1.01,0,0,0.6099,1
0.3832,7,0.4118,2,6,19,0.7834,1,5.62,-2.66,0,0,0.7345,1
0.6907,6,0.2,0,0,9,0.4436,4,4.18,-1.21,1,33,0.5276,0
0.8101,2,0.08,0,0,9,0.2618,2,6.85,-0.12,0,0,0.6397,0
0.734,1,0.2,1,0,12,0.441,1,5.42,-0.13,0,0,0.1891,0
0.9169,1,0.05,0,1,2,0.22,0,8.73,0.25,0,0,0.3473,1
0.8074,2,0.1176,0,1,1,0.3094,3,6.15,-0.32,1,5,0.0824,0
0.9007,1,0.125,0,0,0,0.1182,1,8.76,0.17,0,0,0.3019,0
0.8591,3,0.1,2,1,7,0.1828,1,6.05,-0.81,0,0,0.7406,0
0.5465,3,0.25,0,1,1,0.8174,0,5.61,-1.79,0,0,0.7018,1
0.613,5,0.3571,1,0,10,0.3603,1,5.9,-1.31,0,0,0.7021,1
0.9597,1,0.0556,0,0,1,0.1399,0,9.57,-0.26,0,0,0.6078,0
0.9612,0,0.0,0,0,1,0.0341,0,8.68,-0.73,0,0,0.6318,0
0.7319,4,0.2353,0,2,12,0.2028,1,6.8,-0.58,0,0,0.1428,1
0.9787,0,0.0,0,0,2,0.0138,0,6.93,0.43,0,0,0.6301,0
0.631,3,0.2,1,1,18,0.3386,0,8.02,-0.9,0,0,0.5529,1
0.4014,8,0.4706,3,4,14,0.6065,1,4.65,-0.57,0,0,0.6359,1
0.5831,7,0.2593,3,2,3,0.5844,3,3.9,-1.38,0,0,0.1895,1
0.886,2,0.0769,0,2,3,0.1393,0,6.49,-0.69,0,0,0.7436,0
0.7062,2,0.25,1,0,20,0.3406,2,7.06,-1.35,0,0,0.4156,1
0.7712,2,0.1538,0,2,7,0.398,0,5.86,-0.1,0,0,0.39,0
0.8263,3,0.1667,1,1,3,0.3183,1,6.38,-1.47,0,0,0.2262,1
0.9034,1,0.037,0,0,1,0.2156,0,4.0,-0.83,1,16,0.3958,0
0.7376,4,0.2105,1,1,7,0.5266,0,4.64,-1.67,1,44,0.4787,1
0.6948,6,0.2609,0,2,20,0.557,1,6.36,-1.44,0,0,0.6115,1
0.914,1,0.0833,0,1,0,0.5032,3,7.03,-0.3,0,0,0.4518,0
0.7491,4,0.2,1,1,6,0.3236,2,6.43,-0.44,0,0,0.41,1
0.718,2,0.1818,0,0,7,0.3138,0,7.72,-0.4,0,0,0.1987,1
0.6519,3,0.2727,3,0,9,0.5409,2,5.67,-1.56,0,0,0.5929,1
0.7907,4,0.1333,0,2,7,0.0901,0,8.09,-0.34,0,0,0.4394,0
0.9991,0,0.0,0,0,3,0.1221,0,8.13,0.28,0,0,0.5364,0
0.8541,3,0.1111,0,1,2,0.62,4,6.13,-1.01,0,0,0.6923,1
0.7505,2,0.2,0,2,6,0.1922,0,7.6,-0.44,0,0,0.6745,0
0.7439,3,0.1579,1,2,9,0.2418,1,5.82,-1.17,0,0,0.3341,1
0.6964,5,0.1786,1,5,13,0.5566,3,5.85,-2.44,0,0,0.3623,1
0.815,2,0.1,1,2,14,0.477,2,6.35,-1.27,1,28,0.3283,1
0.6252,4,0.2222,1,1,9,0.4785,2,5.23,-1.46,0,0,0.2356,1
0.9475,1,0.0556,0,1,2,0.1316,0,9.65,0.2,1,27,0.359,0
0.7942,2,0.0952,0,2,11,0.3719,1,2.64,-0.08,0,0,0.4859,1
0.5769,4,0.3077,0,2,7,0.4263,1,6.36,-1.28,1,2,0.2238,1
0.9581,1,0.0345,0,1,3,0.1271,1,6.87,-0.33,0,0,0.16,0
0.6194,1,0.1429,1,1,13,0.2339,2,6.15,-0.89,0,0,0.8056,1
0.9055,1,0.0476,1,1,3,0.1832,1,7.21,-0.15,1,13,0.6941,0
0.6714,1,0.25,1,1,4,0.3691,1,4.14,-0.92,0,0,0.7283,0
0.9072,0,0.0,0,0,1,0.0033,0,8.49,-0.5,0,0,0.6321,0
0.4771,3,0.3,3,1,9,0.3401,1,5.57,-1.1,0,0,0.4772,1
0.4095,9,0.45,0,1,6,0.6127,5,6.32,-1.48,1,30,0.5855,1
0.1265,5,0.625,4,2,3,0.7544,3,4.05,-2.04,1,35,0.7393,1
0.6351,7,0.2917,3,2,3,0.4542,1,5.67,-1.57,0,0,0.4813,1
0.7556,2,0.1538,1,1,2,0.6192,4,4.94,-1.11,0,0,0.3049,1
0.6784,4,0.1905,1,2,20,0.4072,1,4.53,0.46,0,0,0.189,1
0.8901,1,0.125,0,1,16,0.0103,0,7.83,-0.61,0,0,0.6992,0
0.7515,1,0.1667,0,0,5,0.2249,1,8.62,-0.08,0,0,0.4433,0
0.8468,1,0.0833,0,0,15,0.175,0,8.95,-0.34,0,0,0.3492,0
0.7581,3,0.2308,1,1,1,0.1306,1,7.39,-0.31,0,0,0.1496,0
0.3358,8,0.4444,3,4,11,0.8266,3,3.36,-2.39,0,0,0.6148,1
0.7905,1,0.1111,1,0,18,0.62,2,6.17,-0.85,1,30,0.6736,0
0.8547,2,0.1176,1,0,2,0.4548,1,4.35,-0.88,0,0,0.5158,0
0.7517,5,0.1923,1,4,7,0.4242,1,4.52,-1.55,0,0,0.325,1
0.6672,4,0.1481,0,3,15,0.7118,2,5.99,-1.55,0,0,0.6762,1
0.5572,5,0.3571,2,1,4,0.8916,4,5.66,-2.4,0,0,0.3067,1
0.76,1,0.1429,0,1,2,0.1438,0,6.74,0.03,0,0,0.6415,0
0.9354,0,0.0,0,0,3,0.1107,0,8.65,-0.19,0,0,0.3938,0
0.6787,1,0.2,1,0,12,0.617,0,4.61,-0.97,0,0,0.6658,0
0.8236,4,0.1333,1,3,6,0.3093,0,5.2,-1.47,0,0,0.6681,1
0.9123,0,0.0,1,0,0,0.0112,0,10.0,0.11,0,0,0.1787,0
0.6985,1,0.1667,0,0,1,0.3428,1,7.39,0.1,0,0,0.2927,0
0.7636,3,0.1579,2,2,10,0.2089,0,6.04,-0.5,0,0,0.5933,1
0.6311,1,0.125,1,0,12,0.9205,2,4.35,-2.41,1,3,0.3815,1
0.7193,5,0.1667,0,3,14,0.3575,1,4.2,-1.62,0,0,0.5548,1
0.5752,6,0.2857,0,3,16,0.7407,2,3.81,-2.12,0,0,0.3774,1
0.7209,2,0.1333,1,0,16,0.4692,0,7.23,-1.36,0,0,0.8369,0
0.6186,3,0.25,0,1,20,0.4512,1,5.59,-0.89,0,0,0.619,1
0.6125,3,0.3333,4,2,17,0.3308,0,4.13,-1.88,0,0,0.4883,1
0.9659,1,0.0345,0,1,0,0.2225,0,6.92,-0.43,0,0,0.886,0
0.9533,0,0.0,0,0,1,0.09,0,8.34,0.14,0,0,0.2878,0
0.6911,1,0.2,1,0,3,0.2732,0,6.43,-0.98,0,0,0.5039,0
0.9469,1,0.0588,0,0,2,0.0854,1,9.13,-0.01,0,0,0.4062,0
0.9516,1,0.0455,0,0,3,0.0752,2,7.98,-0.54,0,0,0.5644,0
0.8443,2,0.08,0,2,4,0.1661,0,6.83,-0.08,1,37,0.8202,1
0.6154,7,0.2593,4,6,16,0.3862,0,5.81,-1.94,1,45,0.3869,1
0.9753,0,0.0,0,0,3,0.218,0,9.44,0.4,0,0,0.7068,0
0.9746,0,0.0,0,0,2,0.0421,0,7.37,-0.03,0,0,0.8324,0
0.7074,2,0.1176,1,2,10,0.2699,1,7.95,-0.79,0,0,0.6431,1
0.9408,1,0.0357,0,0,1,0.0854,0,6.98,-0.1,0,0,0.4108,0
0.4952,4,0.3333,6,2,1,0.1858,0,5.1,-0.42,0,0,0.8014,1
0.326,6,0.3158,0,2,17,0.8548,1,3.81,-1.78,0,0,0.7795,1
0.9649,0,0.0,1,0,1,0.0555,0,10.0,0.34,0,0,0.4626,0
0.8013,1,0.1429,0,0,4,0.0362,0,7.53,-0.14,0,0,0.7651,0
0.9376,1,0.0588,0,1,1,0.1525,0,9.15,-0.8,0,0,0.2561,0
0.6747,1,0.25,0,1,5,0.3657,0,4.93,-0.66,1,25,0.5395,1
0.6792,4,0.1818,3,1,3,0.1038,2,6.17,0.2,1,13,0.4176,0
0.7561,4,0.2,1,2,13,0.5465,2,3.9,-0.81,0,0,0.2116,1
0.7443,4,0.25,1,0,1,0.45,0,7.21,-1.67,0,0,0.6502,0
0.7603,1,0.1429,3,1,13,0.5191,4,4.54,-1.26,0,0,0.682,1
0.8821,2,0.0741,0,2,12,0.0692,0,7.19,-0.27,0,0,0.5427,0
0.9617,0,0.0,0,0,2,0.0161,1,8.18,0.3,0,0,0.6717,0
0.9386,0,0.0,0,0,3,0.0293,0,7.86,-0.21,0,0,0.7767,0
0.8324,3,0.1154,0,0,12,0.2025,0,5.77,0.07,1,37,0.2066,1
0.7012,4,0.1538,3,2,16,0.4428,1,7.5,-1.96,0,0,0.5763,0
0.7591,2,0.1111,2,1,3,0.1903,2,5.66,-0.19,1,19,0.6447,0
0.871,2,0.0909,0,0,1,0.4105,0,4.16,-0.89,0,0,0.6857,0
0.9049,2,0.0741,1,2,1,0.2359,1,7.0,-0.64,0,0,0.7273,1
0.5761,3,0.2143,1,2,2,0.4393,0,4.98,-1.14,0,0,0.4618,1
0.9071,2,0.1,0,0,1,0.0819,1,8.92,-0.2,0,0,0.6505,0
0.9118,1,0.037,0,1,3,0.5201,0,4.51,0.06,0,0,0.1478,1
0.8578,2,0.069,0,0,10,0.1469,0,7.24,0.48,1,20,0.5701,0
0.7785,4,0.1818,1,0,6,0.4171,0,6.46,-1.4,0,0,0.6112,0
0.3173,15,0.5769,2,15,18,0.5781,1,4.04,-1.78,0,0,0.4042,1
0.6403,5,0.2083,1,1,4,0.8046,1,3.9,-1.18,1,20,0.4542,1
0.9349,0,0.0,0,0,1,0.1107,0,9.04,-0.56,0,0,0.5788,0
0.8579,2,0.0769,0,1,17,0.5353,2,5.17,-0.67,0,0,0.5558,0
0.6303,2,0.2,2,0,15,0.6472,0,6.48,-1.61,0,0,0.6555,1
0.6473,5,0.2,2,2,13,0.5635,4,6.09,-0.12,0,0,0.4754,1
0.9026,1,0.0385,0,0,1,0.2413,2,6.29,-0.74,0,0,0.655,0
0.6352,5,0.2941,0,2,6,0.2804,0,5.91,-0.65,0,0,0.8149,1
0.5359,10,0.3571,0,5,15,0.5618,3,5.15,-0.72,0,0,0.5514,1
0.4066,13,0.4483,1,9,5,0.6115,2,3.37,-1.58,0,0,0.51,1
0.7154,6,0.2609,0,1,9,0.7339,3,6.63,-1.15,0,0,0.2585,1
0.7351,4,0.2105,0,0,16,0.9129,4,2.49,-1.44,1,6,0.2958,1
0.9412,1,0.0385,0,1,2,0.1874,0,8.37,-1.29,0,0,0.5653,0
0.6052,5,0.3125,0,2,20,0.1144,0,8.62,-0.76,1,36,0.5197,1
0.4607,10,0.4545,3,6,14,0.5773,3,4.72,-1.61,0,0,0.3394,1
0.6467,5,0.1667,1,4,19,0.1796,0,6.76,-0.21,0,0,0.7328,1
0.6547,3,0.3,1,2,12,0.2226,2,6.82,-0.4,1,5,0.6289,1
0.7067,1,0.1429,1,0,5,0.1923,1,5.4,-0.49,0,0,0.3712,0
0.5262,12,0.4,0,5,7,0.1553,0,5.47,-0.97,1,22,0.8344,1
0.9028,1,0.0588,0,0,3,0.4107,0,5.79,-0.41,0,0,0.8385,0
0.5297,2,0.25,3,1,9,0.2914,0,6.36,-1.34,0,0,0.4629,0
0.05,5,0.5556,3,2,16,0.5443,1,2.09,-1.74,0,0,0.2044,1
0.9561,0,0.0,0,0,3,0.1143,0,8.44,0.08,0,0,0.569,0
0.9644,0,0.0,0,0,0,0.1029,0,7.55,-0.28,1,24,0.3456,0
0.8689,1,0.0769,0,1,7,0.0363,0,6.93,-0.95,0,0,0.4507,0
0.7235,1,0.125,1,1,7,0.5189,2,1.24,-1.34,0,0,0.6977,0
0.5961,9,0.3214,5,3,7,0.217,1,4.9,-0.36,0,0,0.3403,1
0.248,10,0.3846,5,6,19,0.4981,0,2.68,-1.63,0,0,0.3082,1
0.7001,5,0.25,0,1,1,0.4287,0,8.81,-1.17,0,0,0.6217,0
0.8837,2,0.0741,0,0,16,0.0398,0,7.26,-0.7,0,0,0.6005,0
0.7274,2,0.1538,1,1,13,0.3174,1,6.09,-1.7,1,26,0.7133,0
0.4615,9,0.3462,0,2,4,0.8349,4,2.56,-2.59,1,18,0.5201,1
0.7423,1,0.25,3,1,16,0.1789,3,6.41,-1.29,0,0,0.4471,0
0.6119,10,0.3448,3,7,1,0.3908,0,4.69,-2.18,0,0,0.9119,1
0.8011,3,0.1364,2,2,6,0.4383,2,5.03,-1.22,0,0,0.3532,1
0.7353,2,0.2,1,0,13,0.1227,0,5.86,-1.07,0,0,0.2937,0
0.6633,6,0.2,0,3,4,0.7119,0,4.4,-1.74,0,0,0.6239,1
0.6379,7,0.2414,1,4,9,0.9347,6,1.69,-1.36,1,25,0.2135,1
0.6513,6,0.2069,1,2,11,0.2753,0,9.18,-1.36,0,0,0.8079,1
0.9406,1,0.0385,0,0,3,0.0534,0,8.36,-0.24,0,0,0.2237,0
0.5442,7,0.35,1,6,4,0.5989,0,8.35,-1.22,0,0,0.2414,1
0.5193,8,0.2759,4,4,5,0.6549,2,4.3,-0.98,1,35,0.2682,1
0.7576,3,0.1765,2,1,4,0.1489,1,6.91,0.06,0,0,0.2749,0
0.9337,1,0.0435,0,0,2,0.123,0,8.4,-0.28,0,0,0.5833,0
0.8264,2,0.1,0,1,18,0.347,0,8.9,-1.16,1,5,0.2002,1
0.6526,6,0.2222,2,2,11,0.548,1,6.5,-1.09,0,0,0.4247,1
0.6412,3,0.1875,0,0,15,0.4783,2,5.05,-1.15,0,0,0.4761,1
0.6747,8,0.2857,2,5,17,0.249,0,3.98,-0.81,0,0,0.4002,1
0.558,6,0.2069,1,3,5,0.9168,3,1.67,-2.01,1,26,0.4755,1
0.7325,5,0.2083,1,2,20,0.5902,2,4.48,-1.13,0,0,0.1686,1
0.5832,9,0.3214,3,5,13,0.4416,0,3.25,-0.55,1,28,0.5237,1
0.8147,2,0.1429,0,1,3,0.0832,1,8.95,-0.09,0,0,0.6378,0
0.5853,3,0.3,2,3,10,0.4247,2,8.11,-0.42,1,28,0.1783,1
0.7437,3,0.1071,1,2,12,0.4484,0,5.49,-1.78,1,45,0.6663,1
0.7791,3,0.12,0,3,12,0.4552,0,6.85,-0.91,0,0,0.5962,1
0.688,5,0.2174,0,4,10,0.2614,1,7.36,-0.22,0,0,0.8593,1
0.8882,2,0.069,0,0,20,0.2776,0,7.72,-0.97,0,0,0.7662,1
0.8004,4,0.1481,1,2,10,0.4137,1,5.54,-1.32,0,0,0.4972,1
0.8116,2,0.087,0,0,15,0.3681,1,3.7,-0.65,0,0,0.8989,0
0.2335,3,0.375,2,1,16,0.6132,0,5.43,-1.61,0,0,0.162,1
0.9521,1,0.05,0,0,1,0.2013,1,5.89,0.27,0,0,0.4031,0
0.9113,2,0.0667,0,0,2,0.0733,1,7.65,0.27,0,0,0.5588,0
0.7014,4,0.1739,2,2,4,0.1983,0,7.92,-0.94,0,0,0.6928,0
0.6472,6,0.2069,2,4,17,0.2874,1,3.71,-0.57,0,0,0.1527,1
0.783,2,0.1818,0,2,17,0.2903,0,5.29,-0.97,0,0,0.5282,0
0.9365,1,0.0385,0,0,2,0.1805,0,8.17,0.04,0,0,0.7486,0
0.7947,2,0.1538,0,0,20,0.4305,1,6.91,-0.73,0,0,0.5979,1
0.6636,6,0.2069,1,4,18,0.2106,1,6.78,-0.89,0,0,0.6956,1
0.4079,8,0.3333,4,6,19,0.4824,3,5.87,-0.93,0,0,0.2553,1
0.4533,9,0.3913,3,4,20,0.5296,3,4.67,-1.59,1,11,0.3124,1
0.8871,2,0.0833,1,2,20,0.22,0,7.45,-0.06,0,0,0.5915,1
0.6578,5,0.1786,0,1,3,0.5475,1,3.24,-0.98,0,0,0.628,1
0.8859,1,0.1429,1,1,20,0.2515,0,7.03,-0.95,1,29,0.6118,1
0.3441,3,0.3,2,0,16,0.6616,0,3.18,-1.79,1,27,0.5974,1
0.9276,1,0.0833,0,0,1,0.0113,0,8.71,-0.44,0,0,0.2691,0
0.3689,6,0.5,1,3,19,0.5473,3,5.47,-1.22,0,0,0.5653,1
0.7264,4,0.16,1,2,3,0.369,1,3.9,-0.39,0,0,0.7867,1
0.7209,1,0.1,2,0,4,0.3296,1,6.32,-0.83,0,0,0.1654,0
0.5357,2,0.2857,1,2,14,0.1304,0,7.92,-1.33,1,9,0.3665,1
0.3996,13,0.4815,1,9,6,0.7507,2,4.23,-1.09,0,0,0.4346,1
0.7488,5,0.1786,1,2,1,0.1196,0,8.04,0.07,0,0,0.533,0
0.4966,3,0.4286,2,3,14,0.6546,2,8.0,-1.82,0,0,0.8743,1
0.6791,2,0.2222,2,0,18,0.22,2,6.93,-0.41,1,43,0.7697,0
0.8387,2,0.0714,1,1,2,0.45,2,7.01,-0.88,0,0,0.5636,0
0.9663,0,0.0,0,0,1,0.0072,0,8.31,-0.06,0,0,0.5587,0
0.7287,4,0.2105,1,1,4,0.7484,1,3.78,-1.55,0,0,0.6768,1
0.6324,3,0.2143,1,3,10,0.5309,4,6.17,-1.74,0,0,0.2273,1
0.6696,1,0.2,1,1,17,0.5219,1,5.67,-0.64,0,0,0.7058,0
0.7222,4,0.2353,1,4,5,0.3191,1,4.86,-0.74,0,0,0.3879,0
0.7587,6,0.2,2,3,18,0.3044,1,6.76,-0.66,1,11,0.2648,1
0.668,5,0.2381,3,5,3,0.4089,0,4.77,-1.4,1,35,0.8649,1
0.7317,3,0.2727,2,3,20,0.5634,2,5.26,-1.97,0,0,0.6163,1
0.2496,9,0.4286,0,6,16,0.7687,3,4.84,-3.08,0,0,0.664,1
1.0,0,0.0,0,0,1,0.0484,0,7.47,1.54,0,0,0.8559,0
0.8913,2,0.0833,0,2,19,0.5006,1,7.97,-0.31,0,0,0.5014,0
0.457,9,0.5,1,9,2,0.917,3,6.21,-2.02,1,39,0.2883,1
0.9421,1,0.0769,0,1,0,0.2097,2,6.69,-0.11,0,0,0.4306,0
0.7027,4,0.2353,0,3,10,0.5113,2,5.61,-1.67,0,0,0.3285,1
0.7571,1,0.1,0,1,14,0.1078,1,7.38,-0.22,0,0,0.1235,0
0.5191,12,0.4138,2,4,19,0.4362,1,3.04,-1.06,1,39,0.4916,1
0.9386,1,0.05,0,1,2,0.0108,0,9.99,-0.18,0,0,0.6754,0
0.8521,1,0.0625,0,1,5,0.0863,1,6.26,-1.14,0,0,0.289,0
0.6807,3,0.25,1,1,5,0.6046,3,5.52,-1.09,1,30,0.8373,1
0.807,2,0.1667,1,1,9,0.2775,1,4.15,-0.51,0,0,0.2673,1
0.918,1,0.0625,0,0,3,0.03,0,7.41,-0.24,0,0,0.5108,0
0.941,1,0.0769,0,1,0,0.0935,0,9.66,-0.51,0,0,0.3112,0
0.7585,2,0.1429,1,2,14,0.5965,2,5.37,-2.02,0,0,0.3944,1
0.9557,0,0.0,1,0,0,0.016,0,9.38,0.52,0,0,0.5,0
0.6494,2,0.1429,0,0,15,0.3395,2,5.49,-1.01,1,15,0.1974,1
0.9442,1,0.0833,0,1,1,0.1088,1,8.9,-0.33,0,0,0.3832,0
0.6444,8,0.3077,0,5,14,0.4205,1,3.53,-1.72,0,0,0.05,0
0.6515,1,0.25,0,0,15,0.1932,1,5.33,-1.45,1,35,0.4,0
0.8941,2,0.069,1,1,15,0.0691,0,6.58,-0.49,0,0,0.2769,0
0.9319,1,0.0526,0,1,1,0.1163,0,7.56,-0.35,0,0,0.4424,1
0.461,6,0.3158,1,3,16,0.5451,1,3.74,-0.97,0,0,0.8274,1
0.5944,8,0.3478,0,7,8,0.5696,1,6.79,-1.37,0,0,0.5866,1
1.0,0,0.0,0,0,0,0.3481,1,4.77,-0.96,1,27,0.7238,0
0.782,1,0.2,0,1,2,0.608,2,4.94,-1.38,0,0,0.5172,1
0.8331,0,0.0,0,0,12,0.2462,2,7.79,-0.81,0,0,0.3252,0
0.9172,1,0.0476,0,0,3,0.0542,0,9.14,-0.51,0,0,0.1597,0
0.7368,3,0.2727,0,1,8,0.5413,1,3.41,-0.74,0,0,0.1589,0
0.7653,1,0.0909,2,0,4,0.3289,0,7.64,-1.5,0,0,0.7362,0
0.5908,2,0.2222,0,2,18,0.523,0,3.53,-1.31,0,0,0.3578,1
0.6927,6,0.2069,1,6,1,0.2786,0,5.65,-0.76,0,0,0.6477,0
0.7829,1,0.1,1,1,11,0.4423,0,6.06,-0.66,1,44,0.6558,0
0.8204,2,0.1538,0,2,15,0.1697,0,6.34,-0.71,0,0,0.1293,1
0.6872,1,0.2,2,1,4,0.2365,1,4.0,-0.12,1,33,0.4632,0
0.6754,1,0.2,4,0,9,0.5022,0,8.05,-1.37,0,0,0.6714,1
0.887,2,0.125,0,1,12,0.3563,0,4.22,-1.01,0,0,0.6769,0
0.4465,3,0.5,1,3,4,0.8129,4,4.57,-2.01,0,0,0.6232,1
0.8499,1,0.0909,0,1,11,0.0987,0,7.62,-0.36,0,0,0.6774,0
0.7953,3,0.1154,0,2,2,0.3164,0,7.13,0.29,1,29,0.8243,0
0.1451,2,0.5,3,0,17,0.838,3,4.38,-2.84,0,0,0.5439,1
0.8587,0,0.0,0,0,11,0.2702,0,6.54,-0.08,1,33,0.2062,0
0.8785,1,0.0667,0,1,4,0.1643,0,5.73,-1.0,1,29,0.5942,0
0.9554,0,0.0,0,0,3,0.0104,0,7.32,0.27,0,0,0.3318,0
0.5465,2,0.25,0,0,14,0.4664,1,5.33,-0.52,0,0,0.7215,1
0.9799,0,0.0,0,0,1,0.0448,0,7.75,0.07,0,0,0.3228,0
0.8319,3,0.1154,0,2,2,0.2806,1,9.5,0.19,1,2,0.5791,0
0.8327,2,0.1111,1,2,16,0.2962,0,4.64,0.01,0,0,0.2209,1
0.9678,1,0.04,0,1,2,0.0889,1,8.94,-0.17,0,0,0.6671,0
0.8869,1,0.0833,1,0,12,0.1746,0,6.16,-0.21,0,0,0.3704,1
0.7267,2,0.1333,0,0,11,0.62,2,6.05,-1.64,0,0,0.5632,1
0.5322,3,0.4286,1,0,8,0.421,1,6.21,-1.46,0,0,0.1824,1
0.7342,4,0.2222,0,3,14,0.5191,1,4.38,-1.02,0,0,0.3464,1
0.8175,1,0.125,0,0,16,0.5391,1,4.02,-1.25,0,0,0.4484,1
0.776,0,0.0,0,0,14,0.3878,0,3.19,-1.05,0,0,0.7682,1
0.7959,1,0.25,0,1,13,0.1049,0,7.49,-0.16,0,0,0.401,1
0.6942,8,0.2667,1,8,16,0.1645,1,6.49,-1.05,0,0,0.2043,1
0.1401,3,0.6,2,1,16,0.5612,2,4.1,-1.91,1,44,0.484,1
0.6909,2,0.2222,2,1,20,0.3715,0,5.09,-1.56,1,34,0.3282,1
0.8723,2,0.1176,0,2,1,0.1085,0,7.09,1.15,0,0,0.2648,0
0.9263,0,0.0,0,0,3,0.0102,0,8.2,-0.33,1,35,0.344,0
0.8778,0,0.0,0,0,15,0.2117,0,8.34,0.42,0,0,0.2246,0
0.6724,5,0.1786,0,2,18,0.4783,0,3.24,-1.62,0,0,0.4921,1
0.8757,1,0.0909,0,1,7,0.1426,1,7.95,0.03,0,0,0.7585,1
0.7392,7,0.2333,0,3,4,0.2271,0,8.02,-0.32,0,0,0.397,1
0.5047,6,0.2727,2,3,20,0.4997,1,5.66,-1.51,0,0,0.3947,1
0.2645,11,0.44,1,6,14,0.658,2,4.07,-1.53,0,0,0.6712,1
0.363,8,0.3333,2,6,9,0.5489,1,6.34,-1.56,0,0,0.2621,1
0.8505,3,0.1071,0,3,3,0.1605,1,7.25,-1.49,0,0,0.4841,1
0.6916,2,0.1667,2,0,5,0.246,1,6.32,-0.06,0,0,0.5096,1
0.7177,5,0.1923,1,5,4,0.4838,3,5.13,-0.87,0,0,0.426,1
0.9015,0,0.0,0,0,0,0.274,0,4.44,-0.87,1,29,0.5982,1
0.6791,6,0.2727,1,2,2,0.4736,2,6.06,-1.58,0,0,0.0965,1
0.6377,1,0.1429,0,0,10,0.7734,1,2.85,-1.54,1,7,0.214,1
0.6371,5,0.1724,1,2,5,0.3092,2,4.81,-1.35,0,0,0.7118,1
0.8098,3,0.125,1,2,16,0.0928,0,7.06,-0.46,0,0,0.6963,0
0.8655,2,0.125,1,2,7,0.5167,1,4.58,-0.5,0,0,0.4475,1
0.634,2,0.25,0,2,15,0.074,1,9.5,0.61,0,0,0.4161,1
0.862,1,0.1111,0,0,18,0.3206,0,6.46,-1.14,0,0,0.5695,0
0.5632,2,0.5,3,0,15,0.7651,3,2.62,-1.08,0,0,0.5171,1
0.8695,3,0.1111,0,1,11,0.0049,0,8.89,0.29,0,0,0.7336,1
0.7921,3,0.15,1,3,7,0.3495,0,6.62,-0.54,1,1,0.7942,1
0.9068,1,0.0714,0,1,1,0.439,4,4.48,-0.9,0,0,0.3858,1
0.9179,2,0.0714,0,0,2,0.0065,0,9.08,0.54,0,0,0.6863,0
0.7363,3,0.1579,3,0,18,0.1271,0,7.55,-0.69,1,22,0.382,1
0.9431,1,0.0333,0,0,3,0.0031,0,8.86,-0.58,1,27,0.6296,0
0.9377,1,0.0714,1,0,0,0.1289,0,7.73,-0.1,0,0,0.8226,0
0.8331,3,0.12,0,2,2,0.0883,0,7.68,-0.42,0,0,0.1831,0
0.9579,1,0.037,0,0,0,0.3266,2,5.41,-0.4,0,0,0.2773,1
0.536,6,0.3,0,1,12,0.6059,5,3.32,-1.17,0,0,0.394,1
0.8809,1,0.0556,2,0,9,0.03,0,6.63,-0.07,0,0,0.4387,0
0.8405,1,0.1667,1,0,3,0.1664,0,7.55,-0.68,0,0,0.8035,0
0.5913,3,0.2727,1,1,17,0.5958,4,6.33,-2.25,0,0,0.4241,1
0.514,2,0.5,1,1,5,0.9327,3,3.52,-1.24,0,0,0.3996,1
0.7267,3,0.1875,0,3,7,0.5035,2,7.68,-1.17,1,16,0.2813,1
0.4666,7,0.4118,1,7,8,0.7842,1,1.83,-2.06,0,0,0.2204,1
0.6874,3,0.25,2,2,13,0.6396,1,5.66,-0.74,1,13,0.5944,1
0.752,3,0.125,1,1,7,0.5629,0,6.34,-1.85,0,0,0.3526,0
0.6555,7,0.2593,4,3,12,0.3477,2,6.96,-0.43,1,24,0.5617,1
0.437,8,0.4444,3,4,2,0.774,6,4.94,-1.07,1,41,0.2133,0
0.5361,3,0.2727,1,1,6,0.4683,1,5.55,-1.56,1,33,0.7181,0
0.7733,2,0.1667,1,1,7,0.5282,1,4.22,-0.26,0,0,0.4896,1
0.7301,1,0.0833,3,1,11,0.6091,1,7.11,-1.25,0,0,0.2692,0
0.5243,1,0.1667,3,1,5,0.4086,1,6.05,-1.05,0,0,0.5163,0
0.7603,2,0.1053,1,0,15,0.1295,0,7.66,0.23,0,0,0.3639,0
0.7551,3,0.1429,2,1,19,0.4911,2,4.85,-1.77,1,4,0.3895,1
0.8925,1,0.1667,1,1,15,0.4697,1,5.37,-1.39,0,0,0.7373,1
0.7138,6,0.2,0,1,7,0.5729,0,6.3,-1.72,1,29,0.3813,1
0.8931,1,0.0556,0,0,18,0.1395,0,8.0,-1.43,1,6,0.5368,0
0.7522,1,0.1,0,1,16,0.4876,0,4.96,-0.65,0,0,0.5739,1
0.8484,2,0.0769,0,1,7,0.0311,0,7.13,-0.0,0,0,0.3526,0
0.9576,1,0.0345,0,0,0,0.22,0,8.77,0.68,0,0,0.3765,0
1.0,0,0.0,0,0,1,0.3104,0,6.95,-0.33,0,0,0.315,0
0.933,1,0.0357,0,1,1,0.3496,1,6.44,-1.04,0,0,0.3566,0
0.8651,2,0.1,0,0,8,0.1236,0,7.22,0.46,0,0,0.2522,0
0.8192,2,0.125,1,2,5,0.2705,0,4.75,-0.38,0,0,0.2874,1
0.8418,1,0.1,0,1,5,0.1388,0,6.79,-0.16,0,0,0.5014,0
0.6748,2,0.2,1,1,10,0.579,2,4.85,-1.47,1,10,0.256,1
0.8912,2,0.0714,2,2,19,0.0893,1,8.87,-1.12,0,0,0.6159,0
0.7636,2,0.125,1,0,6,0.1214,0,6.28,-0.05,1,44,0.2884,1
0.779,4,0.1818,0,4,14,0.0698,0,8.3,0.68,0,0,0.7561,0
0.8878,1,0.1429,1,0,7,0.0373,0,7.63,-0.34,0,0,0.6743,0
0.5841,3,0.25,3,0,17,0.7834,3,4.68,-1.83,1,22,0.2471,1
0.8188,2,0.125,1,1,3,0.1998,0,7.82,-0.87,0,0,0.5463,0
0.8128,2,0.1176,1,2,4,0.276,0,7.49,-1.06,0,0,0.6651,0
0.7483,3,0.2143,2,2,4,0.1382,0,6.98,0.28,1,2,0.7479,1
0.7238,2,0.2,0,1,6,0.3924,0,7.07,-0.11,0,0,0.121,0
0.8286,3,0.1071,2,2,14,0.138,0,7.35,-1.09,0,0,0.8486,1
0.7292,3,0.2,0,0,4,0.3453,1,3.72,-1.54,0,0,0.6182,1
0.6875,7,0.28,0,3,2,0.1959,1,5.86,-1.14,1,13,0.4565,1
0.9388,1,0.0714,0,1,3,0.4354,0,7.18,-1.61,0,0,0.2494,1
0.7707,2,0.0952,1,0,1,0.2012,0,5.88,-0.65,0,0,0.6414,0
0.7267,1,0.125,1,1,10,0.4163,0,7.19,-1.21,0,0,0.5537,1
0.8666,1,0.0625,0,0,5,0.22,0,8.68,-0.2,0,0,0.7901,0
0.6194,5,0.2,0,3,20,0.6322,1,6.38,-2.03,0,0,0.3713,1
0.9315,1,0.0833,0,0,2,0.0325,0,6.85,0.54,0,0,0.8099,1
0.7232,5,0.25,1,2,16,0.4629,1,6.27,-0.85,0,0,0.4976,1
0.8412,1,0.1667,0,1,11,0.2546,0,7.14,-0.97,0,0,0.3579,0
0.7573,3,0.1667,1,1,6,0.4491,0,5.69,-1.95,0,0,0.5788,1
0.8313,2,0.1,0,1,1,0.2125,0,5.56,-0.51,1,33,0.3399,1
0.6966,2,0.2222,0,1,17,0.4516,1,3.91,-1.5,0,0,0.2519,1
0.8556,2,0.1429,0,0,7,0.0593,0,7.66,-1.21,0,0,0.6362,0
0.632,6,0.2857,0,3,15,0.6713,2,3.34,-2.0,1,25,0.6792,1
1.0,0,0.0,0,0,0,0.3921,0,7.7,-1.3,0,0,0.1492,0
0.8527,1,0.0667,1,1,20,0.7273,2,4.47,-1.28,0,0,0.4662,1
0.7881,6,0.2,0,3,4,0.3528,0,5.41,-1.07,1,25,0.1677,1
0.6355,5,0.25,1,3,16,0.202,0,7.0,-1.48,0,0,0.4928,1
0.998,0,0.0,0,0,3,0.0912,0,8.39,-0.61,0,0,0.7103,0
0.5036,6,0.2727,2,2,7,0.5161,1,6.01,-1.17,0,0,0.8137,1
0.9491,0,0.0,1,0,2,0.22,0,8.51,-0.21,0,0,0.3563,0
0.4604,3,0.4286,4,1,7,0.77,1,4.22,-2.49,1,31,0.4215,1
0.9385,1,0.0667,0,1,2,0.0133,0,6.54,0.35,0,0,0.548,0
0.7602,1,0.1429,0,0,12,0.2563,0,6.64,-0.48,0,0,0.5163,0
0.3821,2,0.5,4,2,11,0.4699,2,3.53,-0.66,0,0,0.6265,1
0.6148,9,0.3214,1,4,20,0.6393,1,5.59,-1.99,0,0,0.3605,1
0.8973,0,0.0,0,0,6,0.0269,0,8.25,-0.59,0,0,0.7854,0
0.9986,0,0.0,0,0,2,0.126,0,7.52,-0.29,0,0,0.4765,0
0.9679,0,0.0,1,0,0,0.1554,0,7.45,0.35,0,0,0.3838,0
0.8085,1,0.25,0,1,5,0.6085,2,7.03,-0.75,0,0,0.5458,0
0.7735,1,0.1111,0,0,15,0.4089,1,6.9,-0.52,0,0,0.6793,1
0.9206,1,0.0455,0,0,3,0.0324,0,7.34,0.6,0,0,0.524,0
0.8925,2,0.069,0,1,11,0.1722,0,6.53,-0.63,1,33,0.5348,1
0.9354,1,0.0345,0,1,1,0.0709,0,6.49,0.03,0,0,0.476,0
0.6902,3,0.1579,0,1,17,0.5772,2,5.03,-1.04,1,45,0.4361,1
0.8624,1,0.1667,0,0,8,0.4407,3,6.26,-1.06,0,0,0.3358,1
0.7055,3,0.2,0,0,18,0.0766,1,8.35,-0.83,0,0,0.1488,0
0.8063,4,0.1538,1,3,16,0.4594,0,8.98,-0.7,0,0,0.4352,1
0.9214,1,0.0526,0,1,0,0.0334,0,8.48,0.5,0,0,0.5967,0
0.9361,0,0.0,0,0,3,0.0307,0,7.23,0.63,0,0,0.2809,0
0.8449,3,0.1304,1,3,12,0.0362,0,7.17,-0.93,0,0,0.7561,0
0.9131,0,0.0,0,0,3,0.283,1,7.09,-0.85,0,0,0.6805,1
0.7042,7,0.2593,1,7,20,0.1987,1,6.65,0.16,0,0,0.0928,0
0.6406,5,0.3125,1,1,1,0.5742,1,6.07,-1.25,0,0,0.4088,1
0.9415,0,0.0,0,0,1,0.1565,0,7.19,-0.62,0,0,0.3456,0
0.7825,4,0.1538,2,1,3,0.4219,2,4.68,-0.54,0,0,0.6778,1
0.8415,1,0.1429,0,1,1,0.1664,0,7.82,-0.81,0,0,0.6326,0
0.9932,0,0.0,0,0,0,0.1892,2,8.39,-0.99,0,0,0.4023,0
0.7903,2,0.2222,1,0,5,0.2961,1,7.7,-0.49,0,0,0.6963,0
0.6921,1,0.25,1,0,9,0.1652,1,6.06,-0.51,0,0,0.5833,0
0.7107,1,0.1667,2,0,20,0.2852,1,8.2,-0.88,0,0,0.4748,0
0.6105,4,0.2667,1,2,2,0.4262,1,5.03,-1.05,0,0,0.6575,1
0.9589,0,0.0,0,0,3,0.0168,0,8.6,-0.13,0,0,0.5801,0
0.8546,2,0.0769,0,0,3,0.3374,0,7.04,0.22,0,0,0.5382,0
0.7168,3,0.25,0,3,16,0.209,0,6.88,-1.99,0,0,0.5263,1
0.8319,4,0.1379,0,3,17,0.299,1,4.32,-0.52,0,0,0.6573,1
0.9643,0,0.0,0,0,1,0.0528,0,9.0,0.03,0,0,0.6328,0
0.7514,1,0.25,1,1,13,0.6471,2,5.89,-1.3,0,0,0.5488,1
0.7445,1,0.1,0,1,10,0.6315,1,5.22,-1.47,0,0,0.4413,1
0.3505,7,0.5385,1,2,1,0.5986,4,3.02,-0.77,0,0,0.6044,1
0.7612,1,0.2,1,0,11,0.5185,0,6.12,-1.38,1,28,0.5908,1
0.712,5,0.2632,0,2,13,0.4156,2,8.2,-0.48,0,0,0.4886,1
0.8634,3,0.1154,1,0,14,0.2417,0,7.42,-0.82,0,0,0.4076,1
0.4515,2,0.5,0,0,3,0.4997,0,6.22,-1.23,0,0,0.5827,1
0.9964,0,0.0,0,0,2,0.0272,0,8.68,0.01,0,0,0.4612,0
0.9737,0,0.0,0,0,0,0.179,0,8.74,-0.41,0,0,0.2866,0
0.7279,2,0.1538,1,1,17,0.1968,0,7.32,0.17,0,0,0.363,0
0.5993,8,0.3077,1,3,6,0.7295,3,3.37,-2.02,1,15,0.7758,1
0.9151,0,0.0,0,0,1,0.215,1,9.47,-0.92,0,0,0.3124,0
0.996,0,0.0,1,0,2,0.0065,0,9.23,-0.13,0,0,0.4257,0
0.5644,2,0.4,1,1,4,0.2715,0,6.25,-0.17,0,0,0.4075,1
0.6225,4,0.25,2,1,13,0.7167,1,5.81,-1.14,0,0,0.7747,1
0.8154,2,0.2,0,1,3,0.0398,0,7.27,-0.31,0,0,0.1792,0
0.8678,1,0.0526,0,0,1,0.2862,0,8.72,-0.7,0,0,0.5044,0
0.8964,2,0.0833,0,0,10,0.2035,3,6.87,-1.28,1,34,0.5711,1
0.6441,6,0.2143,1,3,16,0.5123,2,5.14,-0.77,1,24,0.2441,1
0.6012,6,0.25,0,2,10,0.2582,0,9.01,-0.42,0,0,0.354,0
0.88,3,0.1,0,2,12,0.5149,3,6.09,-0.98,0,0,0.579,1
0.6993,6,0.2069,2,4,8,0.1358,2,7.03,0.28,0,0,0.5306,1
0.7992,2,0.125,0,2,10,0.644,2,4.72,-1.15,0,0,0.4674,1
0.7065,1,0.1667,2,0,2,0.3903,3,5.84,-0.44,0,0,0.1944,1
0.8013,3,0.2,1,2,18,0.4232,2,7.49,-0.43,0,0,0.7819,0
0.5647,3,0.25,1,3,7,0.3755,2,5.25,-0.74,1,36,0.3216,1
0.8837,1,0.0625,0,1,11,0.1286,1,7.64,-1.57,0,0,0.5702,0
0.7749,1,0.25,1,0,19,0.2165,0,5.39,-0.91,1,22,0.4234,0
0.6338,1,0.2,1,1,18,0.1514,0,6.34,-1.17,0,0,0.6123,0
0.8702,2,0.1053,0,1,20,0.1143,0,6.09,-0.42,1,24,0.7701,1
0.6152,6,0.3529,1,6,8,0.2524,1,7.85,-0.26,0,0,0.5327,1
0.818,3,0.1034,1,3,16,0.1272,0,7.17,0.19,0,0,0.0562,1
0.7414,4,0.1481,0,2,2,0.3112,1,2.8,-0.88,0,0,0.5907,1
0.334,2,0.3333,1,0,9,0.2802,0,5.8,-0.16,1,16,0.4796,1
0.7175,1,0.25,1,1,11,0.2619,0,6.43,-0.59,1,1,0.599,1
1.0,0,0.0,0,0,2,0.0699,0,8.99,0.82,0,0,0.4574,0
0.373,8,0.4706,0,4,15,0.6084,2,3.25,-2.22,0,0,0.4503,1
0.8794,2,0.0952,0,2,2,0.5468,0,5.44,-0.45,1,13,0.3453,1
0.3706,6,0.5,2,6,1,0.8739,3,5.3,-2.52,0,0,0.6594,1
0.863,2,0.1176,1,0,16,0.7071,2,4.35,-1.14,0,0,0.5196,1
0.8227,1,0.0833,0,0,4,0.4491,1,7.94,-1.87,0,0,0.3867,0
0.718,5,0.1667,1,4,17,0.0996,0,6.51,0.04,0,0,0.4212,1
0.5798,2,0.2222,2,2,8,0.274,1,2.25,-0.25,1,26,0.3398,1
0.949,1,0.037,1,0,0,0.0879,0,8.06,-0.88,0,0,0.5102,0
0.7427,2,0.1667,1,0,19,0.3305,1,5.58,-1.09,1,6,0.4005,1
0.7438,2,0.1111,1,2,12,0.135,1,8.34,-1.05,0,0,0.2571,1
0.9349,0,0.0,0,0,3,0.3277,0,7.77,0.26,0,0,0.5562,0
1.0,0,0.0,0,0,1,0.0507,0,9.62,-0.14,0,0,0.5788,0
0.944,1,0.0667,1,1,2,0.0278,0,9.02,1.65,0,0,0.3161,0
0.6899,2,0.1818,2,1,4,0.45,3,8.54,-1.23,0,0,0.2497,0
0.2565,6,0.375,2,1,2,0.7537,5,4.35,-2.04,1,28,0.4183,1
0.9603,1,0.0385,0,1,2,0.0162,0,8.18,0.36,0,0,0.67,0
0.5765,8,0.2963,1,4,8,0.3734,3,6.34,-0.55,0,0,0.5553,1
0.8637,3,0.1304,2,1,11,0.3786,0,4.17,-1.12,1,10,0.3148,1
0.6689,3,0.2,0,1,5,0.4182,1,2.66,-1.27,0,0,0.3826,1
0.8606,2,0.1333,0,1,2,0.4807,1,6.07,-0.46,1,5,0.5481,1
0.6572,4,0.2105,2,2,18,0.1857,0,7.22,-1.38,0,0,0.5344,0
0.8839,1,0.0714,1,0,9,0.0872,0,9.07,-0.06,0,0,0.8114,0
0.7748,1,0.25,0,1,6,0.6073,2,2.98,-1.18,0,0,0.6314,1
0.6119,9,0.3333,0,2,5,0.4044,0,4.32,-0.41,0,0,0.2634,1
0.7078,3,0.1667,1,1,7,0.345,1,8.45,-0.29,1,14,0.6986,0
1.0,0,0.0,0,0,3,0.1286,1,8.42,-0.37,0,0,0.7792,0
0.809,1,0.1429,0,0,1,0.2932,0,6.87,-0.98,0,0,0.6595,0
0.7056,3,0.2308,0,2,8,0.3375,2,6.04,-1.91,1,16,0.4546,0
0.9585,1,0.0455,0,1,2,0.0783,0,7.13,-0.48,0,0,0.6338,0
1.0,0,0.0,0,0,2,0.0783,0,7.47,0.35,0,0,0.7965,0
1.0,0,0.0,0,0,1,0.22,0,8.26,-0.73,0,0,0.4623,0
0.982,0,0.0,0,0,2,0.0734,0,7.72,0.31,0,0,0.3716,0
0.7021,5,0.1724,1,0,10,0.62,1,5.31,-1.17,0,0,0.7529,1
0.7713,2,0.1538,0,2,4,0.3542,1,6.44,-1.84,0,0,0.7545,1
0.9617,0,0.0,0,0,1,0.0116,0,7.63,0.1,0,0,0.4543,0
0.5124,1,0.25,1,0,14,0.6486,3,0.65,-1.59,0,0,0.4564,1
0.9665,0,0.0,0,0,0,0.0229,0,8.17,0.59,0,0,0.5989,0
0.9385,1,0.05,1,1,1,0.0896,0,8.76,-0.02,0,0,0.6392,0
0.8974,0,0.0,1,0,12,0.0137,0,9.33,-0.06,0,0,0.275,0
0.9384,1,0.0385,0,0,2,0.22,0,8.04,-0.71,0,0,0.3952,0
0.9157,0,0.0,0,0,2,0.0686,0,7.47,0.36,0,0,0.4524,1
0.7414,4,0.1538,1,2,1,0.6084,1,5.65,-1.65,1,16,0.3692,1
0.9346,1,0.0455,0,1,3,0.2072,1,6.64,-0.4,0,0,0.3906,0
0.7796,4,0.1333,0,1,10,0.2767,1,5.35,0.21,0,0,0.1343,1
0.9885,0,0.0,0,0,2,0.0185,0,8.89,-0.74,0,0,0.4649,0
0.949,0,0.0,0,0,2,0.0454,0,7.88,0.9,0,0,0.5678,0
0.5531,4,0.4444,2,2,2,0.5402,3,4.8,-0.98,0,0,0.2333,1
0.8587,1,0.1667,1,0,19,0.1437,0,8.05,-1.37,0,0,0.5821,0
0.7093,2,0.1818,2,2,1,0.1385,0,9.49,-1.01,0,0,0.7125,0
0.6343,6,0.2857,0,2,19,0.1868,2,7.9,-1.7,1,6,0.5962,1
0.7702,1,0.2,0,0,20,0.1679,2,7.44,-0.78,0,0,0.5124,1
0.9606,1,0.0345,0,0,2,0.0977,0,7.79,-0.63,0,0,0.4586,0
0.7215,3,0.1154,2,1,13,0.326,1,7.09,-0.7,0,0,0.6844,0
0.8391,2,0.1053,1,2,15,0.1091,0,8.24,-1.0,1,12,0.5076,0
0.8427,1,0.0909,1,1,16,0.1045,1,7.72,-0.9,0,0,0.4051,1
0.156,9,0.5625,4,5,15,0.5804,1,2.54,-1.57,1,10,0.6267,1
0.7028,5,0.2,1,4,10,0.2946,0,6.45,-0.48,0,0,0.6522,0
0.7375,6,0.2143,1,5,17,0.4522,3,8.14,-0.42,0,0,0.4991,1
0.9396,1,0.05,0,0,1,0.0921,0,9.77,-0.49,0,0,0.4275,0
0.8516,1,0.0769,1,0,17,0.079,0,8.13,-0.31,0,0,0.4941,0
0.8013,1,0.125,0,0,11,0.0631,0,8.6,-0.33,0,0,0.1316,0
0.9453,1,0.0357,1,0,3,0.0041,0,8.42,-0.13,0,0,0.5874,0
0.7155,2,0.1429,0,2,2,0.5074,1,8.01,-0.25,1,13,0.1851,1
0.6347,3,0.2308,0,0,4,0.2001,0,6.2,0.2,1,43,0.1743,0
0.8726,2,0.1111,0,2,7,0.1338,0,8.16,-0.07,0,0,0.8981,0
0.7884,1,0.125,0,0,2,0.1622,1,7.02,-0.33,0,0,0.636,0
0.9452,1,0.0714,0,1,2,0.1347,0,8.31,0.28,0,0,0.1349,0
0.9838,0,0.0,0,0,1,0.1118,1,8.25,-0.36,0,0,0.1718,0
0.664,3,0.1429,0,3,9,0.5462,4,4.16,-0.52,0,0,0.2668,1
0.8423,3,0.12,2,0,11,0.2234,0,5.03,0.77,0,0,0.6025,0
0.5609,2,0.3333,3,0,4,0.5309,4,7.84,-1.17,0,0,0.2561,0
0.7794,3,0.1429,1,1,9,0.4035,1,6.67,-1.66,1,42,0.2189,1
0.7983,4,0.1333,2,2,13,0.4558,1,4.96,-0.73,1,44,0.6819,1
0.7522,4,0.1379,1,4,9,0.4341,0,6.55,-0.79,0,0,0.2854,1
0.8912,0,0.0,0,0,20,0.2026,2,6.44,-0.64,1,10,0.3943,1
0.9115,0,0.0,1,0,0,0.0634,0,7.76,-0.61,0,0,0.6861,0
0.955,1,0.0476,1,0,1,0.0617,0,9.22,0.35,0,0,0.7434,0
0.9269,1,0.0526,0,0,3,0.1866,1,7.91,-0.92,0,0,0.6241,0
0.5071,5,0.2778,0,3,17,0.2278,1,3.46,-0.82,0,0,0.5477,1
0.2788,11,0.4783,2,3,8,0.8081,2,1.96,-1.73,0,0,0.5016,1
0.7539,4,0.1481,0,3,9,0.2119,0,7.3,0.15,0,0,0.5727,0
1.0,0,0.0,0,0,3,0.369,1,4.93,-1.32,0,0,0.3749,0
0.9199,0,0.0,0,0,0,0.1913,0,6.31,-0.21,0,0,0.5487,0
0.7089,6,0.2308,2,3,20,0.4414,0,5.77,-0.59,0,0,0.2544,1
0.4669,6,0.4286,3,2,20,0.8132,1,5.84,-1.69,0,0,0.8984,1
0.8635,2,0.0909,0,2,10,0.1849,0,9.05,-0.55,0,0,0.2449,1
0.9309,0,0.0,0,0,3,0.1267,0,7.06,-0.28,1,24,0.3137,0
0.8449,3,0.12,0,2,10,0.1433,3,6.88,-0.38,0,0,0.4173,1
0.8116,3,0.1579,1,3,10,0.2793,0,6.79,-1.18,0,0,0.5326,1
0.8461,1,0.0769,1,1,19,0.05,1,5.26,0.32,1,21,0.4398,1
0.6416,2,0.2,2,1,17,0.7086,0,5.09,-1.96,0,0,0.6831,1
0.8261,1,0.1111,1,1,8,0.2094,1,5.53,-2.44,1,15,0.2664,0
1.0,0,0.0,0,0,0,0.0284,0,7.05,0.13,0,0,0.4853,0
0.5805,3,0.3,2,1,8,0.3686,2,3.97,-0.8,1,35,0.3372,1
1.0,0,0.0,1,0,0,0.6334,3,6.89,-1.83,1,16,0.1242,0
0.9174,1,0.0455,0,1,0,0.22,1,9.87,-0.93,0,0,0.2381,0
0.6033,6,0.2,1,3,8,0.7035,4,4.85,-1.6,0,0,0.8561,1
0.9205,0,0.0,2,0,0,0.2098,0,9.4,-0.36,0,0,0.6444,0
0.9559,0,0.0,0,0,2,0.2935,1,7.04,-0.4,0,0,0.1755,1
0.8099,4,0.1538,1,1,11,0.7154,1,5.5,-0.8,0,0,0.1773,1
0.5725,2,0.3333,3,1,9,0.2924,0,6.75,-1.13,1,39,0.8961,1
0.6563,3,0.25,1,3,15,0.4314,4,4.88,-0.87,0,0,0.427,1
0.9038,1,0.0357,0,1,2,0.0154,1,7.6,-0.59,0,0,0.5612,0
0.7633,2,0.1053,2,1,9,0.195,0,6.19,-0.98,1,28,0.6799,1
0.9894,0,0.0,1,0,1,0.1671,0,8.61,-0.98,0,0,0.5918,0
0.7632,3,0.1579,1,0,16,0.7735,2,4.17,-2.28,0,0,0.4141,0
0.8763,1,0.0909,0,1,8,0.2701,1,7.43,-0.41,0,0,0.8429,0
0.7722,1,0.0909,1,0,19,0.4288,1,4.49,-1.37,0,0,0.2408,0
0.8036,3,0.1111,1,1,2,0.03,0,5.9,0.16,0,0,0.1733,1
0.8534,1,0.0833,0,0,4,0.3793,0,6.63,-0.4,0,0,0.6384,0
0.8451,2,0.1538,1,1,18,0.1529,1,7.15,-0.77,0,0,0.1831,0
0.7675,2,0.1176,3,0,18,0.5525,3,4.74,-0.97,1,9,0.6148,1
0.4683,8,0.3478,1,4,17,0.8916,6,4.91,-2.71,0,0,0.7368,1
0.7924,1,0.2,0,1,2,0.6034,0,7.25,-0.83,0,0,0.4583,1
0.9273,1,0.0588,0,1,3,0.0052,0,7.44,0.43,0,0,0.7635,0
0.996,0,0.0,0,0,1,0.0596,0,8.13,-0.06,0,0,0.5278,0
0.9847,0,0.0,0,0,2,0.0641,0,8.4,0.17,0,0,0.4275,0
0.5264,7,0.3182,1,1,20,0.3031,0,3.98,-0.74,0,0,0.523,1
1.0,0,0.0,0,0,0,0.5515,2,5.87,-0.79,1,25,0.5789,1
0.369,9,0.36,3,5,17,0.7505,1,4.5,-0.74,0,0,0.3801,1
0.9419,0,0.0,0,0,1,0.017,0,9.23,-0.83,0,0,0.71,0
0.891,3,0.1034,1,2,3,0.1465,0,7.52,-0.41,0,0,0.2974,1
0.3161,5,0.3333,2,3,1,0.865,1,5.64,-1.27,0,0,0.7963,1
0.961,1,0.0417,1,0,2,0.2228,0,6.59,-0.96,0,0,0.4733,0
0.8923,1,0.0909,1,0,7,0.133,0,8.41,0.14,0,0,0.248,0
0.9003,1,0.05,0,0,1,0.4712,2,5.55,-0.91,0,0,0.4248,1
0.9411,1,0.0556,1,0,3,0.22,0,7.63,0.22,0,0,0.3923,0
0.9743,0,0.0,0,0,2,0.22,1,9.41,-0.02,0,0,0.228,0
0.8849,1,0.0556,0,1,15,0.467,2,4.83,-1.55,0,0,0.2438,1
0.902,1,0.0833,0,0,3,0.22,1,7.2,0.03,0,0,0.6451,1
0.678,7,0.25,1,1,20,0.4691,0,6.87,-1.03,0,0,0.815,0
0.4589,1,0.25,1,0,12,0.487,1,3.17,-1.42,0,0,0.5083,1
0.6925,1,0.25,1,1,16,0.3996,2,7.03,-0.53,1,26,0.3308,0
0.984,0,0.0,0,0,1,0.0521,1,8.09,-0.58,0,0,0.7682,0
0.9181,0,0.0,0,0,2,0.0686,0,8.06,0.58,0,0,0.8286,0
0.9587,0,0.0,0,0,2,0.2112,0,7.35,-0.25,0,0,0.3459,0
0.5836,2,0.1818,2,2,7,0.1566,1,8.85,-0.55,0,0,0.4868,1
0.9911,0,0.0,0,0,1,0.0833,0,7.68,-0.14,0,0,0.4109,0
0.8903,1,0.0667,0,1,19,0.2156,0,8.03,-0.2,0,0,0.3527,1
0.7146,6,0.2069,0,4,15,0.0666,0,7.73,-0.68,0,0,0.5486,1
0.8957,1,0.0588,0,0,9,0.3663,1,7.03,-0.85,0,0,0.1578,0
0.8677,1,0.0625,0,0,3,0.2157,1,7.61,-0.68,0,0,0.1613,0
0.8793,1,0.0714,0,1,6,0.153,1,7.1,0.01,0,0,0.6065,0
0.693,4,0.16,0,4,15,0.5666,0,8.43,-0.92,0,0,0.3643,1
0.8837,2,0.1176,0,0,3,0.0167,0,8.84,0.1,0,0,0.4779,0
0.7344,5,0.2174,1,0,12,0.3258,0,7.86,-1.11,0,0,0.3018,0
0.8779,2,0.0909,1,0,10,0.3898,0,6.06,0.75,0,0,0.6581,1
0.9356,0,0.0,0,0,0,0.1634,1,7.87,-0.68,0,0,0.6152,1
0.7563,5,0.2174,2,3,10,0.5835,3,5.51,-1.0,0,0,0.7216,1
0.3626,6,0.5455,2,6,9,0.674,2,2.45,-1.91,0,0,0.5162,1
0.6928,1,0.1667,0,0,5,0.1287,0,5.21,-0.91,0,0,0.3095,1
0.7801,5,0.1724,1,0,7,0.2532,0,7.37,-0.96,0,0,0.3177,0
0.6382,5,0.2941,1,0,16,0.78,1,5.47,-1.6,0,0,0.5926,1
0.9169,1,0.0455,1,1,2,0.034,0,8.31,-0.46,0,0,0.6571,0
0.4518,8,0.4706,2,8,10,0.6188,1,3.28,-1.37,1,6,0.0704,1
0.9606,0,0.0,0,0,0,0.145,0,7.07,-0.03,0,0,0.444,0
0.6929,2,0.1429,1,2,14,0.4754,1,3.39,-1.35,0,0,0.7719,1
0.5016,9,0.4286,0,7,8,0.7883,2,4.32,-1.43,1,38,0.465,1
0.4478,10,0.3846,2,6,14,0.8625,1,3.78,-1.71,0,0,0.2964,1
0.8233,3,0.1765,2,2,13,0.2322,2,7.28,-0.55,1,30,0.3101,1
0.9606,0,0.0,0,0,2,0.0544,0,7.34,-0.37,0,0,0.7083,0
0.9179,2,0.08,2,1,0,0.0927,0,8.67,-0.46,0,0,0.5398,0
0.905,2,0.0667,0,2,2,0.0971,0,8.7,-0.08,0,0,0.5243,0
0.7298,5,0.2083,0,3,9,0.2036,1,6.01,-0.83,0,0,0.6671,0
0.8896,2,0.0909,0,2,12,0.0068,0,7.72,0.23,0,0,0.6367,1
0.5798,5,0.1786,1,2,7,0.6598,0,6.28,-1.19,1,12,0.888,0
0.8979,1,0.0385,0,1,17,0.0763,0,7.85,0.17,0,0,0.1406,0
0.8843,0,0.0,0,0,11,0.2529,1,5.54,-0.87,1,21,0.1958,1
0.9962,0,0.0,0,0,1,0.338,2,8.04,-0.88,0,0,0.7875,0
0.7879,6,0.2069,1,4,12,0.4269,1,6.8,-0.46,0,0,0.5407,0
0.9841,0,0.0,0,0,0,0.0425,1,6.79,0.06,0,0,0.6613,0
0.9867,0,0.0,0,0,0,0.22,2,8.72,0.44,0,0,0.4834,0
0.7289,3,0.1579,1,3,16,0.0979,0,6.81,1.23,0,0,0.4564,0
0.7412,3,0.1765,1,1,8,0.2197,0,7.73,-0.59,1,37,0.683,0
0.602,8,0.3636,0,3,12,0.2486,3,8.23,-1.5,0,0,0.1904,1
0.5364,6,0.2727,1,3,2,0.8866,6,6.88,-2.33,1,33,0.613,1
0.8842,2,0.0769,1,1,6,0.1267,0,8.39,-0.41,0,0,0.5691,0
0.8995,0,0.0,0,0,10,0.1576,1,6.83,-0.65,0,0,0.2286,0
0.9673,1,0.0435,1,0,0,0.0695,0,8.66,-0.07,0,0,0.4983,0
0.5986,7,0.2917,1,4,20,0.5038,1,5.7,-0.8,0,0,0.3314,1
0.9674,0,0.0,0,0,1,0.019,0,7.39,-0.34,0,0,0.7169,0
0.7663,3,0.2143,1,0,19,0.151,0,4.66,-0.82,0,0,0.5218,1
0.9562,0,0.0,0,0,1,0.1236,0,6.71,0.15,0,0,0.5964,0
0.8425,2,0.1053,0,1,8,0.4591,2,6.97,-1.11,0,0,0.5604,0
0.7096,2,0.1667,0,2,18,0.5172,2,4.92,-0.8,0,0,0.1533,1
0.8527,3,0.1154,1,0,3,0.0981,1,7.76,-0.19,0,0,0.5692,0
0.7377,1,0.25,1,1,11,0.1093,0,7.18,-1.2,0,0,0.4859,0
0.9605,1,0.0357,0,1,1,0.0505,0,6.69,-0.24,0,0,0.3133,0
0.7899,2,0.1818,0,1,20,0.0572,0,6.93,-0.37,0,0,0.5383,0
0.7378,5,0.1786,0,3,18,0.5507,5,7.32,-0.58,0,0,0.3135,1
0.7268,2,0.2222,0,2,12,0.397,1,4.85,-1.46,1,1,0.3508,1
1.0,0,0.0,0,0,2,0.1061,1,7.42,0.44,0,0,0.4126,1
0.5475,5,0.3571,1,2,13,0.6275,3,4.28,-1.06,1,44,0.5814,1
0.7971,0,0.0,0,0,9,0.3454,0,6.05,-0.54,0,0,0.8671,0
0.9345,1,0.0588,0,1,0,0.1314,1,8.38,0.1,0,0,0.3983,0
0.621,5,0.1786,1,3,9,0.4771,1,4.72,-1.08,0,0,0.5752,1
0.9199,1,0.0333,1,0,1,0.1293,1,9.34,-0.34,0,0,0.451,0
0.8277,1,0.1667,0,0,16,0.2858,2,6.64,-0.24,0,0,0.696,1
0.8079,2,0.125,0,0,17,0.2849,0,5.27,-0.13,0,0,0.4248,0
0.9209,1,0.0625,0,1,0,0.0321,0,7.43,-0.31,0,0,0.3413,0
0.7852,2,0.1333,1,0,18,0.412,1,5.57,-0.89,1,36,0.6544,1
0.6964,2,0.2,1,1,8,0.1574,0,6.2,0.5,0,0,0.2336,1
0.7402,2,0.1538,0,0,1,0.4267,0,7.83,-1.03,0,0,0.7911,1
0.7872,2,0.1333,0,2,17,0.0724,0,8.3,-1.0,0,0,0.3319,1
0.8257,3,0.1154,0,1,9,0.369,3,5.32,-1.77,1,22,0.2664,1
0.9661,0,0.0,0,0,1,0.1201,0,9.44,-0.52,0,0,0.5474,0
0.937,1,0.0526,0,1,3,0.1778,0,8.27,-0.68,0,0,0.5976,0
0.7362,4,0.2353,1,0,16,0.1488,0,7.07,-0.39,0,0,0.3741,0
0.6751,1,0.1667,2,1,16,0.1227,0,7.21,-0.64,1,15,0.6641,1
0.763,2,0.1429,0,0,15,0.45,1,6.72,-1.97,1,29,0.2703,1
0.6891,4,0.2105,0,1,3,0.7155,1,3.61,-2.16,1,24,0.5335,1
0.7387,5,0.2,0,5,6,0.0936,0,8.28,-1.26,0,0,0.8117,0
0.9565,1,0.04,0,0,3,0.0615,0,8.41,-0.68,0,0,0.278,0
0.8636,1,0.1667,1,1,7,0.4321,1,5.66,-0.27,0,0,0.2873,0
0.8126,3,0.1304,1,0,5,0.6507,2,3.95,-0.68,0,0,0.3607,1
0.736,3,0.25,0,1,10,0.1058,1,7.95,-0.33,0,0,0.5497,0
0.9404,0,0.0,1,0,1,0.0859,0,8.55,-0.31,0,0,0.3793,0
0.9342,1,0.0769,0,0,1,0.3167,0,3.39,-0.69,0,0,0.8731,0
0.7397,1,0.25,0,0,13,0.3879,2,5.01,-1.32,0,0,0.5735,1
0.9438,0,0.0,0,0,2,0.4387,0,6.03,-0.56,1,39,0.5111,1
0.6606,5,0.2381,1,2,9,0.3092,0,6.2,-0.39,0,0,0.4597,1
0.9872,0,0.0,0,0,0,0.1424,0,7.87,0.35,0,0,0.2601,0
1.0,0,0.0,0,0,3,0.0769,0,7.81,0.75,0,0,0.665,0
0.4953,9,0.3913,3,4,6,0.5127,2,6.38,-2.04,1,12,0.8184,1
0.7046,2,0.125,0,0,14,0.7306,3,4.83,-1.42,0,0,0.6466,1
0.4409,11,0.4074,3,7,11,0.3995,0,4.44,-1.74,0,0,0.5825,1
0.8732,1,0.1667,1,1,16,0.0334,0,7.47,0.33,0,0,0.4903,1
0.7938,4,0.1538,0,2,14,0.366,4,5.18,0.23,0,0,0.6778,1
0.824,4,0.1333,0,3,5,0.172,1,7.08,-0.59,0,0,0.4381,1
0.5859,4,0.3077,2,2,17,0.7458,4,5.87,-2.23,0,0,0.4639,1
0.7041,4,0.1818,1,2,19,0.0569,0,5.65,-0.76,0,0,0.554,0
0.8859,1,0.0588,0,1,13,0.371,0,7.86,-0.24,0,0,0.529,0
0.8226,2,0.0952,1,0,13,0.1429,1,6.85,-0.84,0,0,0.3252,0
0.8749,3,0.1034,0,0,1,0.0012,0,8.39,0.4,0,0,0.7247,0
0.6512,3,0.2,1,2,19,0.3831,0,5.84,-0.59,0,0,0.3578,1
0.5456,3,0.3333,2,1,12,0.3098,1,3.76,-1.83,0,0,0.3195,1
0.8968,1,0.0526,0,1,10,0.0174,0,8.0,-0.49,0,0,0.3689,0
0.5739,5,0.3571,1,2,1,0.6744,1,4.43,-1.97,1,23,0.6625,1
0.7304,1,0.25,0,0,15,0.4854,1,7.51,-1.98,1,5,0.1974,1
0.915,1,0.0455,0,1,2,0.064,0,8.66,-0.09,0,0,0.6912,0
0.9429,1,0.0476,0,1,2,0.22,0,7.31,-0.37,0,0,0.5242,0
0.9701,1,0.0385,0,1,1,0.0949,1,6.9,-0.06,0,0,0.3705,0
0.6109,8,0.2857,1,2,9,0.2086,0,7.84,-0.72,0,0,0.4493,1
0.7666,3,0.125,0,2,20,0.6055,4,6.52,-1.34,0,0,0.5008,1
0.8142,1,0.0667,1,0,11,0.3555,0,5.75,-0.11,1,2,0.1929,1
0.8746,2,0.0714,1,1,17,0.0913,0,8.55,-0.25,0,0,0.4321,0
0.7927,4,0.2,1,2,11,0.62,1,4.96,-1.79,0,0,0.5134,1
0.619,4,0.2857,1,2,2,0.7771,1,2.3,-2.09,1,26,0.7518,1
0.8313,2,0.1,0,1,2,0.1261,0,7.54,-0.22,0,0,0.4106,1
0.9483,1,0.0455,0,0,3,0.1358,1,7.24,0.82,0,0,0.6945,0
0.9509,1,0.0526,0,0,0,0.0757,0,7.53,-0.28,0,0,0.2357,0
0.8463,1,0.2,0,1,16,0.2618,2,6.38,0.06,1,3,0.7522,1
0.9151,1,0.1,0,0,2,0.4458,1,7.18,-0.76,0,0,0.1688,0
0.9013,2,0.0714,0,1,2,0.2761,0,7.04,-1.1,0,0,0.4239,0
0.7224,1,0.25,3,1,4,0.24,1,6.58,0.02,0,0,0.2205,0
0.632,5,0.1667,2,3,15,0.5027,1,6.52,-1.42,0,0,0.1986,1
0.852,1,0.25,1,0,13,0.1028,1,8.26,-0.52,1,3,0.443,1
0.5868,2,0.2857,2,1,5,0.244,1,4.49,-1.5,0,0,0.8184,1
0.5869,4,0.2353,1,3,16,0.6771,2,4.9,-1.04,0,0,0.4462,1
0.98,0,0.0,0,0,2,0.4818,1,4.63,-1.71,1,36,0.4531,1
0.7552,6,0.2069,2,3,8,0.554,2,5.44,-1.24,0,0,0.5054,1
0.8805,2,0.08,0,1,17,0.5722,0,7.0,-1.66,0,0,0.5508,1
0.9312,1,0.0435,1,0,3,0.1108,0,8.59,-0.92,0,0,0.5266,0
0.5232,6,0.2609,5,3,17,0.523,3,5.83,-1.17,0,0,0.6338,1
0.8546,3,0.1071,1,1,4,0.2359,1,5.13,-1.12,0,0,0.303,0
0.5009,10,0.3704,5,6,6,0.8174,0,5.25,-2.17,0,0,0.4291,1
0.9233,1,0.0385,0,1,3,0.0979,0,6.78,-0.36,0,0,0.3015,0
0.7585,2,0.0909,0,0,18,0.6144,0,4.96,-1.03,0,0,0.6296,1
0.8042,1,0.2,0,1,4,0.4048,0,6.54,-0.49,0,0,0.3516,0
0.9274,2,0.0741,0,0,2,0.4598,1,7.91,-0.99,0,0,0.4259,0
0.7899,3,0.1111,0,2,3,0.1224,0,5.19,-0.5,0,0,0.6596,0
0.6748,2,0.1429,2,0,5,0.2534,1,6.08,-1.25,1,16,0.7847,1
0.9767,0,0.0,0,0,2,0.094,0,7.59,0.05,0,0,0.8891,0
0.6279,4,0.2353,1,2,14,0.3337,1,6.84,-1.22,1,18,0.3241,1
0.9268,0,0.0,1,0,1,0.1499,1,6.36,0.15,0,0,0.2074,0
0.9634,1,0.0345,0,1,2,0.0133,0,8.38,0.49,0,0,0.2491,0
0.4727,10,0.4,1,6,15,0.7259,1,7.37,-1.91,1,23,0.4556,1
0.6942,5,0.1724,1,5,20,0.3036,1,4.64,-0.89,0,0,0.465,1
0.9702,0,0.0,0,0,2,0.0473,0,8.76,0.03,0,0,0.282,0
0.6357,9,0.3103,1,3,1,0.6354,2,5.56,-0.7,0,0,0.5192,1
1.0,0,0.0,1,0,0,0.1319,0,7.3,0.18,0,0,0.7395,0
0.8246,4,0.1333,3,2,11,0.4053,0,5.96,-0.12,0,0,0.6843,1
0.7853,2,0.2222,2,0,11,0.1069,0,7.62,-0.49,0,0,0.3525,0
0.7615,2,0.1429,0,1,9,0.3991,2,7.44,-1.2,0,0,0.6599,0
0.8682,2,0.0833,0,0,5,0.2669,1,8.14,-1.5,0,0,0.2025,0
0.6222,6,0.2727,2,5,18,0.6468,3,4.75,-1.21,0,0,0.468,1
0.6296,4,0.2222,1,3,19,0.54,4,4.42,-1.03,0,0,0.4408,1
0.8856,2,0.0952,0,0,1,0.22,0,8.72,-0.21,0,0,0.617,0
0.916,1,0.0476,0,0,0,0.0254,0,7.05,-0.73,0,0,0.5958,0
0.7932,4,0.1481,0,2,18,0.1887,1,8.52,-1.07,1,10,0.5841,1
0.6838,2,0.25,0,2,9,0.3465,0,5.5,-0.18,1,22,0.4603,0
1.0,0,0.0,0,0,2,0.046,0,8.79,-0.96,0,0,0.6734,0
0.9078,2,0.087,0,1,1,0.1746,0,6.63,-1.06,0,0,0.607,0
1.0,0,0.0,0,0,1,0.0087,1,7.42,-0.03,0,0,0.4415,0
0.9304,0,0.0,0,0,2,0.0678,0,9.54,0.08,0,0,0.1356,0
0.7634,4,0.1333,1,0,13,0.1248,1,6.94,0.04,0,0,0.5067,1
0.805,1,0.125,0,0,16,0.2477,1,7.09,-1.09,1,32,0.3507,1
0.931,1,0.0476,0,1,0,0.0442,0,8.91,0.15,0,0,0.3046,0
0.7794,2,0.125,0,0,19,0.2551,1,6.48,0.14,0,0,0.6797,0
1.0,0,0.0,0,0,3,0.1253,0,8.67,-0.58,0,0,0.7937,0
0.9475,1,0.0417,0,0,1,0.0472,1,7.74,-0.22,0,0,0.6197,0
1.0,0,0.0,0,0,0,0.0291,0,7.75,0.63,0,0,0.8292,1
0.8835,1,0.1,0,1,17,0.0834,0,8.23,-0.09,0,0,0.174,1
0.8489,1,0.1,0,1,18,0.2167,1,5.6,-1.48,1,29,0.4691,0
0.916,0,0.0,0,0,1,0.0995,0,8.47,-0.55,0,0,0.5892,0
0.8048,2,0.0909,0,0,18,0.3121,1,7.08,-0.45,0,0,0.3346,0
0.891,2,0.0667,0,2,16,0.0746,0,8.23,-0.08,0,0,0.3512,0
0.8655,3,0.1111,1,0,18,0.0582,0,8.73,0.05,0,0,0.6731,0
1.0,0,0.0,0,0,0,0.0107,0,8.4,0.8,0,0,0.5471,0
0.7003,1,0.25,1,0,18,0.2215,1,6.83,-0.88,0,0,0.4847,0
0.7072,3,0.12,0,3,16,0.4082,0,4.43,-1.58,0,0,0.393,1
0.9092,1,0.0455,0,0,3,0.0837,0,7.58,-0.75,0,0,0.0931,0
0.6567,4,0.1667,1,1,12,0.4319,2,8.04,-1.81,0,0,0.5583,1
0.7264,5,0.1667,3,4,19,0.3091,1,4.79,-0.11,0,0,0.3043,1
0.9654,0,0.0,0,0,1,0.0956,0,8.63,-0.47,0,0,0.6471,0
0.8709,3,0.1034,0,3,18,0.2885,0,6.77,-0.18,1,1,0.2563,1
0.7111,6,0.2,1,4,3,0.1046,0,6.96,1.08,0,0,0.4966,1
0.5197,12,0.4286,1,2,12,0.955,0,3.63,-2.14,0,0,0.4548,1
0.7637,2,0.1538,2,2,7,0.1358,0,6.85,-0.83,0,0,0.9084,0
0.6204,9,0.3214,1,7,19,0.7187,3,3.59,-1.71,1,18,0.5439,1
0.7975,2,0.1053,0,2,3,0.1219,0,6.43,-0.78,0,0,0.4811,1
0.9543,1,0.0345,0,1,1,0.1018,0,7.17,-0.13,0,0,0.4214,0
0.9029,1,0.037,0,0,3,0.1143,0,8.02,0.53,0,0,0.6415,0
0.9492,0,0.0,0,0,0,0.1155,0,10.0,-0.03,0,0,0.2817,0
0.9732,0,0.0,0,0,0,0.0959,0,7.62,0.19,0,0,0.2769,1
0.8717,2,0.0741,0,0,2,0.4231,2,6.82,-1.37,0,0,0.6049,0
0.8118,1,0.2,1,1,11,0.3113,0,6.34,-0.3,0,0,0.4756,0
0.8834,1,0.0435,0,1,17,0.2083,0,6.67,-0.86,1,2,0.3186,0
0.6664,2,0.1667,0,1,11,0.3941,0,4.77,-0.87,0,0,0.3486,1
0.7402,4,0.1818,0,1,20,0.2449,0,5.24,-0.61,1,12,0.6263,0
0.8365,2,0.0909,1,2,10,0.3346,1,8.16,-0.7,0,0,0.4077,1
0.701,4,0.1818,0,1,2,0.3857,1,5.14,-0.54,0,0,0.9494,0
0.6737,4,0.2105,2,2,2,0.334,0,6.73,-1.63,0,0,0.5536,1
0.5451,5,0.4167,4,3,4,0.6232,5,3.72,-2.06,0,0,0.8383,1
0.4006,4,0.4444,1,0,1,0.7755,1,5.35,-1.99,1,26,0.3997,1
0.9205,1,0.0455,0,1,3,0.0481,1,8.57,-0.13,0,0,0.5705,0
0.7853,0,0.0,1,0,3,0.1725,0,6.16,-0.12,1,22,0.2619,1
0.6496,5,0.3333,0,2,12,0.5856,1,6.53,-1.0,0,0,0.5516,0
0.598,5,0.3125,3,5,10,0.2621,0,3.46,-1.14,0,0,0.5125,1
0.7617,1,0.0769,0,1,16,0.2138,1,5.51,-1.1,1,41,0.5348,1
0.8013,3,0.15,0,1,4,0.0878,1,8.11,0.02,1,43,0.365,0
0.661,7,0.2917,0,7,16,0.4254,6,7.24,-1.28,0,0,0.5209,1
0.7376,6,0.2222,1,3,11,0.387,1,6.32,-0.17,1,12,0.7353,1
0.8447,2,0.0952,0,1,13,0.3597,0,7.46,-0.97,0,0,0.8513,0
0.7547,2,0.1538,1,1,16,0.0757,1,5.76,-0.97,0,0,0.7556,0
0.7284,1,0.25,0,1,1,0.0612,0,6.4,-0.43,1,45,0.2388,0
0.7589,5,0.2,0,2,20,0.209,1,7.44,-0.84,1,45,0.5821,1
0.7232,4,0.1818,0,4,12,0.6339,2,5.76,-1.28,0,0,0.2386,1
0.8868,2,0.0769,2,0,5,0.136,1,7.31,1.44,0,0,0.5741,0
0.383,7,0.5,1,1,6,0.4165,2,6.82,-1.97,1,40,0.5894,1
0.4501,2,0.5,3,2,8,0.7833,3,6.92,-1.76,1,45,0.332,1
0.7822,3,0.1765,0,3,17,0.1,3,4.86,-0.86,0,0,0.5715,1
0.7822,3,0.12,0,2,18,0.2095,0,5.94,-0.28,0,0,0.6417,1
0.834,3,0.1071,1,2,10,0.205,1,8.21,-1.03,1,4,0.4956,0
0.5637,6,0.2143,0,1,5,0.4782,3,4.72,-0.83,0,0,0.3385,1
0.7829,4,0.16,0,1,4,0.2703,0,9.51,-0.65,0,0,0.4949,0
0.9971,0,0.0,0,0,0,0.2825,1,6.91,-1.62,0,0,0.2875,0
0.9276,1,0.1111,1,1,2,0.0307,0,7.51,0.56,0,0,0.7133,0
0.6617,1,0.1667,0,1,20,0.7429,3,3.32,-1.94,0,0,0.923,1
0.8031,4,0.1481,0,4,18,0.4006,1,8.66,-1.41,0,0,0.2362,0
0.6352,3,0.2727,1,3,5,0.3826,2,4.07,-0.46,0,0,0.0658,1
0.9821,0,0.0,0,0,3,0.0777,0,8.88,-0.32,0,0,0.5892,0
0.7221,1,0.25,1,1,1,0.4015,2,6.97,-0.68,0,0,0.2656,0
0.7108,3,0.25,0,3,5,0.2224,2,6.89,-0.78,0,0,0.4712,1
0.6621,7,0.2333,1,4,6,0.095,1,6.58,1.04,1,2,0.5263,1
0.9484,0,0.0,0,0,1,0.1186,0,7.26,-0.22,0,0,0.6749,0
1.0,0,0.0,0,0,3,0.0092,0,7.1,-0.14,0,0,0.6239,0
0.7473,2,0.1667,1,1,17,0.5099,1,5.13,-1.38,0,0,0.5018,1
0.8984,1,0.04,0,1,17,0.6716,1,4.71,-1.15,1,37,0.407,1
0.9222,1,0.0588,0,1,1,0.0883,0,6.67,1.0,0,0,0.4024,0
0.9381,0,0.0,0,0,2,0.0378,0,9.08,-0.25,0,0,0.4016,0
0.7851,4,0.1379,3,4,8,0.4769,0,8.32,-0.54,1,35,0.5355,0
0.9032,2,0.1053,0,2,3,0.1218,0,6.77,-0.08,0,0,0.3548,1
0.818,3,0.1111,1,1,9,0.346,0,7.38,-0.73,0,0,0.194,0
0.5799,10,0.3704,1,3,9,0.4134,1,5.75,-1.21,0,0,0.2786,1
0.9254,2,0.069,0,1,3,0.2664,1,5.35,-0.44,0,0,0.1738,0
0.8679,0,0.0,1,0,17,0.1188,0,5.75,-0.04,0,0,0.5054,0
0.4745,2,0.3333,3,0,6,0.7077,0,4.61,-1.23,1,38,0.2844,1
0.9751,0,0.0,0,0,1,0.0387,1,9.58,0.46,0,0,0.7382,0
0.6115,4,0.2857,2,4,1,0.2398,1,7.34,-1.39,0,0,0.6274,1
0.8936,1,0.0714,0,1,20,0.1699,2,6.55,-0.22,0,0,0.4118,0
0.9555,0,0.0,0,0,0,0.0173,0,7.57,-0.34,0,0,0.441,0
0.7462,4,0.1905,1,4,8,0.1225,0,6.56,-0.7,0,0,0.4221,0
0.8315,1,0.125,0,0,18,0.3133,1,8.06,-1.35,0,0,0.2221,1
0.7138,4,0.2105,0,2,20,0.3941,1,6.31,0.29,0,0,0.4077,1
0.8896,1,0.0833,0,1,5,0.6548,2,6.68,-0.34,1,3,0.2242,1
0.7561,3,0.1034,0,3,12,0.2278,1,6.49,-0.83,0,0,0.9375,1
0.7642,2,0.2222,1,1,5,0.1615,2,7.13,-0.24,0,0,0.437,0
0.9827,0,0.0,1,0,3,0.22,0,8.05,-0.62,0,0,0.6495,0
0.6407,2,0.2,0,1,5,0.3623,2,4.43,-0.17,0,0,0.5023,0
0.7086,2,0.2,1,1,7,0.5478,1,3.36,-1.43,1,6,0.4017,1
0.9659,1,0.0357,0,1,0,0.0113,0,8.7,0.14,0,0,0.6967,0
0.8586,3,0.1154,1,3,10,0.1887,3,7.47,-0.4,0,0,0.5376,0
0.9188,0,0.0,0,0,0,0.0713,0,8.22,-0.38,0,0,0.4186,0
0.6287,8,0.2759,2,2,14,0.244,1,6.8,-0.58,0,0,0.6353,1
0.8188,2,0.1333,1,2,8,0.05,0,7.74,0.54,0,0,0.2726,0
0.9351,1,0.0357,0,0,3,0.1671,0,6.23,-0.37,1,35,0.7646,0
0.7151,1,0.1667,1,0,15,0.03,0,8.4,-0.28,0,0,0.2968,0
0.7803,3,0.1,2,3,15,0.2093,1,6.97,-0.68,0,0,0.6096,1
0.6439,4,0.2667,4,1,15,0.8011,1,6.57,-2.26,0,0,0.0755,1
0.7819,2,0.125,0,0,11,0.62,3,7.88,-1.0,1,43,0.1846,1
0.9407,1,0.0588,1,0,0,0.2006,0,7.82,-0.83,0,0,0.6599,0
0.9645,0,0.0,0,0,0,0.0256,0,7.92,0.22,0,0,0.6145,1
0.8565,1,0.25,0,1,13,0.3992,0,6.98,-0.96,0,0,0.7006,0
0.625,5,0.25,0,3,13,0.4431,0,3.81,-0.9,0,0,0.3157,1
0.7853,1,0.1667,2,0,7,0.2412,1,4.29,-0.85,0,0,0.6463,0
0.8115,3,0.1,0,2,5,0.5097,4,5.81,-0.97,0,0,0.2215,1
0.8992,2,0.0714,1,1,12,0.014,0,9.37,0.18,0,0,0.4884,0
0.8065,2,0.0741,1,2,5,0.2141,0,7.21,-0.88,1,4,0.1379,0
0.9222,1,0.0526,1,1,3,0.0855,1,7.78,0.29,0,0,0.4814,0
0.7896,4,0.2,1,1,17,0.4814,2,4.86,-0.71,0,0,0.3259,1
0.7939,1,0.125,0,0,10,0.1408,1,7.84,-0.04,0,0,0.4568,1
0.9131,2,0.0741,0,0,3,0.3094,1,7.14,-0.4,0,0,0.5075,0
0.8138,1,0.0714,0,1,10,0.2125,0,5.26,-0.94,0,0,0.4215,1
0.9673,0,0.0,0,0,3,0.1583,0,7.86,-0.42,0,0,0.5984,0
0.9408,1,0.0455,0,0,2,0.0362,0,8.29,-0.54,0,0,0.4839,1
0.9215,0,0.0,1,0,3,0.0817,1,7.26,0.09,0,0,0.6566,0
0.8074,3,0.1429,0,1,2,0.4789,2,5.83,-0.02,0,0,0.34,0
0.9029,2,0.0909,2,1,0,0.0597,0,6.52,-0.1,0,0,0.5903,0
0.9489,0,0.0,1,0,1,0.1552,1,7.25,-0.78,0,0,0.532,0
0.541,3,0.375,1,1,12,0.4212,3,5.84,-1.8,1,34,0.5924,1
0.9206,1,0.05,1,0,3,0.1428,1,4.66,-0.59,0,0,0.5081,1
0.7366,2,0.1333,1,2,12,0.1439,1,7.77,-1.14,0,0,0.6674,1
0.8187,2,0.0952,0,1,12,0.411,1,7.11,-1.56,1,17,0.7409,0
0.6064,7,0.2917,0,3,8,0.7357,3,5.04,-0.45,0,0,0.2577,1
0.809,2,0.087,1,2,19,0.2472,1,7.97,-0.88,0,0,0.6221,0
0.9684,1,0.0526,0,1,3,0.1749,0,8.89,-0.66,0,0,0.5105,0
0.7156,6,0.2308,2,3,4,0.377,2,4.87,-0.92,0,0,0.1919,1
0.9421,1,0.0833,1,1,3,0.277,1,8.09,0.04,0,0,0.3856,0
0.8777,2,0.0741,0,0,16,0.0454,0,8.63,-1.08,0,0,0.734,0
0.8584,1,0.0714,0,0,12,0.0559,0,6.76,-0.5,1,22,0.7006,0
0.8049,3,0.1,1,2,15,0.635,0,6.3,-1.26,0,0,0.3712,1
0.9713,1,0.0357,0,1,1,0.18,1,7.53,-0.38,0,0,0.8448,0
0.8034,2,0.2222,1,2,9,0.2076,0,6.96,-0.46,0,0,0.8705,1
0.8223,1,0.1429,2,0,16,0.4309,0,5.69,-0.99,1,32,0.899,1
1.0,0,0.0,0,0,0,0.1892,1,9.03,-1.26,0,0,0.6793,0
0.8335,3,0.1364,0,1,5,0.289,0,8.56,-0.49,1,22,0.4711,1
0.7906,2,0.125,2,2,8,0.2022,0,7.56,-0.81,0,0,0.5537,1
0.4787,5,0.3333,3,0,18,0.376,1,5.55,-0.96,0,0,0.6519,0
0.9203,0,0.0,0,0,1,0.4806,2,6.36,-0.99,0,0,0.3083,0
0.6434,4,0.2857,0,1,17,0.2016,1,3.85,-1.25,0,0,0.8523,1
0.7765,1,0.25,2,0,8,0.4272,1,5.05,-1.25,0,0,0.6643,0
0.7228,4,0.1818,1,2,10,0.3083,1,9.2,-1.45,1,9,0.4943,1
0.5232,10,0.3571,1,9,13,0.2706,1,4.28,-1.87,1,24,0.3893,1
0.6213,6,0.2308,2,4,14,0.3921,0,4.15,-1.23,0,0,0.9445,1
0.8463,4,0.1333,0,2,20,0.2124,1,6.66,-0.23,0,0,0.7076,0
0.9616,0,0.0,0,0,3,0.0332,0,9.17,-0.13,0,0,0.6488,0
0.9684,0,0.0,0,0,2,0.256,0,7.27,0.5,0,0,0.4252,0
0.8324,3,0.1071,1,2,9,0.1499,0,5.34,-0.54,0,0,0.3449,1
0.8826,2,0.1,0,1,10,0.1205,0,7.09,-0.41,0,0,0.449,0
0.892,1,0.0909,0,0,7,0.0757,0,8.11,-0.31,0,0,0.7445,0
0.4885,5,0.2941,1,5,14,0.7921,4,5.8,-1.64,0,0,0.2967,1
0.8023,2,0.1538,1,0,8,0.5189,1,5.88,-0.8,0,0,0.2826,0
0.8041,2,0.1667,1,1,1,0.1391,1,7.59,-0.03,0,0,0.4001,0
0.8662,0,0.0,0,0,7,0.478,1,7.38,-1.48,0,0,0.2963,1
0.9479,1,0.0833,0,0,2,0.0227,0,8.63,-0.05,0,0,0.5957,0
0.6492,1,0.2,1,1,15,0.1684,0,5.76,-0.8,0,0,0.4003,1
0.8515,0,0.0,0,0,11,0.4929,3,6.37,-0.71,0,0,0.413,1
0.9063,1,0.0769,0,0,3,0.3169,1,7.68,-0.98,0,0,0.7964,0
0.6715,8,0.2963,1,2,4,0.4232,3,5.5,-1.48,1,38,0.6436,1
0.7301,2,0.1429,0,0,17,0.3735,0,7.09,-0.33,0,0,0.6206,0
0.9081,0,0.0,0,0,3,0.2158,0,7.94,-0.65,0,0,0.5642,0
0.8417,2,0.1667,3,2,12,0.2512,1,6.49,-0.18,0,0,0.6563,1
1.0,0,0.0,0,0,3,0.1246,0,8.19,0.13,0,0,0.8499,0
0.9313,1,0.0588,0,0,0,0.0086,0,8.59,0.27,0,0,0.445,0
0.7909,3,0.12,0,3,12,0.1185,0,7.74,-0.57,1,14,0.8501,1
0.9569,0,0.0,0,0,3,0.0114,0,7.33,-0.96,0,0,0.277,0
0.5515,10,0.3333,1,5,9,0.6119,4,4.08,-1.3,0,0,0.7622,1
0.6704,2,0.2222,0,2,19,0.379,1,3.53,-0.97,1,6,0.6811,1
0.8392,1,0.0909,0,1,3,0.138,0,6.71,-0.73,0,0,0.3614,1
0.9829,0,0.0,0,0,3,0.1007,0,7.34,-0.07,0,0,0.2888,0
0.8005,1,0.1111,1,1,18,0.1904,1,5.2,-0.28,0,0,0.5613,1
0.7343,4,0.2,1,1,11,0.4573,2,4.28,-0.75,1,38,0.6209,1
0.8869,2,0.1111,0,0,3,0.1817,0,8.22,-0.96,0,0,0.6179,0
0.6442,4,0.1667,1,2,10,0.5357,0,4.93,-0.92,0,0,0.2573,1
0.6988,3,0.1579,1,1,1,0.5421,2,3.45,-1.72,0,0,0.426,1
0.8754,2,0.087,0,2,12,0.2687,1,7.66,-0.32,0,0,0.677,1
0.4937,2,0.2857,1,0,17,0.5395,0,6.75,-1.91,1,6,0.5214,1
0.7487,1,0.1667,0,0,5,0.15,0,7.92,-0.8,0,0,0.3599,0
0.7644,4,0.1333,3,2,12,0.2521,2,8.09,-0.59,1,23,0.5598,1
0.9767,0,0.0,1,0,1,0.117,1,9.02,-0.65,1,9,0.392,1
1.0,0,0.0,0,0,0,0.0813,1,8.23,0.19,0,0,0.4069,0
0.4379,10,0.4762,3,7,16,0.7485,1,5.86,-2.11,1,20,0.0615,1
0.8406,2,0.0909,0,2,15,0.2952,0,7.7,0.07,0,0,0.4294,0
0.6336,2,0.2222,2,2,8,0.697,1,3.89,-2.51,0,0,0.7292,1
0.6869,5,0.1786,1,1,1,0.194,1,5.24,-1.19,0,0,0.0569,1
0.9576,1,0.0357,0,1,2,0.1274,3,8.67,0.5,0,0,0.6643,0
0.6857,1,0.25,1,0,1,0.1599,0,7.22,-0.47,0,0,0.5148,0
0.4414,7,0.4375,3,3,11,0.7962,2,4.9,-0.65,0,0,0.6031,1
0.5688,3,0.2727,0,0,19,0.3027,1,6.35,-0.87,1,3,0.3199,1
1.0,0,0.0,0,0,0,0.017,0,8.51,-0.59,0,0,0.4086,0
0.9191,2,0.0833,0,2,3,0.1889,1,9.04,-0.51,0,0,0.7025,0
0.6454,4,0.2353,1,1,10,0.1334,0,6.1,-0.28,0,0,0.7246,0
0.5602,6,0.375,2,1,18,0.1999,1,4.52,-0.11,0,0,0.5761,1
0.9422,1,0.0345,0,1,2,0.0512,0,9.33,0.34,0,0,0.5584,0
0.8189,2,0.0952,0,2,19,0.6718,1,4.49,-0.89,0,0,0.6686,1
0.6584,8,0.3077,1,4,20,0.6953,1,4.56,-1.47,1,24,0.5546,1
0.9041,1,0.0476,0,1,3,0.22,1,8.84,-0.58,0,0,0.4611,0
0.7105,6,0.2222,0,6,17,0.3399,0,6.03,-1.3,0,0,0.2059,1
0.7068,3,0.2,0,1,19,0.8334,2,2.07,-1.89,1,38,0.6729,1
0.651,5,0.3125,0,4,5,0.5655,1,3.97,-1.02,0,0,0.4972,1
0.8762,2,0.0769,0,2,17,0.09,0,9.24,-0.71,1,12,0.7817,0
0.9104,1,0.1,0,1,0,0.3397,0,7.73,-0.52,0,0,0.3555,0
0.9216,1,0.0769,0,1,2,0.0262,0,7.91,-1.01,0,0,0.6675,0
0.3627,9,0.3462,0,4,18,0.6831,3,4.69,-0.81,0,0,0.7987,1
0.383,12,0.5217,2,4,2,0.8601,4,3.19,-2.96,1,3,0.592,1
0.7651,4,0.1739,1,4,19,0.2648,0,7.25,-0.61,0,0,0.5607,1
0.7889,1,0.1429,1,0,2,0.2026,0,5.91,0.42,0,0,0.1536,0
0.5254,5,0.25,1,2,19,0.5191,1,4.36,-1.77,0,0,0.5479,1
0.8152,1,0.0588,1,1,3,0.5105,0,6.44,-0.81,0,0,0.2692,0
0.9195,2,0.0667,0,2,0,0.4104,3,7.04,-1.3,0,0,0.5809,0
0.3748,6,0.5,1,2,6,0.9353,5,1.27,-1.94,1,5,0.5152,1
0.9477,1,0.0909,0,1,0,0.225,0,4.98,-0.74,1,1,0.3604,1
0.9049,0,0.0,0,0,3,0.604,0,4.92,-1.63,1,12,0.8113,0
0.9565,0,0.0,0,0,0,0.0598,1,8.23,-0.87,0,0,0.4941,0
0.9704,0,0.0,1,0,2,0.0637,0,9.96,0.78,0,0,0.5326,0
0.7664,2,0.1333,1,2,6,0.2903,1,6.14,-1.38,0,0,0.2215,1
0.7655,4,0.1818,0,0,12,0.1489,0,5.3,-0.36,0,0,0.6024,0
0.5338,1,0.2,1,1,20,0.5577,0,5.72,-2.35,0,0,0.3933,1
0.9366,1,0.0417,0,1,1,0.5282,0,5.46,-0.42,0,0,0.4523,1
0.6228,3,0.25,0,3,17,0.4105,2,6.57,-0.88,0,0,0.6901,0
0.9651,0,0.0,0,0,3,0.0496,0,7.8,-0.35,0,0,0.5265,0
0.7329,5,0.2,0,1,17,0.3135,2,4.43,-0.88,0,0,0.5789,0
0.4489,4,0.3636,2,2,16,0.8143,3,1.73,-1.07,0,0,0.4288,1
0.7327,2,0.1176,0,2,7,0.0652,0,7.01,-0.74,1,6,0.694,1
0.3574,9,0.3,0,3,9,0.781,0,4.49,-1.36,1,39,0.7632,1
0.9373,1,0.0476,1,1,3,0.1252,0,7.32,0.65,1,28,0.5437,0
0.9044,2,0.0909,1,1,0,0.6451,5,3.49,-2.19,0,0,0.5862,1
0.8633,1,0.0588,0,0,10,0.1673,1,7.47,-0.7,0,0,0.5048,1
0.8171,1,0.125,2,1,4,0.1808,0,8.74,-0.82,1,26,0.4901,0
0.9074,2,0.069,1,2,2,0.0147,0,7.84,-0.85,0,0,0.3007,0
0.6773,3,0.3333,1,3,8,0.3515,1,3.97,-0.94,0,0,0.4916,1
0.8223,3,0.1071,0,0,3,0.3832,1,6.2,-0.53,1,8,0.5842,0
0.6825,3,0.2308,0,3,11,0.2973,1,7.46,-0.41,0,0,0.7137,0
0.5647,3,0.4286,1,1,1,0.4129,3,2.17,-0.48,0,0,0.1371,1
0.781,3,0.1765,1,1,20,0.06,0,5.75,-0.74,1,15,0.4622,1
0.6705,4,0.1481,0,2,17,0.186,0,5.17,-0.58,1,25,0.5405,1
0.9498,0,0.0,0,0,1,0.22,1,8.9,-0.18,0,0,0.7613,0
0.9208,0,0.0,0,0,2,0.1319,2,6.86,-0.41,0,0,0.8042,0
0.9248,0,0.0,0,0,3,0.22,0,9.37,-0.42,0,0,0.6886,0
0.6801,7,0.2593,1,6,7,0.5131,1,6.73,-1.1,1,45,0.6649,1
0.7151,3,0.1765,1,3,12,0.4176,1,6.7,-0.34,0,0,0.7089,0
0.8679,1,0.2,0,1,14,0.3374,0,6.26,-1.24,0,0,0.7982,0
0.9493,1,0.0417,1,1,2,0.0085,1,8.41,0.29,0,0,0.7834,0
0.9018,2,0.069,0,2,3,0.1028,1,5.92,0.57,0,0,0.3833,0
0.8397,3,0.1154,1,1,17,0.5718,2,3.76,-1.54,0,0,0.5938,1
0.709,2,0.1429,1,1,13,0.3415,1,4.27,-1.52,0,0,0.7527,1
0.7578,2,0.1429,0,0,10,0.3119,1,8.35,-0.75,0,0,0.5405,0
0.9031,1,0.125,0,1,3,0.029,0,8.14,-0.1,0,0,0.5726,0
0.9232,1,0.1111,0,1,1,0.1447,0,7.4,-0.56,0,0,0.6935,0
0.8352,0,0.0,0,0,16,0.4138,0,4.22,-0.05,0,0,0.5826,0
0.7976,1,0.1429,0,0,17,0.503,0,4.19,-0.68,0,0,0.4839,0
0.7388,2,0.1818,1,0,9,0.3452,1,4.86,-0.85,1,24,0.3095,0
0.4688,6,0.3,3,5,16,0.4536,1,3.37,-1.49,0,0,0.4627,1
0.8718,1,0.0909,0,1,14,0.0527,0,7.32,-0.77,0,0,0.5818,0
0.6516,6,0.2222,0,2,11,0.6272,1,4.56,-1.46,0,0,0.452,1
0.6738,3,0.3,0,3,20,0.4956,1,5.23,-1.18,0,0,0.3581,1
0.9589,0,0.0,0,0,2,0.0725,0,9.34,-0.06,0,0,0.7211,0
0.9876,0,0.0,0,0,2,0.0091,1,7.3,-0.3,0,0,0.2403,0
0.7589,3,0.2,1,2,12,0.1313,1,7.5,-1.28,0,0,0.4829,1
0.9264,0,0.0,0,0,2,0.4001,1,6.48,-0.85,1,8,0.6542,0
0.9609,1,0.0345,1,1,1,0.0201,0,6.76,-0.67,0,0,0.7179,0
0.6494,4,0.2222,2,3,5,0.2422,2,4.75,-0.59,0,0,0.319,1
0.7505,5,0.2083,3,4,14,0.34,0,5.24,-0.77,0,0,0.2005,0
0.5639,11,0.3667,0,6,12,0.62,2,5.65,-2.16,1,44,0.4683,1
0.6681,5,0.1724,0,2,7,0.1961,0,4.74,-0.57,0,0,0.1287,0
0.8467,3,0.1154,0,0,1,0.0535,0,7.22,0.07,1,43,0.753,0
0.3248,11,0.44,3,11,18,0.5762,2,2.53,-0.59,0,0,0.4098,1
0.8957,1,0.1111,1,0,5,0.4201,1,7.03,-1.81,1,36,0.4868,1
0.802,1,0.1111,1,1,9,0.0887,0,6.19,-0.27,1,23,0.5355,1
0.7599,1,0.0769,0,1,15,0.28,0,4.48,-0.1,0,0,0.3961,1
0.6615,5,0.2381,0,4,5,0.3158,0,7.1,-1.19,0,0,0.4086,1
0.8689,3,0.12,0,2,6,0.2401,1,5.76,-0.83,0,0,0.5871,0
0.8653,1,0.125,0,0,11,0.1761,2,4.71,-0.08,1,30,0.7106,1
0.7221,3,0.1429,0,2,14,0.2288,0,6.78,-0.33,0,0,0.5633,1
0.8429,2,0.125,0,2,16,0.62,2,6.98,-1.51,0,0,0.19,1
0.9188,1,0.0476,1,1,1,0.2071,1,8.76,-1.38,0,0,0.6428,0
0.9998,0,0.0,0,0,1,0.2083,0,7.89,0.06,0,0,0.2567,0
0.6434,1,0.1429,0,0,15,0.181,2,3.97,-0.22,0,0,0.3999,1
0.833,3,0.1071,0,1,11,0.3778,0,8.45,-0.67,1,35,0.8077,1
0.776,2,0.1667,0,0,16,0.45,1,7.25,-1.12,0,0,0.3542,0
0.7461,1,0.2,2,0,4,0.5613,3,4.21,-0.69,1,38,0.6342,1
0.742,1,0.1,0,0,12,0.2758,0,5.25,-0.64,0,0,0.6404,0
0.7786,4,0.16,0,1,16,0.2213,0,8.33,-1.45,0,0,0.3805,0
1.0,0,0.0,0,0,3,0.4509,0,5.83,-0.42,0,0,0.6238,1
0.9663,1,0.0345,0,0,1,0.4196,1,5.82,-0.65,1,18,0.5671,0
0.9695,1,0.0476,0,1,3,0.1199,0,5.93,0.52,0,0,0.5268,0
0.8312,2,0.0952,0,1,13,0.0857,0,9.27,-0.12,0,0,0.846,0
0.6936,3,0.2,1,1,10,0.1899,1,4.03,-0.76,0,0,0.5487,1
0.7941,4,0.1818,0,1,18,0.2237,0,8.67,-0.7,0,0,0.6359,1
0.8352,1,0.0625,1,0,19,0.0351,0,7.46,-0.68,0,0,0.4907,0
0.5437,4,0.2857,0,2,1,0.6582,0,3.58,-1.85,0,0,0.332,1
0.8624,3,0.1034,0,2,2,0.7458,2,1.35,-2.54,1,26,0.4721,1
0.8538,0,0.0,0,0,14,0.4926,2,5.19,-0.84,1,24,0.2935,1
0.7087,5,0.2,0,2,15,0.3313,0,4.15,-1.01,0,0,0.276,1
1.0,0,0.0,0,0,1,0.1601,0,8.64,-0.23,0,0,0.4022,0
0.9387,1,0.0769,0,1,0,0.082,0,8.19,-0.12,0,0,0.522,0
0.8474,3,0.1,0,1,14,0.1442,0,6.61,-0.15,0,0,0.3034,0
0.7762,1,0.1111,1,1,11,0.3658,0,5.81,0.22,0,0,0.4109,1
0.9797,0,0.0,0,0,0,0.0513,1,7.93,0.15,0,0,0.6379,0
0.755,4,0.2222,1,4,11,0.3457,0,6.85,-1.26,0,0,0.315,1
0.9615,0,0.0,0,0,0,0.0157,0,8.37,-0.27,0,0,0.7902,0
0.859,1,0.0833,2,0,15,0.0283,0,7.85,0.22,0,0,0.272,0
0.6757,5,0.2778,1,1,18,0.2588,1,7.41,-1.27,1,44,0.7291,0
0.8596,1,0.1111,1,0,13,0.3064,0,5.96,-1.6,0,0,0.5309,0
0.6507,4,0.1818,0,2,19,0.3002,1,5.1,-0.77,0,0,0.4181,1
0.7954,3,0.1034,1,2,16,0.3593,0,6.93,-0.35,0,0,0.2775,1
0.7364,3,0.25,1,1,11,0.3137,1,7.44,-1.01,0,0,0.3713,1
0.7879,3,0.15,2,3,19,0.462,3,5.93,-1.09,1,12,0.6585,0
0.852,2,0.1,1,2,10,0.4408,0,5.32,-0.57,0,0,0.6115,1
0.8096,1,0.1111,0,1,7,0.3801,0,7.51,-0.98,0,0,0.909,0
0.5807,7,0.35,0,2,19,0.4699,4,3.9,-0.94,0,0,0.8878,1
0.7583,5,0.2,1,3,9,0.3177,0,5.25,-1.25,0,0,0.824,0
0.8092,1,0.1111,0,1,9,0.357,3,6.68,-0.35,0,0,0.2819,1
0.6722,1,0.2,2,0,13,0.244,1,6.15,-0.97,0,0,0.5656,0
0.7759,6,0.2,0,0,9,0.3402,1,6.87,-0.58,1,39,0.5752,1
0.837,2,0.1053,1,2,20,0.0889,1,6.48,-0.7,0,0,0.2712,1
0.2729,13,0.619,1,3,11,0.7877,2,3.65,-2.15,0,0,0.4448,1
0.6123,5,0.2941,2,3,16,0.7089,1,5.17,-1.27,1,6,0.5001,1
0.9276,1,0.1,1,1,1,0.0946,0,8.74,0.26,0,0,0.6024,0
0.3735,11,0.4074,0,2,13,0.7105,4,4.58,-1.75,1,38,0.595,1
0.7149,6,0.25,0,4,2,0.3855,3,7.61,-0.99,0,0,0.6554,0
0.4866,7,0.28,1,5,11,0.6629,2,4.74,-1.19,0,0,0.3476,1
0.8644,1,0.0909,0,1,13,0.145,0,5.26,-0.38,0,0,0.2416,1
0.6711,3,0.2727,0,3,8,0.5567,0,5.59,-1.28,0,0,0.5532,1
0.6406,3,0.25,2,0,12,0.1917,1,7.59,-1.44,1,9,0.1577,1
0.464,11,0.4583,3,5,15,0.8028,3,6.31,-2.06,0,0,0.4546,1
0.7557,5,0.2083,1,3,14,0.1775,1,7.05,-0.31,0,0,0.4297,1
0.8163,2,0.0909,0,0,9,0.3748,2,6.95,-0.79,0,0,0.4706,0
0.9037,1,0.0769,1,1,0,0.1369,0,8.68,0.01,0,0,0.2964,0
0.6073,6,0.3158,1,5,7,0.597,2,3.94,-1.32,0,0,0.7012,1
0.9834,0,0.0,1,0,0,0.0074,0,7.96,-0.0,0,0,0.6565,0
0.9362,1,0.0625,1,0,1,0.0691,0,7.8,-0.33,0,0,0.65,0
0.8163,0,0.0,0,0,7,0.3064,1,6.27,-1.45,1,25,0.2814,1
0.7089,1,0.1667,0,0,11,0.393,2,6.36,-1.07,0,0,0.4513,0
0.7495,2,0.1429,0,1,15,0.2657,2,4.42,-0.96,0,0,0.7538,0
0.7509,4,0.2105,0,2,6,0.2769,0,6.6,-0.43,0,0,0.5179,0
0.7373,3,0.2,1,1,9,0.3082,3,6.3,-1.69,0,0,0.7345,0
0.9649,0,0.0,0,0,0,0.1879,0,8.98,0.08,0,0,0.7005,0
0.6298,6,0.2609,1,2,18,0.2775,2,5.14,-0.19,0,0,0.7207,1
0.936,1,0.0667,0,0,0,0.0475,1,6.02,-0.88,0,0,0.195,0
1.0,0,0.0,0,0,1,0.0895,0,7.99,0.02,0,0,0.8568,0
0.4512,2,0.3333,1,2,4,0.3368,0,5.34,-1.61,0,0,0.3378,1
0.9785,0,0.0,2,0,3,0.0722,0,7.98,-0.39,0,0,0.6638,0
0.7575,2,0.1053,0,1,2,0.3359,0,4.74,-1.43,0,0,0.4197,1
0.6415,3,0.2,3,3,6,0.4375,1,4.38,-1.4,0,0,0.7978,1
0.6106,3,0.2727,0,2,4,0.3856,1,8.02,-0.42,0,0,0.496,1
0.4817,7,0.3889,1,4,1,0.28,1,4.53,-0.59,0,0,0.6942,1
0.9727,0,0.0,0,0,3,0.1082,0,7.49,-0.16,0,0,0.2759,0
0.2228,14,0.4667,0,14,12,0.8326,2,4.94,-1.53,0,0,0.4612,1
0.7705,4,0.1333,1,2,10,0.2369,1,7.48,-0.7,1,2,0.6621,1
0.4234,6,0.4615,2,3,1,0.6619,4,4.39,-0.95,0,0,0.5745,1
0.8377,2,0.1333,1,0,4,0.4077,0,7.46,-0.79,0,0,0.2507,1
0.6569,5,0.2083,1,4,13,0.4928,0,9.5,-0.57,0,0,0.5932,0
0.9717,0,0.0,0,0,2,0.0298,0,9.66,-0.4,0,0,0.2931,0
0.6775,4,0.1667,1,4,13,0.62,2,5.98,-0.45,1,13,0.3463,1
0.2244,6,0.4,5,3,20,0.7574,1,4.52,-2.14,0,0,0.5767,1
0.4636,11,0.3667,0,10,9,0.4869,0,5.16,-1.65,1,41,0.2583,1
0.8998,2,0.1053,0,1,15,0.22,1,7.48,-0.82,0,0,0.4703,0
0.8018,4,0.1481,1,2,3,0.4632,8,6.2,-1.18,1,21,0.6999,1
0.7562,3,0.1579,1,0,1,0.2797,0,5.71,-0.46,0,0,0.5518,0
0.9283,0,0.0,0,0,3,0.6431,1,8.67,-1.3,1,35,0.4562,1
0.9812,0,0.0,0,0,1,0.0998,0,8.45,0.57,0,0,0.3307,0
0.6184,4,0.1818,0,3,17,0.5275,1,5.07,-1.63,0,0,0.2342,1
0.7505,1,0.125,1,0,2,0.4912,2,8.43,-1.58,0,0,0.2442,0
0.8339,1,0.0833,0,0,6,0.163,0,8.11,-0.81,0,0,0.2461,1
0.907,2,0.0741,1,1,2,0.45,2,6.99,-0.32,1,9,0.5394,1
0.6745,1,0.1429,0,0,19,0.3852,0,4.41,-1.44,0,0,0.6117,0
0.7914,1,0.0909,1,1,1,0.3409,0,7.13,-1.84,0,0,0.4198,1
0.879,2,0.1111,0,1,14,0.0215,0,8.98,-0.26,0,0,0.4641,0
0.8636,1,0.0667,0,1,15,0.3931,1,6.58,-0.78,0,0,0.6277,1
0.9007,1,0.0476,0,0,1,0.1717,0,6.45,-0.47,0,0,0.4319,0
1.0,0,0.0,0,0,1,0.3233,0,9.2,-1.07,1,28,0.3136,0
0.8542,3,0.1304,1,2,18,0.0732,0,7.7,0.26,0,0,0.7173,1
0.9149,1,0.0526,0,0,0,0.0277,0,9.55,0.09,0,0,0.7845,0
0.6943,5,0.2083,0,0,2,0.8493,2,5.42,-3.49,1,28,0.3628,1
0.8479,3,0.1034,0,2,16,0.3103,0,7.55,-1.23,0,0,0.6452,1
0.8619,2,0.0714,0,0,11,0.0371,0,9.58,-1.0,0,0,0.4498,0
0.5469,5,0.2632,0,2,18,0.4464,2,3.73,-1.55,1,15,0.4204,1
0.7233,3,0.1364,1,1,14,0.4336,2,5.46,-1.37,0,0,0.3413,1
0.5905,4,0.2667,2,4,13,0.7979,1,2.42,-1.11,1,15,0.5986,1
0.8212,2,0.1667,0,0,8,0.1427,0,7.94,0.16,1,15,0.2441,1
0.8587,2,0.1053,1,1,6,0.3227,3,6.62,0.28,0,0,0.5087,1
0.9919,0,0.0,0,0,2,0.1493,2,7.43,-0.52,0,0,0.5505,0
0.9188,1,0.0556,0,1,3,0.3528,1,5.97,-0.7,0,0,0.4732,0
0.8861,1,0.0833,0,0,19,0.1782,0,6.74,-0.34,0,0,0.4183,0
0.9541,0,0.0,1,0,0,0.22,0,8.45,-0.6,0,0,0.7728,0
0.4235,2,0.3333,1,1,17,0.5255,0,5.02,-2.18,0,0,0.7459,1
0.7902,4,0.16,2,0,6,0.1429,2,7.54,-0.53,0,0,0.7411,0
0.9411,1,0.04,0,0,0,0.028,0,9.49,-0.66,0,0,0.5135,0
0.8888,1,0.0526,2,1,7,0.2567,0,6.12,-0.9,1,17,0.3477,0
0.97,1,0.0357,0,0,2,0.3711,2,8.3,0.05,0,0,0.673,1
0.9116,1,0.0714,0,0,0,0.1517,0,6.23,-0.79,1,42,0.5355,1
0.849,1,0.1,1,1,13,0.78,0,3.47,-0.51,0,0,0.5766,1
0.7516,2,0.1429,1,1,7,0.0827,0,7.71,-0.6,1,10,0.4624,0
0.9497,0,0.0,1,0,0,0.013,0,7.94,-0.46,0,0,0.4886,0
0.8091,2,0.125,0,2,9,0.4365,1,6.32,-1.4,0,0,0.2507,0
0.6807,2,0.2857,0,1,11,0.3457,1,5.27,-0.43,0,0,0.4429,1
0.9684,0,0.0,0,0,1,0.1177,0,8.78,-0.95,0,0,0.3705,0
0.749,2,0.1176,0,0,5,0.5706,1,5.83,-1.11,0,0,0.4377,0
0.9129,2,0.0667,0,0,2,0.2053,1,9.0,-0.29,0,0,0.0997,0
0.2875,3,0.3,0,0,13,0.7107,2,3.85,-1.29,1,3,0.6114,1
0.8568,2,0.0909,1,2,14,0.2663,0,7.74,-0.44,0,0,0.6062,1
0.6231,3,0.3,3,3,8,0.3514,0,6.67,-0.97,0,0,0.7217,1
0.6526,4,0.2353,0,1,1,0.2363,0,7.69,-1.54,0,0,0.7247,1
0.3277,4,0.4,1,4,9,0.8427,3,3.11,-1.8,0,0,0.2043,1
0.4348,6,0.4615,2,6,4,0.4306,2,2.6,-1.07,1,33,0.6888,1
0.7503,5,0.2273,1,2,4,0.3032,1,5.77,-0.48,0,0,0.2553,0
0.74,1,0.1667,2,1,13,0.3481,1,5.8,-1.01,1,21,0.7849,1
0.9671,1,0.0385,1,0,3,0.4041,1,9.24,-0.89,0,0,0.7294,0
0.8441,1,0.25,0,1,2,0.3105,1,7.0,-0.2,1,14,0.4096,0
0.5552,4,0.25,0,0,11,0.1031,0,4.57,-0.09,1,24,0.2452,1
0.8695,1,0.1,0,1,20,0.3436,1,3.64,0.34,0,0,0.6839,0
0.0968,11,0.8462,2,1,19,0.7987,0,0.5,-2.46,0,0,0.4306,1
0.683,3,0.1875,1,0,16,0.3765,0,5.87,-0.23,1,38,0.5858,1
0.7649,2,0.1429,3,2,9,0.179,0,6.46,-0.86,0,0,0.6277,1
0.7413,4,0.1739,2,2,15,0.8476,2,4.51,-1.61,1,3,0.6399,1
0.5481,2,0.25,1,1,2,0.8231,2,3.57,-1.71,0,0,0.3938,1
0.6961,1,0.2,2,1,12,0.2834,1,4.44,-1.52,1,28,0.7132,1
0.946,0,0.0,0,0,2,0.0437,0,7.58,-0.91,1,23,0.2816,0
0.7223,2,0.1667,0,0,7,0.265,5,5.87,-0.47,0,0,0.4449,1
0.3994,16,0.5517,0,11,1,0.6326,0,3.2,-1.51,1,42,0.7796,1
0.9056,1,0.0769,0,0,1,0.0157,0,7.95,-0.24,0,0,0.4641,0
0.4913,2,0.2222,2,1,19,0.6501,3,2.03,-0.91,0,0,0.6252,1
0.7667,2,0.1818,0,1,11,0.4871,2,7.0,-1.61,0,0,0.4043,0
0.628,9,0.3214,1,6,19,0.1953,0,7.05,-1.1,0,0,0.4754,1
0.9624,0,0.0,1,0,1,0.22,1,8.43,0.04,0,0,0.7901,0
0.8894,1,0.0667,1,1,12,0.3448,1,7.03,-0.61,0,0,0.4476,0
0.6084,4,0.1818,0,0,20,0.4325,1,7.46,-1.96,0,0,0.8097,1
0.9104,1,0.0588,2,1,3,0.2421,1,5.21,-0.35,0,0,0.3274,1
0.6853,3,0.1875,1,1,17,0.6132,0,4.1,-1.25,1,26,0.2188,1
0.7862,4,0.1538,2,2,5,0.4057,1,4.98,-0.63,1,26,0.6705,1
0.7897,3,0.1111,4,1,8,0.0551,0,7.0,-0.93,0,0,0.5091,0
0.5388,9,0.4091,0,6,8,0.4413,0,6.37,-1.66,1,42,0.4932,1
0.9563,0,0.0,0,0,3,0.4058,2,5.76,-1.12,0,0,0.5737,1
0.7058,2,0.125,2,0,11,0.4799,3,5.51,-1.22,0,0,0.1301,0
0.9416,1,0.0333,1,0,1,0.0444,0,7.44,0.09,0,0,0.3532,0
0.8765,2,0.0833,2,2,2,0.1876,0,7.75,-0.9,0,0,0.5423,1
0.5934,4,0.2,0,3,20,0.5433,2,6.89,-1.92,0,0,0.1224,1
0.7751,3,0.1579,1,3,17,0.0873,1,6.18,-0.21,1,1,0.3986,1
0.8926,1,0.0588,0,1,18,0.313,0,7.13,-0.85,0,0,0.4787,0
0.9383,0,0.0,0,0,2,0.0338,0,7.29,0.25,1,8,0.8053,0
0.7259,2,0.1818,0,0,17,0.4984,4,6.24,-0.82,0,0,0.5666,0
0.8621,2,0.1,0,1,14,0.2236,0,6.4,-1.16,0,0,0.3124,0
0.6873,1,0.25,0,1,11,0.212,1,5.95,-0.31,0,0,0.5077,0
0.7175,5,0.2381,0,3,18,0.05,0,5.73,-1.48,0,0,0.3308,0
0.75,3,0.1111,1,2,20,0.3593,1,6.62,-0.32,1,30,0.2724,1
0.767,2,0.1333,1,0,18,0.0976,0,5.39,-0.06,0,0,0.3503,0
0.9942,0,0.0,0,0,3,0.0865,0,9.15,0.01,0,0,0.6877,0
0.7398,3,0.2143,1,1,13,0.347,3,6.8,-1.06,0,0,0.6258,1
0.8855,2,0.0833,0,2,13,0.3276,3,6.64,-0.41,1,21,0.7042,1
0.9004,1,0.125,0,1,0,0.0653,0,9.04,-0.33,0,0,0.5071,0
0.603,3,0.2,2,2,5,0.5182,4,7.0,-1.32,1,37,0.3012,1
0.8795,0,0.0,0,0,14,0.5837,2,7.02,-1.16,0,0,0.8333,1
0.6206,4,0.2667,1,3,10,0.5352,1,3.75,-2.29,1,40,0.7795,1
0.6398,2,0.1333,0,0,19,0.62,3,5.96,-1.55,0,0,0.4398,0
0.8909,1,0.0769,0,0,19,0.2417,1,7.68,-0.42,0,0,0.4972,1
0.9191,2,0.0769,1,1,1,0.0273,0,6.88,0.34,0,0,0.7285,0
0.7031,7,0.2333,1,1,20,0.1408,0,6.6,-1.0,0,0,0.3214,1
0.9399,1,0.0435,0,0,1,0.1376,0,8.22,0.41,0,0,0.209,0
0.9349,0,0.0,0,0,2,0.1813,0,7.12,-0.33,0,0,0.3475,0
0.7775,1,0.125,1,0,10,0.6772,3,5.74,-1.99,0,0,0.8861,1
0.7318,1,0.1429,0,1,4,0.2225,2,9.17,-1.76,0,0,0.7765,0
0.5181,3,0.2727,1,1,13,0.6206,3,5.35,-2.46,0,0,0.6888,1
0.9125,1,0.0833,1,0,1,0.4372,2,6.06,-1.29,1,21,0.4641,1
0.9356,1,0.0417,0,1,1,0.0301,0,10.0,-0.07,0,0,0.7402,0
0.8531,1,0.0833,1,0,2,0.3871,4,6.38,-0.35,0,0,0.6001,1
0.9493,1,0.0357,0,1,1,0.0329,0,7.2,0.36,0,0,0.2449,0
0.9813,0,0.0,0,0,2,0.0087,0,7.34,-0.22,0,0,0.7656,0
0.6739,2,0.1818,0,0,17,0.4688,1,7.43,-0.6,1,19,0.5566,0
0.7248,1,0.1429,0,1,2,0.4455,1,6.96,-1.52,0,0,0.6015,1
0.4338,9,0.4737,1,6,14,0.8127,5,4.07,-2.24,0,0,0.1798,1
0.6815,4,0.2857,1,3,4,0.6216,0,7.41,-1.47,0,0,0.7041,1
0.8156,1,0.1429,0,1,16,0.2188,1,5.55,-0.7,0,0,0.8816,0
0.5823,8,0.2857,1,6,3,0.4737,1,3.3,-1.92,0,0,0.2683,1
0.9438,1,0.037,0,1,3,0.1675,0,9.21,-0.64,0,0,0.2024,0
0.8013,1,0.1429,1,1,15,0.17,0,6.52,0.16,0,0,0.7976,1
0.8889,1,0.0556,0,1,17,0.1455,0,7.76,0.31,0,0,0.2907,0
0.3809,4,0.5714,0,2,20,0.5775,3,6.5,-1.27,0,0,0.5605,1
0.7892,2,0.1429,3,1,4,0.2837,2,4.72,-0.61,1,8,0.6178,0
0.9243,1,0.0435,0,0,2,0.0332,0,7.02,-0.28,0,0,0.3873,0
0.6356,4,0.1818,0,3,2,0.3434,1,4.41,-0.93,0,0,0.5388,1
0.74,1,0.1667,0,0,8,0.531,2,7.75,-1.45,0,0,0.5137,1
0.8769,1,0.0588,1,0,17,0.4396,0,6.85,-1.49,1,2,0.498,0
0.7318,3,0.1875,1,3,18,0.1908,0,7.58,-0.78,0,0,0.2523,1
0.7827,4,0.1429,1,2,5,0.2971,1,6.59,-0.92,1,14,0.4035,1
0.2422,6,0.4286,1,3,12,0.7163,3,4.64,-2.15,1,43,0.3224,1
0.8614,2,0.087,1,0,15,0.6186,2,7.89,-0.96,1,30,0.5386,0
0.88,2,0.0714,0,0,6,0.6518,1,1.72,-1.46,0,0,0.7506,1
0.9215,2,0.08,0,1,0,0.3369,2,6.95,-0.23,0,0,0.2257,0
0.917,2,0.0714,0,0,3,0.3535,0,7.38,-0.33,0,0,0.7735,1
0.8237,2,0.1176,1,2,6,0.2927,3,8.58,-1.07,1,14,0.4095,0
0.7685,2,0.0952,1,0,17,0.6733,0,4.42,-1.58,0,0,0.3582,1
0.733,2,0.1818,0,0,20,0.0649,2,7.27,-0.54,0,0,0.7534,0
0.7744,2,0.1111,1,2,18,0.3231,1,5.57,-0.63,0,0,0.3922,1
0.7838,2,0.1429,0,1,9,0.45,1,7.21,-0.69,1,10,0.4524,1
0.8357,2,0.1,0,2,16,0.2238,0,7.6,-0.63,0,0,0.1701,1
0.9304,1,0.0333,2,0,0,0.07,0,7.93,0.08,0,0,0.2364,0
0.7693,2,0.1818,0,2,2,0.2275,0,6.73,-1.87,0,0,0.2316,1
0.9842,0,0.0,0,0,0,0.0305,0,8.9,-0.07,0,0,0.5293,0
0.6515,4,0.2105,0,2,19,0.5086,1,6.24,-0.74,1,45,0.5905,1
0.8794,1,0.0769,1,0,19,0.2585,1,8.02,-0.46,0,0,0.4269,0
0.9427,1,0.0476,0,1,1,0.0625,0,7.67,-0.35,0,0,0.8842,0
0.9453,0,0.0,0,0,0,0.0125,1,7.97,0.9,0,0,0.4601,0
0.9891,0,0.0,0,0,0,0.0001,0,8.25,0.1,0,0,0.3884,0
0.9525,0,0.0,0,0,1,0.1285,0,7.87,0.12,0,0,0.6035,0
0.9511,1,0.0357,0,0,3,0.1305,1,7.11,-0.57,0,0,0.4021,1
0.9449,1,0.05,0,0,1,0.22,2,8.14,-1.24,0,0,0.518,1
0.7066,4,0.1739,3,3,14,0.4995,2,4.61,-0.64,0,0,0.4485,1
0.7057,6,0.2308,0,3,11,0.6972,1,6.23,-0.95,1,32,0.6263,1
0.9396,1,0.0526,0,0,1,0.0695,0,6.26,0.65,0,0,0.5425,0
0.6851,2,0.3333,0,1,9,0.3632,2,7.49,-1.39,0,0,0.0533,0
0.7036,3,0.2308,0,1,10,0.7266,1,6.06,-1.12,0,0,0.7267,1
0.6805,2,0.2222,3,1,17,0.1641,0,6.77,0.04,0,0,0.3643,0
0.7095,2,0.3333,1,1,6,0.206,0,6.97,-0.7,0,0,0.5531,0
0.851,3,0.125,1,3,18,0.2577,1,6.14,0.65,0,0,0.3609,1
0.8533,3,0.1304,1,0,14,0.3985,1,7.27,-0.36,0,0,0.6157,0
0.6572,4,0.25,0,3,7,0.5695,2,6.67,-0.71,1,34,0.3724,1
0.6094,4,0.25,3,2,5,0.8057,2,5.53,-3.17,1,6,0.4308,1
0.7666,2,0.1333,0,1,5,0.2606,1,7.68,-0.82,1,19,0.3593,0
0.9494,0,0.0,0,0,0,0.1044,0,8.27,-0.09,0,0,0.4858,0
0.9046,0,0.0,0,0,0,0.2001,0,5.82,-0.03,1,2,0.5498,0
0.6123,5,0.3571,1,4,13,0.4272,2,8.13,-1.03,0,0,0.7691,1
0.9301,1,0.0417,0,1,3,0.133,0,8.09,-0.31,0,0,0.4801,0
0.8091,4,0.16,0,3,1,0.2349,1,6.5,0.48,0,0,0.2192,1
0.4816,2,0.5,1,0,18,0.6909,0,7.0,-1.45,0,0,0.3532,0
0.7652,4,0.1429,0,3,13,0.62,4,5.4,-2.25,0,0,0.5429,1
0.7392,2,0.1429,1,1,16,0.1828,3,7.44,-0.87,0,0,0.6971,1
0.7288,1,0.2,2,0,14,0.3117,1,6.82,-0.74,1,13,0.4342,1
0.9156,2,0.087,0,2,3,0.0936,0,8.85,-0.08,0,0,0.2708,0
0.8706,2,0.08,1,1,1,0.2295,1,9.07,-0.32,1,28,0.3358,0
0.8783,2,0.08,0,2,20,0.113,0,7.53,-0.24,0,0,0.1921,0
0.8226,1,0.1667,1,1,2,0.2044,0,5.98,-0.65,1,27,0.5249,0
0.8858,0,0.0,0,0,7,0.2571,2,4.88,-0.12,0,0,0.3624,1
0.8952,1,0.0476,0,1,9,0.22,0,8.01,-0.4,0,0,0.6513,0
0.5338,9,0.3,1,6,15,0.3969,1,5.26,-0.85,0,0,0.5734,1
0.7578,6,0.2069,1,3,18,0.1199,0,4.17,-0.68,0,0,0.7082,1
0.7035,1,0.1429,0,0,4,0.1943,0,7.4,-0.53,0,0,0.1351,0
0.928,0,0.0,1,0,2,0.025,0,9.04,-0.02,0,0,0.0657,0
0.6954,5,0.1852,0,1,6,0.2297,1,6.61,-0.79,0,0,0.4614,1
0.8728,1,0.0769,0,1,20,0.4303,1,6.97,-1.33,1,5,0.3382,1
0.9404,1,0.037,0,0,0,0.0954,0,8.65,0.07,0,0,0.4564,0
0.6821,2,0.2222,0,1,1,0.2108,1,6.89,-1.24,1,37,0.5884,1
0.8848,2,0.1,1,2,12,0.0683,0,7.54,-0.01,0,0,0.5411,0
0.98,0,0.0,0,0,1,0.5949,1,5.15,-1.38,0,0,0.6539,1
0.4346,13,0.52,1,5,3,0.8462,5,4.21,-1.57,0,0,0.5399,0
0.7878,2,0.1333,3,2,15,0.5352,1,5.48,-0.53,0,0,0.6277,1
0.7503,3,0.1667,2,3,20,0.3038,1,5.9,-0.67,1,8,0.4302,1
0.8601,3,0.1071,0,2,6,0.3962,2,4.85,-1.82,0,0,0.4357,1
0.3765,8,0.2759,2,4,1,0.5143,2,2.76,-1.16,0,0,0.817,1
0.7951,3,0.2143,1,2,1,0.3199,0,8.05,-0.3,0,0,0.3483,1
0.8345,1,0.0909,1,0,7,0.2715,0,5.66,-1.31,0,0,0.3042,0
0.9093,2,0.0952,0,0,3,0.0498,1,8.3,0.42,0,0,0.6006,0
0.9642,0,0.0,0,0,2,0.4396,0,7.14,-0.77,1,32,0.2278,1
0.7086,7,0.2414,0,1,13,0.5258,1,4.27,-0.56,0,0,0.678,1
0.9191,0,0.0,0,0,2,0.2862,1,3.99,-1.23,1,10,0.5952,1
0.7433,6,0.2069,3,2,11,0.376,0,8.28,-1.56,1,35,0.5312,1
0.56,4,0.4,2,3,15,0.5483,1,5.88,-0.77,1,14,0.7237,1
0.7537,1,0.25,0,0,15,0.4324,1,8.02,-1.61,0,0,0.1599,0
0.948,0,0.0,0,0,1,0.0408,0,8.31,0.45,0,0,0.3044,0
0.6752,4,0.2353,0,1,16,0.3124,2,6.74,-0.43,0,0,0.3693,0
0.8235,3,0.15,1,2,5,0.1167,1,6.09,0.1,0,0,0.3567,1
0.4552,9,0.3333,1,6,14,0.7482,1,6.16,-1.42,0,0,0.8735,1
0.7136,3,0.1304,2,2,18,0.2318,0,4.61,-1.13,0,0,0.53,1
0.8471,3,0.1034,1,1,11,0.2469,0,7.35,-0.45,0,0,0.6877,1
0.4151,9,0.4737,4,9,15,0.8697,4,7.04,-1.73,0,0,0.8768,1
0.8375,1,0.1667,1,0,5,0.1223,0,7.53,0.04,1,9,0.3617,1
0.8826,1,0.05,0,1,18,0.1999,0,6.77,-1.03,0,0,0.3688,0
0.8491,2,0.125,0,0,18,0.3238,1,7.16,0.12,0,0,0.3221,0
0.9439,1,0.037,0,0,0,0.1485,1,8.03,-0.43,0,0,0.2635,0
0.8497,1,0.0556,2,1,18,0.2105,2,8.0,-0.68,0,0,0.6632,0
0.9257,0,0.0,0,0,3,0.367,2,7.79,-0.45,1,23,0.5822,0
0.8329,3,0.1304,1,3,14,0.1823,0,6.24,-0.72,0,0,0.6629,1
0.7542,2,0.2222,1,0,1,0.1104,0,6.01,-0.74,1,11,0.7374,0
0.8448,2,0.125,0,0,20,0.1809,0,6.38,0.11,0,0,0.91,0
0.9029,1,0.0556,0,0,1,0.0597,1,6.75,0.48,0,0,0.272,0
0.4985,7,0.4375,0,6,20,0.6652,0,5.96,-2.24,1,25,0.747,1
0.8509,1,0.0526,1,0,16,0.1335,0,8.17,-0.12,0,0,0.5668,0
0.7577,1,0.1429,0,1,16,0.3894,2,7.4,-1.27,1,30,0.2613,1
0.9243,1,0.0455,0,1,2,0.1249,1,8.41,-0.27,0,0,0.6642,0
0.6581,6,0.2727,3,5,20,0.2315,0,7.72,-0.92,0,0,0.7728,0
0.8073,3,0.125,1,1,4,0.0569,0,4.8,-0.93,1,22,0.7591,0
0.8128,2,0.1053,0,2,4,0.244,0,6.95,-0.64,1,42,0.4187,1
0.8597,0,0.0,0,0,17,0.0923,0,7.13,-0.36,0,0,0.5452,0
0.7561,2,0.1,2,2,2,0.25,0,8.12,-1.07,0,0,0.3454,0
0.7936,2,0.0952,0,2,17,0.2652,0,7.34,-1.32,0,0,0.478,0
0.6264,4,0.1667,2,3,17,0.3891,0,5.12,-0.89,0,0,0.7095,1
0.8468,3,0.1071,0,0,14,0.4192,1,5.99,-0.85,1,32,0.3111,0
0.9177,1,0.0909,0,0,3,0.2779,0,5.46,0.21,1,8,0.2844,1
0.8537,1,0.0769,0,1,18,0.4281,5,5.17,-0.13,0,0,0.2575,1
0.7981,4,0.1379,1,1,10,0.5114,1,4.81,-1.52,0,0,0.5185,1
0.6033,9,0.3,3,4,11,0.3339,1,5.35,-0.7,0,0,0.5153,1
0.9211,1,0.0417,0,0,2,0.1103,0,8.31,0.43,0,0,0.2602,0
0.9697,0,0.0,0,0,3,0.0791,0,9.15,0.3,1,43,0.5261,0
0.2725,6,0.375,0,0,1,0.7392,1,4.52,-1.92,0,0,0.6315,1
0.995,0,0.0,0,0,3,0.2147,0,9.06,-0.9,0,0,0.7149,0
0.8089,2,0.1111,0,0,4,0.3351,0,5.67,-1.48,0,0,0.2532,0
0.9516,1,0.0476,0,0,3,0.0475,0,7.37,-0.02,0,0,0.0898,0
0.722,1,0.125,1,1,14,0.5513,0,6.79,-1.87,1,40,0.3933,0
0.6998,2,0.1818,0,0,2,0.3516,2,5.14,-1.05,1,17,0.3471,1
0.8464,2,0.0714,1,0,20,0.1851,0,8.51,0.13,0,0,0.3743,1
0.8073,1,0.1667,1,0,8,0.5346,0,4.0,-1.16,0,0,0.6789,1
0.8933,1,0.125,0,0,2,0.1541,0,8.83,-0.21,0,0,0.232,0
0.9291,1,0.037,0,1,2,0.1066,0,9.03,-0.38,0,0,0.2989,0
1.0,0,0.0,0,0,0,0.0375,0,7.32,-0.22,0,0,0.3377,0
0.4608,12,0.4286,2,4,20,0.528,1,6.13,-0.79,0,0,0.6434,1
0.9703,1,0.0345,0,0,2,0.0393,0,7.79,-0.12,0,0,0.4493,1
0.9306,0,0.0,0,0,1,0.0372,0,7.61,-0.22,0,0,0.7288,0
0.9478,1,0.0333,0,0,2,0.0821,0,8.95,-0.03,0,0,0.3889,0
0.7761,2,0.1429,2,1,18,0.371,1,5.94,-1.23,0,0,0.4228,1
0.7918,5,0.1923,0,0,18,0.7514,2,7.0,-1.49,0,0,0.1261,1
0.8704,0,0.0,0,0,12,0.023,0,6.22,-0.36,0,0,0.3816,0
0.8016,4,0.1538,0,3,17,0.2861,3,5.82,-0.07,0,0,0.627,1
0.9602,0,0.0,0,0,3,0.1258,1,6.88,0.05,0,0,0.8814,0
0.8128,1,0.2,2,0,19,0.4821,1,6.11,-0.59,0,0,0.7549,1
0.84,2,0.0909,0,0,11,0.0398,0,8.19,0.01,0,0,0.2805,0
0.8133,2,0.1333,1,0,20,0.096,1,5.76,-0.2,1,27,0.4563,0
0.8042,3,0.125,0,0,18,0.4411,1,5.66,-0.93,0,0,0.1901,0
0.8369,2,0.0952,1,2,7,0.2914,0,7.81,0.41,0,0,0.354,0
0.752,2,0.1176,0,2,13,0.3664,4,5.97,-0.86,1,22,0.335,1
0.4604,4,0.4,0,2,5,0.2195,1,4.39,-1.02,0,0,0.392,1
0.7512,4,0.1481,1,2,12,0.3864,0,4.58,-1.14,0,0,0.3805,1
0.9077,1,0.0769,0,0,1,0.2644,0,8.12,-1.01,0,0,0.4799,1
0.4928,8,0.381,1,5,11,0.3719,1,6.6,-1.35,0,0,0.6528,1
0.9299,0,0.0,0,0,3,0.3465,1,7.88,-0.7,0,0,0.6549,0
0.7649,3,0.12,0,1,10,0.3327,1,4.95,-1.14,0,0,0.9267,0
0.8795,2,0.0952,0,2,19,0.517,1,7.53,-0.04,1,4,0.6143,1
0.9956,0,0.0,0,0,0,0.0414,0,10.0,-0.26,0,0,0.4839,0
0.7727,2,0.1429,1,2,4,0.2364,0,8.14,-0.2,0,0,0.558,0
0.9415,0,0.0,0,0,2,0.3258,0,7.42,-1.03,0,0,0.4441,1
0.5026,7,0.2692,1,4,10,0.5642,2,4.56,-1.38,0,0,0.405,1
0.983,0,0.0,0,0,0,0.4048,0,7.95,-1.4,0,0,0.7723,0
0.76,1,0.2,0,0,5,0.1751,1,7.3,-0.55,0,0,0.3265,0
0.8078,3,0.12,0,2,3,0.1648,1,6.5,-1.52,0,0,0.4497,0
0.8269,2,0.1111,1,1,13,0.3051,1,7.1,-0.91,0,0,0.4003,0
0.7065,5,0.1724,0,1,9,0.3863,1,6.81,-0.72,0,0,0.6508,1
0.4228,5,0.3333,5,3,7,0.7155,2,6.66,-1.38,0,0,0.8443,1
0.657,3,0.1765,2,0,18,0.2099,2,7.06,-0.93,0,0,0.5966,1
0.8755,2,0.0952,0,1,4,0.6702,1,5.6,-0.42,0,0,0.4382,1
0.6868,1,0.25,2,1,15,0.4331,2,6.78,-1.92,1,9,0.5051,1
0.7386,3,0.1364,0,0,4,0.1339,0,7.39,-0.32,0,0,0.0888,0
0.6442,4,0.2353,2,1,19,0.3979,0,3.82,-0.88,1,29,0.7605,1
0.9634,0,0.0,0,0,2,0.2962,0,8.16,-1.16,0,0,0.4006,1
0.9741,0,0.0,0,0,2,0.1641,1,8.52,-0.05,0,0,0.6506,0
0.7096,3,0.1429,2,3,15,0.8574,3,7.45,-0.81,0,0,0.6956,1
0.9418,1,0.0476,0,1,1,0.1648,0,7.98,-0.31,0,0,0.5511,0
0.9371,1,0.0455,0,1,0,0.066,0,7.91,0.01,0,0,0.1948,0
0.8675,2,0.0667,0,2,5,0.1374,0,7.44,0.6,0,0,0.1599,0
0.7658,2,0.0909,0,2,16,0.3983,1,6.78,-0.37,0,0,0.6999,0
0.7237,3,0.2,0,0,5,0.129,0,6.66,-1.22,0,0,0.5995,0
0.737,2,0.2857,0,2,20,0.4444,1,5.74,-0.95,0,0,0.7788,1
1.0,0,0.0,0,0,1,0.1826,0,9.23,-0.14,0,0,0.6191,0
0.9768,0,0.0,1,0,0,0.0265,0,9.16,0.36,0,0,0.6773,0
0.8961,2,0.0667,1,1,7,0.45,0,6.86,-0.71,0,0,0.4916,0
0.8388,3,0.15,1,1,7,0.7505,3,4.94,-0.94,1,39,0.719,1
0.5177,2,0.3333,1,1,5,0.6986,1,6.55,-1.71,1,32,0.8198,1
0.9741,0,0.0,1,0,0,0.1914,0,8.03,-0.62,0,0,0.6124,1
0.549,3,0.4286,1,1,15,0.4336,0,2.72,-1.83,0,0,0.1372,1
0.8598,3,0.1034,0,1,14,0.5543,0,7.74,-0.33,0,0,0.7365,1
0.7044,2,0.25,0,2,4,0.1298,0,5.26,-0.69,1,44,0.6826,1
0.797,2,0.1053,1,1,2,0.0562,0,6.81,0.34,1,39,0.5552,0
0.7113,1,0.2,1,0,10,0.6738,3,4.74,-1.2,0,0,0.6353,1
0.8636,1,0.1111,0,1,16,0.4218,1,7.96,-1.59,0,0,0.5281,0
0.9221,1,0.0417,0,0,1,0.0087,0,9.09,-0.29,1,9,0.5637,0
0.7479,2,0.1111,0,0,3,0.2224,4,7.59,-1.66,0,0,0.515,0
0.6895,1,0.25,1,0,2,0.3688,2,4.96,-0.81,1,10,0.4398,1
0.6984,6,0.24,1,3,14,0.3441,2,7.65,-0.81,1,23,0.7662,1
0.4421,6,0.375,0,4,8,0.135,0,6.74,-0.61,1,6,0.4647,1
0.6289,7,0.28,2,3,11,0.4018,2,2.93,-0.3,0,0,0.7012,1
0.9676,0,0.0,0,0,0,0.0826,0,7.29,0.46,0,0,0.3729,0
0.6576,4,0.1538,1,1,13,0.2749,1,6.47,-1.67,0,0,0.5226,0
0.7772,5,0.1923,0,1,12,0.2235,0,7.23,0.11,0,0,0.4552,0
0.8685,1,0.1,1,0,18,0.5447,3,2.13,-1.51,1,43,0.6304,1
0.6505,5,0.1852,0,3,14,0.343,4,2.98,-0.92,0,0,0.7434,1
0.8678,3,0.1304,0,2,6,0.1012,2,8.53,0.12,0,0,0.4491,0
0.8192,2,0.087,1,1,14,0.4367,1,6.45,-0.43,1,37,0.2339,1
0.9773,0,0.0,0,0,3,0.016,0,7.75,0.39,0,0,0.6151,0
0.8884,2,0.125,0,1,10,0.0576,0,9.32,0.05,0,0,0.0939,0
0.9699,0,0.0,0,0,1,0.0249,0,8.08,-0.25,0,0,0.2332,0
0.762,2,0.1333,1,0,10,0.5334,2,7.34,-1.04,0,0,0.7246,0
1.0,0,0.0,0,0,0,0.0637,0,9.36,0.07,0,0,0.254,0
0.939,1,0.037,1,1,1,0.4169,4,4.42,-0.68,1,10,0.7057,1
0.9617,0,0.0,0,0,0,0.3024,1,5.5,-0.9,0,0,0.5921,0
0.6298,10,0.3333,2,4,6,0.5692,1,5.62,-1.31,1,42,0.7217,1
0.9623,0,0.0,0,0,0,0.5026,3,6.12,-0.43,0,0,0.7201,0
0.7213,3,0.1875,1,0,17,0.2137,2,6.72,-0.73,0,0,0.4215,1
0.5318,9,0.3103,1,1,12,0.328,1,3.9,-1.08,0,0,0.3177,1
0.871,3,0.1034,3,2,6,0.341,1,5.24,-0.75,0,0,0.6447,0
0.6378,7,0.3043,0,5,5,0.3658,1,5.22,-0.98,1,29,0.2575,1
0.7119,3,0.25,1,0,11,0.0878,0,6.76,-0.19,0,0,0.233,1
0.8022,1,0.1,1,0,6,0.1808,1,6.59,-0.47,0,0,0.5554,0
0.7815,3,0.2143,1,3,18,0.189,1,8.07,-1.54,0,0,0.3196,1
0.7118,4,0.2105,1,0,17,0.1409,0,6.24,-0.67,0,0,0.3977,0
0.7366,2,0.2,0,2,10,0.0392,0,9.75,-0.58,0,0,0.6035,1
0.9665,0,0.0,0,0,3,0.337,1,4.51,-0.7,1,34,0.7427,1
0.8197,1,0.1111,0,1,16,0.2959,4,5.61,-0.82,0,0,0.5139,0
0.8552,2,0.0769,1,0,16,0.1223,1,8.49,-0.33,0,0,0.3685,0
0.9628,1,0.0357,1,0,1,0.0233,0,8.09,0.1,0,0,0.2949,1
0.6483,7,0.2414,0,4,14,0.1171,0,5.74,-0.26,0,0,0.6246,1
0.6373,6,0.25,1,6,11,0.8226,2,4.66,-1.88,1,25,0.4805,1
0.7481,1,0.1667,0,1,2,0.1237,1,4.58,-0.53,1,21,0.4406,0
0.5784,7,0.3043,0,0,17,0.5253,1,7.28,-0.92,1,34,0.5437,1
0.714,1,0.1429,1,0,5,0.3167,0,4.63,-0.6,0,0,0.4076,0
0.6502,5,0.2632,1,2,12,0.2755,0,4.62,-0.99,1,37,0.1314,1
0.9088,1,0.0556,0,0,3,0.3398,0,8.08,-0.85,0,0,0.7511,0
0.8571,2,0.1176,1,1,3,0.1057,1,8.56,-0.66,0,0,0.1963,0
0.6899,3,0.1875,1,3,12,0.386,2,6.17,-0.68,1,11,0.2073,1
0.9298,0,0.0,0,0,1,0.1724,0,9.06,-0.17,0,0,0.7504,0
0.5231,2,0.2857,0,0,18,0.6385,1,3.13,-1.05,0,0,0.5601,1
0.8503,1,0.0833,0,1,5,0.1954,0,7.97,-0.27,0,0,0.5467,0
0.754,4,0.2105,0,3,3,0.2699,1,7.65,-0.64,0,0,0.577,0
0.9445,0,0.0,0,0,1,0.22,0,9.56,0.14,0,0,0.1414,0
0.8637,2,0.1333,0,0,9,0.1347,1,8.15,-0.67,0,0,0.4423,0
0.6219,4,0.25,1,0,18,0.1214,1,6.4,0.38,1,29,0.4981,0
0.7243,2,0.1176,5,0,8,0.5108,1,4.96,-1.2,0,0,0.3687,1
0.9073,1,0.0625,0,1,0,0.0691,0,10.0,-0.42,0,0,0.2358,0
0.8596,1,0.0625,0,0,16,0.7907,5,3.72,-2.26,0,0,0.2239,1
0.917,1,0.0417,0,1,1,0.0673,0,7.57,-0.07,0,0,0.6473,0
1.0,0,0.0,0,0,1,0.0807,0,7.12,-0.3,0,0,0.2809,0
0.5807,3,0.3333,3,1,15,0.3726,2,5.34,-0.81,1,11,0.5624,1
0.8407,2,0.1429,0,2,6,0.3072,1,5.57,-0.91,0,0,0.3276,0
0.7053,7,0.2414,1,4,7,0.4569,3,4.11,-1.45,1,33,0.5944,1
0.8018,5,0.1724,0,3,11,0.4914,2,7.47,-0.41,0,0,0.5046,1
0.6803,2,0.1667,2,0,10,0.2129,1,4.83,-1.18,0,0,0.4843,1
0.8176,2,0.087,0,1,2,0.4148,1,7.82,-0.92,0,0,0.2839,1
0.8833,1,0.0909,0,0,1,0.4537,1,3.6,-1.5,0,0,0.4816,0
0.7603,3,0.1875,0,0,10,0.1566,0,7.2,-0.17,0,0,0.3868,1
0.8628,0,0.0,1,0,19,0.26,1,5.98,-0.67,0,0,0.3638,1
0.6412,5,0.2174,0,3,10,0.2636,0,6.86,-0.25,0,0,0.2055,1
0.9783,0,0.0,0,0,2,0.4855,1,6.94,0.1,0,0,0.6275,1
0.9271,1,0.0667,0,1,3,0.0506,0,7.84,0.43,0,0,0.266,0
0.8212,2,0.1053,1,0,1,0.6205,3,7.74,-1.44,1,36,0.6741,0
0.7078,3,0.2308,1,0,6,0.03,0,6.88,-0.03,0,0,0.3086,0
0.7448,4,0.1905,0,3,14,0.1659,2,7.42,-0.52,0,0,0.5939,1
0.8683,1,0.0769,0,1,7,0.4987,0,8.66,-1.4,0,0,0.2166,1
0.8483,1,0.0714,0,1,7,0.2182,1,7.21,-1.5,0,0,0.3204,0
0.5002,5,0.3333,1,2,11,0.1351,1,5.68,-0.69,1,14,0.376,1
0.8175,2,0.1538,0,1,20,0.4356,0,7.43,0.23,1,21,0.3527,0
0.8585,1,0.125,0,0,19,0.4057,1,6.38,-1.18,1,4,0.5979,0
0.6365,5,0.2083,0,0,7,0.3716,1,5.81,-1.3,0,0,0.3449,1
0.7983,1,0.1667,0,0,5,0.3277,1,6.23,-1.05,0,0,0.477,0
0.8345,2,0.1333,0,0,11,0.45,0,6.43,-1.16,0,0,0.5416,0
0.9308,1,0.0385,0,1,2,0.0907,0,7.83,-0.52,0,0,0.6447,0
0.7571,5,0.1852,0,3,8,0.7778,1,6.36,-1.47,0,0,0.7785,1
0.7581,4,0.1333,1,1,17,0.1679,0,6.07,-0.54,1,8,0.6584,1
0.7987,2,0.1538,2,2,6,0.1037,1,7.62,0.13,0,0,0.8012,1
0.9656,0,0.0,0,0,3,0.2832,0,7.22,0.11,0,0,0.5617,0
0.4371,5,0.4167,1,3,13,0.7088,2,4.25,-1.6,1,45,0.5692,1
0.8002,2,0.125,0,1,4,0.0748,0,8.12,0.45,0,0,0.7927,0
0.4155,4,0.2353,4,4,6,0.3673,2,5.35,-0.52,0,0,0.846,1
0.7578,3,0.1429,2,3,2,0.45,4,7.83,-1.98,0,0,0.297,1
0.8414,2,0.1818,1,1,6,0.2957,0,5.03,-1.3,0,0,0.3502,1
0.5629,6,0.3158,1,0,9,0.183,0,4.62,-1.85,0,0,0.4643,1
0.8603,2,0.1,0,2,3,0.22,0,7.91,-1.42,0,0,0.2103,0
0.8679,1,0.0833,0,1,16,0.4182,2,6.48,-0.44,1,8,0.769,0
0.6153,8,0.2963,1,7,11,0.62,3,7.72,-1.65,0,0,0.5996,1
0.7455,4,0.1333,3,1,19,0.159,0,8.33,-1.33,0,0,0.3422,0
0.833,1,0.1111,1,0,3,0.3393,0,7.26,-0.53,1,19,0.6641,1
0.6981,8,0.2667,1,3,13,0.3903,4,8.37,-0.44,1,11,0.2655,0
0.8748,1,0.1667,0,1,6,0.4115,1,6.09,-1.28,0,0,0.7219,1
0.6937,1,0.1667,0,0,8,0.418,3,4.72,-0.68,1,17,0.2231,1
0.978,0,0.0,0,0,3,0.22,1,7.32,-0.32,0,0,0.398,0
0.9654,0,0.0,0,0,1,0.0663,0,8.94,-0.14,0,0,0.2691,0
0.9229,1,0.0667,0,1,3,0.1843,1,7.32,-0.15,0,0,0.3641,0
1.0,0,0.0,0,0,2,0.1866,0,8.09,-0.47,0,0,0.6927,0
0.5302,4,0.2857,1,4,18,0.2578,1,4.92,-1.19,0,0,0.1439,1
0.5931,3,0.2,1,1,15,0.2809,0,3.6,-1.28,0,0,0.641,1
0.9683,0,0.0,0,0,0,0.0434,0,7.59,0.02,0,0,0.1201,0
0.7984,2,0.1818,0,1,8,0.1667,0,9.36,-0.29,0,0,0.6016,0
0.6778,4,0.1538,0,1,11,0.6411,0,4.97,-1.58,0,0,0.6574,1
0.9251,0,0.0,0,0,1,0.0219,0,8.19,-0.2,0,0,0.176,0
0.9562,1,0.05,0,0,2,0.0356,1,7.93,0.41,0,0,0.4288,0
0.8177,2,0.1111,1,1,19,0.1331,0,6.63,-0.57,0,0,0.5785,0
0.7213,3,0.15,1,1,1,0.3452,0,5.86,-1.59,1,15,0.361,1
0.874,1,0.0833,0,0,4,0.055,0,6.54,-0.41,0,0,0.1265,0
0.9704,0,0.0,0,0,2,0.1115,0,7.12,-1.29,0,0,0.4177,0
0.6099,4,0.2857,0,4,5,0.9416,1,5.63,-2.33,0,0,0.2255,1
0.3663,9,0.3103,1,1,6,0.7869,3,4.45,-1.37,1,36,0.5329,1
0.681,2,0.125,2,0,2,0.7794,1,3.84,-1.56,0,0,0.7147,1
0.9446,1,0.0417,0,0,0,0.0537,0,8.41,-0.61,0,0,0.4664,0
0.8089,1,0.1429,1,1,11,0.6742,1,3.45,-1.02,1,35,0.6258,1
0.4352,6,0.3,0,4,8,0.6238,2,8.0,-1.68,0,0,0.2308,1
0.8364,2,0.1111,1,1,16,0.2203,2,6.1,-1.29,0,0,0.3697,1
0.98,0,0.0,0,0,0,0.5239,2,4.8,-1.48,0,0,0.1566,0
0.5924,8,0.3077,0,7,13,0.1174,0,8.96,-0.92,1,33,0.5694,1
0.7769,1,0.125,0,1,20,0.0945,0,7.38,0.52,0,0,0.7062,1
0.3175,15,0.5769,5,4,15,0.7713,1,4.02,-1.12,1,39,0.5038,1
0.7891,4,0.1538,0,4,2,0.1484,1,7.43,-0.07,0,0,0.072,1
0.8849,2,0.069,0,1,3,0.0514,0,5.99,-0.22,0,0,0.5583,0
0.8069,1,0.1429,0,1,20,0.486,1,5.43,-1.5,1,18,0.1404,1
0.8499,3,0.12,0,3,14,0.0991,1,7.19,-0.77,1,34,0.3894,0
0.6719,1,0.2,0,0,6,0.4544,0,3.05,-2.04,1,20,0.4875,1
0.5151,3,0.2308,2,3,12,0.391,1,3.95,-1.95,0,0,0.6474,1
0.922,1,0.0333,0,1,0,0.1623,0,8.67,-0.59,0,0,0.2364,0
0.9096,1,0.0476,0,1,0,0.0277,0,8.58,-0.4,0,0,0.4022,0
0.5754,7,0.2917,0,5,6,0.5921,0,4.09,-0.88,1,40,0.6053,1
0.8125,2,0.1538,0,0,19,0.2271,1,7.68,0.14,0,0,0.7859,0
0.8744,2,0.0769,0,1,3,0.144,0,7.87,0.44,0,0,0.5439,0
0.4675,2,0.5,4,0,3,0.3929,0,3.26,-0.66,0,0,0.6098,1
0.8766,2,0.125,0,1,10,0.4928,0,5.57,-0.25,0,0,0.3348,0
0.7019,1,0.125,0,1,18,0.6773,2,6.62,-0.51,0,0,0.7315,1
0.5654,4,0.2857,3,4,12,0.6008,2,3.85,-1.03,0,0,0.6634,1
0.8099,2,0.1053,1,0,8,0.3069,1,8.32,0.13,1,44,0.3068,1
0.8755,1,0.1111,1,0,11,0.22,0,7.92,-0.49,0,0,0.2677,0
0.8606,1,0.2,1,0,3,0.0602,0,7.88,-1.0,0,0,0.5469,0
0.6113,8,0.32,0,4,5,0.1029,0,8.18,-1.21,0,0,0.5148,1
0.7646,5,0.2,0,1,19,0.7531,0,6.89,-1.61,0,0,0.1501,1
0.7847,3,0.1579,1,0,1,0.0532,0,7.63,-0.76,1,25,0.2727,1
0.88,1,0.125,0,0,3,0.4071,1,5.96,-0.49,0,0,0.2768,1
0.9448,1,0.0455,0,0,1,0.3934,0,7.15,0.03,1,21,0.2247,0
0.6081,7,0.2414,1,5,1,0.2704,2,4.85,-0.84,1,24,0.8836,1
0.9673,1,0.037,1,1,1,0.0533,0,7.49,0.86,0,0,0.614,0
0.6877,3,0.25,1,1,14,0.5007,1,8.2,-1.44,0,0,0.4503,1
0.9617,0,0.0,0,0,0,0.0926,2,6.7,0.1,0,0,0.1813,0
0.7877,3,0.1579,0,2,10,0.1194,0,7.38,-0.05,0,0,0.5796,1
0.8168,0,0.0,0,0,15,0.1955,0,7.2,0.14,0,0,0.2458,1
0.8744,1,0.05,1,0,14,0.2638,3,4.83,-0.24,1,21,0.3313,1
0.9206,0,0.0,0,0,3,0.145,0,7.74,0.56,0,0,0.4825,0
0.8458,3,0.1,0,2,4,0.1,0,7.0,-0.7,0,0,0.1248,1
0.4973,5,0.2632,2,4,13,0.5267,0,3.6,-2.09,1,37,0.5163,1
0.8254,2,0.087,0,2,18,0.2558,0,7.43,0.22,1,3,0.176,0
0.6141,1,0.125,1,1,2,0.421,2,6.37,-0.74,0,0,0.2003,1
0.9878,0,0.0,1,0,3,0.0099,0,7.98,0.93,0,0,0.342,0
0.6105,2,0.2857,1,2,15,0.4906,4,4.89,-0.59,0,0,0.5386,1
0.7179,3,0.15,0,2,8,0.3046,1,6.9,-1.8,0,0,0.5898,1
0.7973,5,0.1724,0,3,5,0.1854,0,5.9,0.14,1,18,0.7118,1
0.8321,1,0.0625,0,1,19,0.2809,0,8.0,0.17,1,8,0.2847,1
0.5948,9,0.3462,2,6,7,0.1383,1,4.54,-0.86,0,0,0.4431,1
0.886,1,0.0769,1,0,16,0.4991,3,5.01,-1.33,0,0,0.7724,1
1.0,0,0.0,0,0,3,0.1775,0,6.58,0.06,1,26,0.3314,1
0.79,2,0.125,1,1,14,0.2734,1,6.84,-0.64,0,0,0.5533,0
0.9169,2,0.0769,1,2,3,0.0236,0,8.11,-0.45,0,0,0.4764,0
0.7273,3,0.1364,1,1,16,0.254,2,5.58,-0.52,0,0,0.6335,1
0.5084,10,0.3571,3,8,12,0.6408,3,4.38,-1.37,1,17,0.3886,1
0.4065,2,0.5,0,2,10,0.8948,1,5.45,-1.71,0,0,0.0983,1
0.9406,0,0.0,0,0,1,0.0347,0,8.72,-0.34,0,0,0.2474,0
0.7355,1,0.2,1,1,17,0.6063,3,5.42,-1.2,1,26,0.2152,1
0.6819,6,0.2143,0,2,7,0.3078,2,5.34,-0.4,0,0,0.3685,1
1.0,0,0.0,0,0,0,0.0704,0,8.13,-0.15,0,0,0.3631,0
0.8508,1,0.0714,1,1,15,0.5047,0,5.09,-1.16,0,0,0.91,1
0.9285,1,0.125,0,0,3,0.0694,0,7.92,-0.4,0,0,0.5416,0
0.7617,4,0.1905,1,1,1,0.4076,2,7.55,-1.0,1,32,0.2954,1
0.7306,1,0.2,1,0,15,0.3685,3,7.69,-0.92,1,39,0.1708,0
0.7582,1,0.1,0,1,16,0.4165,1,7.88,-0.83,0,0,0.4894,0
0.8917,2,0.0714,0,2,5,0.1478,0,7.2,-0.8,0,0,0.5555,0
0.5863,3,0.2143,1,3,5,0.4249,1,5.83,-1.05,1,17,0.5533,1
0.929,1,0.0588,0,0,2,0.0582,2,7.09,-0.24,0,0,0.4705,0
0.6958,5,0.1786,1,3,9,0.414,2,5.12,-1.02,0,0,0.506,1
0.917,1,0.04,0,1,1,0.4058,0,6.71,-1.62,0,0,0.4577,0
0.6473,4,0.2,1,1,2,0.573,3,8.41,-1.31,0,0,0.4228,1
0.7513,4,0.2353,1,4,4,0.1451,1,5.83,-0.69,0,0,0.5158,0
0.6161,4,0.25,1,4,7,0.1851,0,6.19,-1.44,0,0,0.5152,0
0.6389,1,0.2,1,1,8,0.7073,0,6.39,-1.42,0,0,0.4636,1
0.8643,2,0.1111,0,0,9,0.3243,0,6.38,-0.33,1,9,0.673,0
0.7142,2,0.2,2,0,6,0.478,0,3.93,-1.04,0,0,0.7364,1
1.0,0,0.0,0,0,0,0.06,0,9.63,0.28,0,0,0.3226,0
0.7821,1,0.1111,1,0,3,0.2816,0,6.99,-0.75,1,37,0.5897,0
0.9532,0,0.0,0,0,3,0.0253,0,8.76,-0.32,0,0,0.679,0
0.5205,6,0.2609,3,3,12,0.5766,0,0.94,-0.86,0,0,0.4065,1
0.5063,12,0.4444,1,4,12,0.5301,0,4.45,-1.6,0,0,0.2312,0
0.7719,5,0.2083,2,1,12,0.239,1,7.09,-1.51,0,0,0.3617,1
0.776,3,0.2,1,1,6,0.3549,1,5.62,-1.11,1,8,0.6121,1
0.6516,1,0.2,0,1,10,0.6027,1,4.6,-2.07,0,0,0.1886,1
0.7595,6,0.2143,1,2,3,0.3478,1,9.2,-0.66,0,0,0.6186,0
0.7515,2,0.2,0,2,7,0.1032,1,5.77,-0.24,1,32,0.5832,0
0.8855,0,0.0,0,0,7,0.0953,0,6.41,-0.78,0,0,0.3543,0
0.1631,7,0.5385,3,4,4,0.5786,3,1.95,-1.42,0,0,0.5961,1
0.4802,9,0.3103,1,6,19,0.545,4,1.79,-1.56,0,0,0.7659,1
0.9797,0,0.0,0,0,3,0.0834,0,7.43,0.94,0,0,0.5475,0
0.9589,1,0.0556,0,1,3,0.0539,1,7.35,-0.32,0,0,0.466,0
0.756,3,0.2308,0,2,11,0.1585,1,6.12,-0.91,1,25,0.5419,1
0.9102,2,0.0741,0,1,2,0.584,1,6.44,-0.58,0,0,0.1978,1
1.0,0,0.0,0,0,1,0.0084,0,7.6,0.14,0,0,0.7614,0
0.9255,1,0.0556,2,0,0,0.0222,0,7.42,-1.31,0,0,0.4844,0
0.4202,8,0.3478,1,3,9,0.758,1,5.25,-1.1,0,0,0.6122,1
0.7754,4,0.16,1,4,5,0.3502,1,6.45,-1.25,0,0,0.7882,0
0.9282,1,0.0556,0,1,1,0.0579,0,7.09,-0.5,0,0,0.4878,0
0.914,1,0.0556,0,1,2,0.0284,0,8.36,0.03,0,0,0.6766,0
0.5946,1,0.25,0,0,3,0.4424,2,6.29,-1.5,0,0,0.6893,0
0.7867,3,0.1154,0,3,2,0.1948,0,5.56,-0.81,0,0,0.5296,1
0.472,7,0.35,1,4,12,0.4485,1,8.01,-1.26,0,0,0.4352,1
0.8632,2,0.0667,0,0,17,0.2696,1,7.16,-0.71,0,0,0.474,0
0.8479,3,0.1034,1,3,14,0.45,3,6.59,-0.8,0,0,0.9286,1
0.9953,0,0.0,0,0,3,0.0475,0,7.97,0.1,0,0,0.5234,0
0.8368,2,0.1,1,0,18,0.2108,1,5.67,-0.39,1,14,0.1827,1
0.9083,0,0.0,0,0,0,0.1034,0,8.15,-1.14,0,0,0.14,0
0.5086,7,0.35,4,7,13,0.5328,1,4.11,-1.45,1,11,0.4996,1
0.7601,4,0.1667,1,3,17,0.2274,2,7.17,-0.29,0,0,0.4935,1
0.5484,5,0.2941,0,1,19,0.4741,1,5.75,-1.1,0,0,0.4934,1
0.5644,2,0.3333,1,2,10,0.5717,2,6.09,-1.49,1,14,0.8302,1
0.7204,5,0.2,0,1,6,0.06,0,8.71,-1.31,1,18,0.875,1
0.8717,1,0.0833,0,0,1,0.4681,1,6.12,0.03,0,0,0.55,1
0.7617,5,0.2083,1,3,10,0.3558,0,5.99,-1.3,0,0,0.4623,0
0.6294,4,0.3077,1,3,4,0.2425,0,3.9,-0.8,0,0,0.6846,1
0.6816,2,0.2857,0,1,2,0.2819,2,6.5,-0.54,0,0,0.8375,0
0.956,0,0.0,0,0,1,0.0222,0,6.84,-0.49,0,0,0.5097,0
0.751,6,0.2143,1,6,20,0.6398,1,6.54,-1.55,0,0,0.551,1
0.8878,1,0.0833,0,1,10,0.3375,2,7.46,-0.96,0,0,0.1856,0
0.2979,6,0.6,1,2,7,0.6033,3,6.24,-1.67,0,0,0.6643,1
0.9586,1,0.0385,0,1,0,0.3059,1,6.53,-0.64,0,0,0.7358,0
0.8859,1,0.0714,1,1,12,0.0614,0,7.19,-0.66,0,0,0.4164,0
0.8171,3,0.1154,1,1,3,0.2989,1,6.74,-1.32,0,0,0.2728,1
0.865,3,0.1364,0,1,1,0.1698,0,6.39,-1.21,0,0,0.4198,1
0.9831,0,0.0,0,0,2,0.0469,0,8.55,0.81,0,0,0.578,0
0.9804,0,0.0,0,0,1,0.0572,0,7.92,0.07,0,0,0.5107,0
0.883,1,0.1,0,1,14,0.2987,0,8.89,-1.32,0,0,0.2809,0
0.5213,3,0.2727,2,3,12,0.2355,1,4.29,-0.97,0,0,0.2605,1
0.9508,1,0.0455,1,1,0,0.0208,0,9.1,-0.55,0,0,0.3499,0
0.8629,1,0.0625,0,0,19,0.2378,1,7.39,-0.1,0,0,0.5868,0
0.8847,1,0.0833,0,0,14,0.0238,0,8.72,-0.13,0,0,0.4359,0
0.5177,11,0.3793,1,3,14,0.7483,4,5.74,-1.52,0,0,0.7456,1
0.952,0,0.0,0,0,0,0.1214,0,8.05,0.72,0,0,0.6416,0
0.9114,1,0.0769,0,1,0,0.0912,0,7.38,-1.06,0,0,0.5827,0
0.8396,1,0.1429,1,0,11,0.1787,0,7.26,-0.35,0,0,0.5578,1
0.8569,2,0.1538,1,0,5,0.3329,2,8.1,-0.73,0,0,0.4677,0
0.862,2,0.1,0,0,20,0.0647,0,6.18,-0.42,0,0,0.1489,1
0.8891,1,0.0769,0,0,2,0.3067,3,7.16,-0.84,0,0,0.6252,0
0.9512,0,0.0,1,0,1,0.006,0,8.15,0.45,0,0,0.667,0
0.7172,5,0.2381,2,3,9,0.2862,1,5.66,-0.82,0,0,0.4309,1
0.7396,1,0.1667,1,1,12,0.5788,1,6.71,-0.41,0,0,0.7389,0
0.8866,1,0.1,0,0,5,0.1244,0,10.0,0.09,0,0,0.525,0
0.5052,9,0.3913,1,7,4,0.5417,3,6.83,-1.65,0,0,0.3408,1
0.9308,1,0.0435,0,1,2,0.0546,0,6.36,0.42,0,0,0.4528,1
0.8767,2,0.0952,0,1,14,0.2346,0,4.61,-1.33,1,10,0.8431,0
0.6382,1,0.25,4,0,3,0.5218,2,6.45,-1.53,0,0,0.5488,1
0.8469,0,0.0,2,0,13,0.3509,2,6.96,-1.06,1,3,0.649,0
0.9978,0,0.0,0,0,0,0.22,0,9.51,0.27,0,0,0.2388,0
0.7282,2,0.1667,2,1,17,0.4934,1,4.35,-0.73,1,10,0.6858,1
0.7002,4,0.1429,2,3,9,0.2127,2,4.55,-0.28,1,30,0.4044,1
0.9563,0,0.0,0,0,0,0.1189,0,10.0,0.38,0,0,0.2965,0
0.5868,3,0.1875,0,1,12,0.4265,2,4.31,-0.03,1,3,0.4174,1
0.9125,1,0.1429,0,1,0,0.0338,1,7.7,-0.57,0,0,0.7771,0
0.5509,5,0.3571,0,3,12,0.3747,2,6.16,-0.58,0,0,0.1852,1
0.5913,4,0.4,1,3,7,0.1,0,6.58,0.24,0,0,0.4209,1
0.8103,2,0.0952,1,2,7,0.2805,1,5.69,-1.19,0,0,0.1272,1
0.3337,6,0.5,2,2,1,0.5226,4,4.69,-1.68,0,0,0.301,1
0.5929,7,0.35,2,2,14,0.1736,1,7.32,-0.88,1,22,0.7575,1
0.8406,2,0.1667,0,2,9,0.425,1,7.87,-1.37,0,0,0.05,0
0.986,0,0.0,0,0,1,0.0159,0,8.28,0.18,0,0,0.4716,0
0.7019,1,0.2,0,1,5,0.4066,2,6.77,-0.92,0,0,0.3996,0
0.9626,1,0.0435,0,1,2,0.1458,0,8.95,-1.58,0,0,0.6004,0
0.7514,2,0.125,2,0,18,0.233,4,7.0,-0.62,1,3,0.9215,0
0.7265,4,0.1818,1,3,10,0.103,0,6.59,-0.76,0,0,0.9766,0
0.5933,5,0.3571,0,0,5,0.4058,1,5.19,-1.17,0,0,0.5697,1
0.8246,2,0.0909,0,1,1,0.2693,0,4.21,-1.0,0,0,0.8855,0
0.7464,3,0.2143,2,2,4,0.2969,1,6.7,-1.28,0,0,0.6667,1
0.7256,2,0.1429,0,2,15,0.2123,0,7.4,-1.32,1,8,0.4901,1
0.9474,1,0.0714,0,0,2,0.0054,0,9.33,-0.17,0,0,0.6,0
0.776,5,0.1852,0,4,5,0.3822,1,6.77,-0.59,0,0,0.6982,1
0.7222,2,0.1111,3,1,6,0.5806,1,6.3,-2.04,0,0,0.4611,1
0.8118,3,0.1429,0,1,3,0.4913,1,6.64,-0.37,0,0,0.3152,1
0.946,1,0.0455,1,0,1,0.0149,0,7.81,-0.94,0,0,0.3534,0
0.8923,1,0.0667,1,0,16,0.1638,0,7.37,0.13,0,0,0.4168,1
0.8484,4,0.1333,0,1,15,0.1722,0,6.53,-0.46,0,0,0.6753,0
0.7278,3,0.1579,1,1,20,0.3919,2,5.29,-1.69,0,0,0.3597,1
0.761,1,0.125,2,0,4,0.2956,1,6.16,-1.22,0,0,0.6611,0
0.9212,0,0.0,0,0,3,0.0784,0,8.68,-0.15,0,0,0.5943,0
0.1704,3,0.3333,5,0,20,0.5139,2,3.11,-2.5,0,0,0.5449,1
0.428,6,0.2857,2,2,13,0.1665,0,6.32,-1.09,0,0,0.5492,1
0.7593,4,0.1818,0,1,9,0.2191,1,5.73,0.31,0,0,0.6219,0
0.4635,5,0.2778,1,4,7,0.4643,1,5.02,-1.47,1,6,0.3302,1
0.9196,1,0.0526,0,0,1,0.0099,0,7.73,0.29,0,0,0.4229,0
0.7139,2,0.1667,1,2,2,0.4683,2,4.33,-0.76,0,0,0.414,1
0.6404,3,0.3,1,2,11,0.9543,1,6.77,-1.22,0,0,0.3242,1
0.8011,1,0.2,1,0,16,0.5362,1,5.99,-0.66,1,33,0.5394,1
0.7028,5,0.2381,1,4,10,0.6034,1,7.26,-0.69,0,0,0.4993,1
0.8269,1,0.0588,1,1,11,0.0813,0,5.55,-1.16,1,11,0.1329,0
0.8963,2,0.0769,0,2,13,0.1954,0,8.08,-0.08,0,0,0.2199,1
0.6986,1,0.25,2,1,2,0.534,2,8.75,-1.28,0,0,0.4492,0
0.6183,6,0.3158,0,5,12,0.155,0,3.77,-0.61,0,0,0.3698,1
0.8974,1,0.0476,0,0,2,0.5132,1,4.02,-1.5,1,5,0.7268,0
0.5266,9,0.3333,1,4,6,0.5082,4,4.97,-1.27,0,0,0.3744,1
0.8051,1,0.0833,0,0,2,0.2911,0,7.04,-0.64,0,0,0.7747,0
0.7692,2,0.1667,1,0,5,0.8296,4,4.53,-1.43,1,10,0.5977,1
0.7275,1,0.1429,1,0,15,0.2932,0,7.47,-0.21,1,41,0.3974,0
0.7385,4,0.2222,0,3,19,0.0675,0,7.34,0.07,0,0,0.3116,1
0.478,6,0.2308,1,1,5,0.1829,2,5.59,-1.57,0,0,0.4254,1
0.9655,0,0.0,0,0,2,0.033,1,9.78,-0.32,0,0,0.6906,0
0.7182,2,0.1538,0,1,4,0.1168,0,7.52,0.01,0,0,0.3202,0
0.6765,2,0.3333,3,2,11,0.3846,4,7.27,-1.2,0,0,0.4636,0
1.0,0,0.0,0,0,2,0.461,3,6.74,-1.43,0,0,0.7326,1
0.7614,4,0.1379,1,2,13,0.4252,0,6.28,-0.53,0,0,0.6189,0
0.9089,0,0.0,0,0,0,0.1603,0,8.53,-0.47,0,0,0.9295,1
0.8029,4,0.1818,0,3,17,0.2026,0,7.71,-0.53,0,0,0.3562,1
0.8184,3,0.1667,0,2,10,0.6124,1,6.49,-0.74,0,0,0.3412,1
0.9184,0,0.0,2,0,1,0.0043,0,8.06,-0.35,0,0,0.3238,0
0.8786,1,0.0625,0,1,3,0.0085,0,8.04,-0.14,0,0,0.6782,0
0.7349,5,0.2381,1,2,2,0.2447,0,7.29,-0.49,0,0,0.5805,0
0.8311,3,0.12,0,1,7,0.2268,0,7.05,-0.19,0,0,0.6046,1
0.9981,0,0.0,0,0,3,0.0966,1,7.63,-0.19,0,0,0.2349,0
0.7724,4,0.1818,0,2,8,0.4025,2,6.33,-0.86,1,28,0.6262,1
0.6739,4,0.16,0,2,20,0.6822,2,4.98,-1.91,1,12,0.5997,1
0.9444,1,0.0417,0,1,0,0.22,0,8.37,0.26,0,0,0.4522,0
0.9323,1,0.1,0,0,1,0.0028,0,7.83,-0.21,0,0,0.3581,0
0.9446,1,0.0714,0,0,3,0.1281,0,8.36,-0.06,0,0,0.3428,0
0.6557,5,0.25,0,2,11,0.585,1,5.9,-1.25,1,12,0.6568,1
0.8057,2,0.1667,1,2,7,0.0693,1,7.37,-0.76,0,0,0.476,1
0.5244,4,0.2105,2,1,10,0.7739,2,4.83,-1.54,0,0,0.4647,1
0.9316,0,0.0,0,0,2,0.44,1,4.96,-0.36,0,0,0.1507,0
1.0,0,0.0,0,0,2,0.3692,1,7.93,-0.92,0,0,0.6119,0
0.5721,3,0.4286,1,3,3,0.5246,1,5.58,-0.94,0,0,0.8054,1
0.8384,4,0.1481,0,1,18,0.3181,0,8.2,-1.56,0,0,0.6539,0
0.9821,0,0.0,0,0,3,0.021,0,7.16,-0.67,1,36,0.447,0
0.7801,0,0.0,1,0,16,0.3036,0,5.98,-1.72,0,0,0.7436,0
0.6607,1,0.25,2,1,1,0.535,1,5.26,-0.97,1,18,0.1552,1
0.8107,2,0.1176,0,0,10,0.5082,1,7.55,-1.5,0,0,0.207,0
0.7037,2,0.1667,0,1,15,0.5199,1,6.33,-1.08,1,23,0.0822,1
0.7419,4,0.1429,1,1,10,0.3931,0,7.84,-1.27,0,0,0.8812,1
0.6798,1,0.2,1,1,6,0.3222,1,4.7,-0.93,0,0,0.8901,1
0.8882,2,0.069,0,2,18,0.099,0,7.8,-0.79,1,32,0.2307,1
0.7307,2,0.1538,0,0,17,0.5921,3,5.72,-1.64,0,0,0.5922,0
0.5664,3,0.25,2,1,2,0.8024,1,5.42,-1.29,1,39,0.6882,1
0.6018,5,0.2778,2,2,10,0.3394,0,4.4,-0.96,0,0,0.6478,1
0.7603,3,0.1667,1,0,20,0.211,0,5.06,0.2,1,34,0.41,0
0.8348,2,0.1,1,1,14,0.1352,0,7.23,-0.53,0,0,0.5619,0
0.737,3,0.2143,0,1,15,0.6852,2,5.59,-1.58,1,43,0.6438,1
0.6099,1,0.2,0,1,18,0.6488,2,5.03,-1.24,0,0,0.7189,1
0.7433,1,0.25,0,0,19,0.2608,2,7.34,-0.46,1,32,0.4709,0
0.9373,1,0.0333,0,1,0,0.1446,0,7.2,1.12,1,6,0.3148,1
0.5764,2,0.3333,0,2,14,0.5227,0,7.13,-1.1,0,0,0.7003,1
0.6679,4,0.2105,0,3,8,0.7435,3,3.87,-2.13,0,0,0.4833,1
0.8308,4,0.1429,1,3,3,0.1191,0,8.6,-0.18,0,0,0.2063,1
0.9178,2,0.08,0,0,0,0.0806,0,8.09,0.04,0,0,0.1623,0
0.8142,4,0.1429,1,0,3,0.2187,0,6.53,0.35,0,0,0.4967,0
0.9659,0,0.0,0,0,0,0.0396,1,7.89,1.04,1,37,0.4104,0
0.6192,2,0.2,2,0,20,0.2016,2,4.92,-0.96,0,0,0.4033,1
0.9341,1,0.037,1,1,0,0.1004,0,7.57,0.26,0,0,0.4938,0
0.6675,3,0.25,1,3,9,0.1156,0,6.8,-0.34,0,0,0.7047,1
0.7088,6,0.2222,0,3,20,0.2847,0,5.97,-0.67,0,0,0.4655,0
0.6802,4,0.25,0,0,11,0.6737,3,3.06,-1.48,0,0,0.245,1
0.8603,1,0.05,0,0,16,0.4242,0,7.37,-0.1,0,0,0.5661,0
0.9479,1,0.0455,0,0,1,0.0594,0,8.36,-0.47,0,0,0.6384,0
0.6716,5,0.1667,1,4,11,0.2714,2,5.35,-0.71,0,0,0.534,1
0.6763,2,0.1818,1,1,20,0.137,0,7.82,-0.65,0,0,0.2991,0
0.7233,3,0.2727,1,1,11,0.3672,1,6.64,-0.95,0,0,0.8616,0
0.7503,3,0.1667,2,2,4,0.3491,0,6.31,0.11,0,0,0.5082,1
0.8156,2,0.1667,0,2,14,0.281,0,4.94,-0.82,1,10,0.5542,1
0.5322,2,0.2222,2,0,3,0.6646,3,6.42,-1.68,0,0,0.5122,1
0.8425,2,0.1,0,0,3,0.1563,1,7.32,0.23,0,0,0.5077,0
0.8261,3,0.125,1,1,13,0.4086,2,4.74,-0.31,0,0,0.6908,1
0.3256,15,0.5556,2,3,5,0.6787,2,3.28,-1.97,0,0,0.1309,1
0.4442,6,0.5,2,2,12,0.6189,2,4.95,-1.38,0,0,0.1447,1
0.7798,5,0.1724,0,4,4,0.1054,0,7.96,-0.16,0,0,0.3619,1
0.4579,10,0.3704,2,4,7,0.3155,3,5.47,-1.51,0,0,0.5446,1
0.9327,1,0.0385,0,1,3,0.1885,0,6.92,-1.02,0,0,0.589,0
0.7942,2,0.1429,1,0,9,0.3829,3,7.48,-0.39,0,0,0.3581,0
0.9987,0,0.0,0,0,1,0.0856,0,6.05,-0.29,1,3,0.3734,0
0.8519,1,0.0909,2,0,6,0.638,3,5.56,-2.28,0,0,0.2099,1
0.5015,4,0.4,0,0,17,0.5814,1,4.42,-1.67,0,0,0.6217,1
0.9389,0,0.0,0,0,2,0.4323,2,6.74,-1.13,1,11,0.494,0
0.7846,1,0.1429,0,0,17,0.4222,2,6.39,-1.59,1,12,0.4939,1
0.8846,2,0.0833,0,0,13,0.1033,0,6.37,0.7,0,0,0.0977,0
0.9651,1,0.0385,0,1,3,0.2137,0,6.0,-0.47,0,0,0.3835,0
0.8599,2,0.1,0,2,19,0.446,2,6.16,-1.08,1,34,0.6185,0
0.5382,6,0.2308,2,2,20,0.2069,1,6.15,-0.12,0,0,0.7235,1
0.6513,4,0.2353,0,1,17,0.4797,2,4.29,-0.46,0,0,0.6487,1
0.7686,5,0.1724,1,2,6,0.4095,0,5.59,-1.36,0,0,0.4744,1
0.7268,7,0.2593,1,0,4,0.2118,0,7.07,0.05,0,0,0.4736,0
0.7547,3,0.1034,1,1,20,0.3561,2,5.03,-1.41,0,0,0.2364,0
1.0,0,0.0,0,0,1,0.3409,0,6.48,-0.4,1,38,0.4243,0
0.8899,2,0.08,0,0,6,0.62,3,6.49,-0.23,1,5,0.7084,0
0.8965,1,0.1111,0,1,11,0.1135,0,9.05,0.53,0,0,0.8187,0
0.6844,4,0.2,0,3,3,0.578,2,4.96,-1.62,0,0,0.4353,1
0.8684,1,0.0588,0,1,6,0.0861,0,5.11,-0.65,0,0,0.3075,0
0.7939,0,0.0,1,0,13,0.0962,0,7.22,-0.45,0,0,0.3883,0
0.9535,0,0.0,1,0,3,0.1334,0,6.94,-1.08,0,0,0.5498,0
0.6447,7,0.25,1,5,10,0.1773,0,7.17,-0.24,0,0,0.2976,1
0.8796,1,0.2,0,1,5,0.2276,0,5.67,-0.2,1,7,0.2388,1
0.8027,3,0.1154,0,1,8,0.2636,1,5.25,-1.53,0,0,0.2917,0
0.4354,12,0.4615,3,7,4,0.8206,3,2.53,-1.69,0,0,0.8727,1
0.8528,1,0.2,2,1,3,0.3489,3,8.51,-0.83,0,0,0.6511,1
0.8283,2,0.1429,2,2,14,0.3099,3,6.05,-0.31,1,36,0.3157,1
0.6323,3,0.2308,1,3,4,0.6763,1,4.77,-1.54,0,0,0.2344,1
0.7528,3,0.2143,1,2,15,0.5241,1,7.83,-0.6,0,0,0.3926,1
0.9232,0,0.0,0,0,3,0.021,0,8.13,-0.99,0,0,0.535,0
0.6503,7,0.3182,1,2,11,0.4396,0,6.51,-1.23,1,2,0.5394,1
0.8123,4,0.1538,1,4,7,0.0767,0,5.78,-0.64,1,11,0.7036,1
0.821,3,0.1429,0,2,10,0.1936,1,7.43,0.09,0,0,0.4766,1
0.9304,1,0.05,1,1,2,0.0074,0,8.2,-0.65,0,0,0.4571,0
0.754,1,0.1429,2,0,20,0.3796,0,7.87,-0.73,1,39,0.4707,1
0.926,1,0.0714,0,1,2,0.22,1,9.13,-0.29,0,0,0.413,0
1.0,0,0.0,1,0,2,0.0408,0,7.62,0.41,0,0,0.7788,1
1.0,0,0.0,0,0,3,0.2073,1,7.19,0.39,0,0,0.6113,0
0.8227,1,0.25,0,0,7,0.2051,0,7.43,-1.03,0,0,0.4596,0
0.9003,2,0.08,0,2,2,0.0074,0,7.77,0.26,0,0,0.5178,0
0.7667,5,0.2,0,0,19,0.62,3,6.04,-1.38,0,0,0.6959,1
0.9386,0,0.0,0,0,3,0.0814,0,8.57,-1.08,0,0,0.5775,0
0.8664,2,0.069,0,2,1,0.22,0,7.51,-2.16,0,0,0.3407,1
0.7306,4,0.1379,2,1,11,0.3121,1,1.27,-1.46,0,0,0.7238,1
1.0,0,0.0,0,0,0,0.3162,1,5.73,-0.87,1,18,0.7536,1
0.7545,3,0.1667,0,3,15,0.3738,1,5.24,-1.52,1,8,0.3225,1
0.8862,2,0.069,0,1,12,0.1805,0,8.79,0.66,0,0,0.2403,0
0.9701,0,0.0,0,0,3,0.0752,0,8.15,-0.77,0,0,0.4809,0
0.6128,3,0.2727,3,1,20,0.5679,2,5.59,-1.16,1,8,0.6741,1
0.6238,4,0.2222,3,1,7,0.6515,0,6.56,-1.35,1,33,0.5938,1
0.3922,5,0.5,1,5,10,0.7568,1,5.38,-1.31,0,0,0.2813,1
0.6641,5,0.2941,2,3,16,0.69,4,3.37,-1.84,0,0,0.595,1
0.8738,2,0.0909,1,0,12,0.0302,0,6.94,-0.07,0,0,0.5343,1
0.7644,5,0.2,1,3,18,0.232,0,5.49,-1.16,0,0,0.816,1
0.7273,3,0.2,0,3,20,0.7721,1,3.84,-0.48,0,0,0.7723,1
0.5962,9,0.3462,0,3,3,0.4595,0,4.39,-1.51,0,0,0.6612,1
0.8583,2,0.08,0,2,17,0.0607,0,8.73,-0.11,0,0,0.6622,1
0.9193,0,0.0,0,0,2,0.0525,0,8.75,0.1,0,0,0.6197,0
0.8087,2,0.125,0,1,8,0.2958,1,5.51,-0.8,1,25,0.4318,1
0.3586,7,0.5,3,5,4,0.937,0,2.78,-1.8,0,0,0.553,1
0.6562,1,0.2,0,1,6,0.1121,2,5.32,0.01,1,32,0.3808,1
0.9306,1,0.0345,0,1,2,0.0876,0,8.34,0.01,0,0,0.5002,0
0.6427,3,0.25,2,0,19,0.3735,0,6.75,-2.23,0,0,0.6101,1
0.5645,4,0.2222,0,2,16,0.186,1,5.36,-0.86,0,0,0.7882,1
0.8139,1,0.1,0,0,18,0.4752,2,6.15,-0.37,0,0,0.4028,1
0.7702,1,0.0909,1,1,9,0.2444,0,6.24,-0.79,0,0,0.4414,0
0.8094,2,0.1111,1,1,11,0.4125,1,6.54,0.27,1,21,0.6078,0
0.743,2,0.2222,1,1,4,0.3969,1,6.85,-0.97,0,0,0.6405,0
0.8044,2,0.125,0,1,5,0.112,0,6.01,-2.05,1,35,0.361,0
0.8284,3,0.1034,0,2,14,0.2182,1,3.31,-0.69,1,23,0.4665,0
0.8104,3,0.1,2,3,8,0.3558,0,8.32,0.16,0,0,0.3199,0
1.0,0,0.0,0,0,1,0.0096,0,8.45,-0.35,0,0,0.7146,0
0.7922,2,0.1538,0,1,4,0.3509,3,5.6,0.04,0,0,0.6288,0
0.9732,1,0.0333,0,1,2,0.0131,0,8.32,-0.98,0,0,0.6152,0
0.8212,0,0.0,0,0,20,0.1824,1,6.62,-0.2,0,0,0.4856,0
0.7488,1,0.125,1,0,9,0.3782,2,5.55,-0.41,0,0,0.6554,0
0.9052,1,0.0455,1,0,3,0.4251,2,5.67,-1.53,1,5,0.3176,1
0.9876,0,0.0,0,0,2,0.0643,1,6.84,0.01,0,0,0.2609,0
0.7666,1,0.1111,1,1,1,0.0971,0,6.71,-0.52,0,0,0.4512,0
0.5937,8,0.3077,0,5,13,0.258,5,6.96,-0.95,0,0,0.4276,1
0.6392,3,0.25,1,1,12,0.304,0,6.46,-0.75,1,25,0.6271,1
0.9597,0,0.0,0,0,1,0.3464,0,6.4,-0.1,1,44,0.264,1
0.9954,0,0.0,0,0,0,0.0319,0,8.97,0.0,0,0,0.6233,0
0.9128,0,0.0,0,0,1,0.1879,1,8.56,-0.6,0,0,0.277,0
0.6751,4,0.2353,1,2,16,0.3761,1,9.34,-1.14,0,0,0.6397,1
0.6616,1,0.25,3,0,17,0.3731,1,4.79,-1.34,0,0,0.3867,1
0.7558,5,0.1724,1,2,8,0.5088,3,3.53,-1.47,0,0,0.2614,1
0.802,1,0.1429,0,1,6,0.0927,0,6.92,-0.31,0,0,0.7768,0
0.5975,7,0.2917,0,5,4,0.1,0,4.58,-0.93,0,0,0.7458,1
0.6727,3,0.1765,1,3,5,0.1998,0,5.32,-0.7,0,0,0.705,1
0.8329,4,0.16,0,3,2,0.3801,1,5.18,-0.35,0,0,0.2838,0
0.7839,3,0.1304,1,2,2,0.428,0,5.6,-1.31,0,0,0.5075,1
0.9095,1,0.0714,1,0,3,0.0081,0,9.41,-1.23,0,0,0.2533,1
0.8389,0,0.0,0,0,18,0.2443,0,5.87,-1.31,0,0,0.729,1
0.7377,4,0.1905,0,1,17,0.0936,0,5.12,-0.34,1,4,0.6399,1
0.8569,3,0.1304,0,3,14,0.1858,0,7.09,-1.01,0,0,0.5395,0
0.9246,1,0.0625,1,1,2,0.1003,2,6.92,-0.37,0,0,0.4826,0
0.7541,4,0.1481,0,4,4,0.4712,1,6.47,-0.57,0,0,0.605,0
0.4639,11,0.4231,1,8,6,0.5714,1,4.93,-1.49,0,0,0.4269,1
0.7193,2,0.25,0,0,6,0.459,1,3.76,-1.45,0,0,0.5856,0
0.7202,2,0.2,0,0,8,0.4806,0,4.53,-1.16,0,0,0.646,1
0.9624,0,0.0,0,0,0,0.1922,0,7.57,0.39,0,0,0.5991,0
0.6679,8,0.2759,1,3,7,0.543,1,6.53,-0.55,0,0,0.1044,1
0.8342,2,0.1111,1,1,2,0.0551,0,8.1,-0.23,0,0,0.4444,0
0.9165,0,0.0,0,0,1,0.0689,0,6.11,-0.31,0,0,0.5554,0
0.9517,1,0.0769,0,1,3,0.0413,0,7.89,-0.07,0,0,0.2158,0
1.0,0,0.0,0,0,1,0.1295,1,8.14,0.64,0,0,0.3058,0
0.8998,0,0.0,0,0,6,0.2001,1,8.5,0.33,0,0,0.4486,0
0.7397,1,0.1667,1,1,12,0.3386,2,5.2,-0.68,0,0,0.1617,0
0.3174,2,0.4,0,1,8,0.8536,3,5.91,-0.99,0,0,0.3388,1
0.9512,0,0.0,1,0,2,0.5285,1,2.81,-1.05,1,34,0.3112,1
0.8765,2,0.0909,0,1,7,0.3779,1,3.95,-0.37,0,0,0.4013,0
0.7206,1,0.1,0,1,6,0.1239,0,5.54,-0.95,0,0,0.6749,0
0.789,3,0.1,1,3,12,0.1925,0,7.5,-0.13,0,0,0.3515,1
0.6076,9,0.3,1,4,5,0.6408,1,4.88,-1.02,0,0,0.6003,1
0.9259,1,0.0667,0,1,1,0.2096,0,8.12,-0.68,0,0,0.5341,0
0.7675,4,0.2,0,4,10,0.03,0,6.67,0.34,0,0,0.4393,0
0.7607,4,0.1739,3,3,13,0.0884,1,6.85,-0.03,0,0,0.6322,1
0.9173,0,0.0,2,0,3,0.1025,0,8.18,0.24,0,0,0.5622,1
0.7424,3,0.1875,0,2,6,0.2658,0,6.07,-0.75,0,0,0.4698,1
0.755,1,0.1667,2,1,4,0.1321,0,6.74,-0.31,0,0,0.6366,0
0.4829,3,0.375,3,1,11,0.7203,3,4.5,-1.43,1,37,0.8263,1
0.7241,2,0.1667,0,1,16,0.5115,2,5.27,-0.71,1,31,0.5158,0
0.9714,0,0.0,0,0,1,0.0993,0,7.84,-0.5,0,0,0.3003,0
0.9492,1,0.05,2,1,0,0.0401,0,7.56,-0.12,0,0,0.6797,0
0.9221,1,0.0714,0,0,3,0.09,0,7.6,-0.57,0,0,0.694,0
0.968,0,0.0,0,0,1,0.0404,0,8.19,1.51,0,0,0.5343,0
0.7204,5,0.2,0,5,1,0.2795,2,7.36,-0.67,1,12,0.8691,1
0.9326,0,0.0,0,0,1,0.0524,0,8.77,-0.66,0,0,0.376,0
0.3884,3,0.3,0,2,16,0.6986,2,3.79,-2.43,0,0,0.574,1
0.909,1,0.1,1,0,0,0.22,1,9.17,-0.2,0,0,0.7191,0
0.7095,1,0.1429,1,1,6,0.2569,1,5.29,-0.73,0,0,0.3827,1
0.9176,1,0.0769,0,0,3,0.0405,0,7.37,0.52,0,0,0.1979,0
0.9525,0,0.0,0,0,2,0.364,0,6.3,0.41,0,0,0.5676,0
0.6116,2,0.3333,0,0,7,0.5573,1,4.68,-0.21,0,0,0.4741,1
0.9709,0,0.0,0,0,2,0.0144,0,8.53,-0.3,0,0,0.5539,0
0.9009,2,0.087,0,2,1,0.3833,1,5.58,-0.76,0,0,0.6238,0
0.2114,16,0.6154,3,9,20,0.6491,3,6.13,-1.46,0,0,0.4449,1
0.9539,1,0.0333,0,1,1,0.0373,1,9.43,0.72,0,0,0.3362,0
0.8657,0,0.0,0,0,14,0.2774,1,5.5,-0.64,0,0,0.2286,0
0.8317,2,0.0833,0,0,16,0.2632,1,9.34,-0.7,0,0,0.4156,1
0.8994,1,0.04,1,0,16,0.0265,0,7.42,-0.57,0,0,0.1102,1
0.8995,0,0.0,1,0,13,0.0239,0,7.59,0.02,0,0,0.55,0
0.9575,1,0.04,0,0,1,0.2165,0,5.57,-0.65,0,0,0.4177,0
0.6108,5,0.2381,1,1,19,0.5441,2,5.39,-1.45,0,0,0.33,1
0.7758,4,0.1739,0,4,13,0.1238,2,4.1,0.4,0,0,0.615,1
0.7489,5,0.2083,0,2,8,0.4158,2,7.06,-0.85,0,0,0.1698,1
0.8806,2,0.0833,1,0,3,0.0148,0,7.69,0.18,0,0,0.6526,0
0.8574,2,0.1,0,1,18,0.1835,0,6.67,-0.67,1,7,0.4242,0
0.5815,4,0.25,0,0,6,0.7839,3,3.61,-1.96,1,38,0.5987,1
0.626,3,0.2727,1,3,6,0.6692,2,5.61,-1.32,1,4,0.263,1
0.9579,1,0.0345,1,1,3,0.0215,0,9.48,0.18,0,0,0.3374,0
0.8585,1,0.1429,1,0,11,0.2395,2,8.27,-0.77,1,40,0.2387,1
0.9836,0,0.0,0,0,1,0.038,0,6.96,-0.28,0,0,0.4361,0
0.7147,2,0.2222,0,0,9,0.4099,1,7.31,-0.83,0,0,0.8463,1
0.6661,2,0.1538,0,1,1,0.2185,1,5.02,-0.63,1,6,0.2407,1
0.9748,0,0.0,0,0,0,0.0956,0,7.88,-1.53,0,0,0.5972,0
0.8087,2,0.1667,0,2,13,0.2758,0,6.36,-0.0,0,0,0.5513,0
0.7698,4,0.16,0,2,15,0.1986,0,8.36,-0.19,0,0,0.3547,0
0.9753,0,0.0,0,0,3,0.0951,0,7.9,0.51,0,0,0.7968,0
0.9008,2,0.0741,0,1,2,0.3921,0,6.27,-1.4,0,0,0.5689,1
0.7602,5,0.1786,0,3,10,0.421,1,3.54,-0.15,0,0,0.2703,1
0.9367,1,0.04,0,0,0,0.1237,0,8.16,-1.03,0,0,0.584,0
0.3851,6,0.3158,3,5,4,0.8131,1,2.3,-3.03,0,0,0.3116,1
0.507,5,0.3571,1,4,5,0.3852,1,7.51,-0.72,0,0,0.4276,1
0.4711,8,0.2667,0,1,6,0.7028,3,3.4,0.03,0,0,0.6728,1
0.8138,1,0.125,0,1,5,0.06,1,5.95,-0.58,1,37,0.7617,1
0.5314,5,0.2778,2,5,13,0.6111,2,4.81,-1.9,1,16,0.5156,1
0.9066,1,0.0588,0,1,2,0.1032,0,7.14,-0.86,0,0,0.1621,0
0.7982,4,0.1739,0,2,7,0.4166,1,6.57,-0.38,0,0,0.6542,1
0.3328,7,0.4375,0,7,18,0.7894,1,4.02,-1.81,1,14,0.3139,1
0.9062,2,0.08,1,0,0,0.3076,0,6.95,0.16,1,35,0.4789,0
0.6731,6,0.3,1,2,12,0.4076,0,4.09,-1.35,0,0,0.5349,1
0.5462,11,0.3793,4,6,10,0.9433,2,4.8,-2.43,1,30,0.467,1
0.9133,2,0.087,1,2,3,0.1578,2,8.88,-1.13,0,0,0.6859,0
0.3944,8,0.4,3,5,7,0.7138,4,1.69,-1.29,1,33,0.3986,1
0.901,0,0.0,1,0,2,0.015,0,8.32,-0.4,0,0,0.3309,0
0.7629,2,0.1818,0,1,14,0.203,1,5.74,-0.64,0,0,0.7473,1
0.9537,0,0.0,0,0,2,0.039,1,7.71,-0.67,0,0,0.4313,0
0.9398,1,0.0385,0,1,3,0.2714,3,7.57,-0.87,0,0,0.4149,0
0.978,0,0.0,0,0,1,0.3141,1,7.55,-0.02,0,0,0.6947,0
0.6633,3,0.2308,2,2,15,0.3894,3,5.76,-0.92,0,0,0.7886,0
0.8558,2,0.0714,0,0,7,0.3534,1,7.41,-0.38,0,0,0.5428,0
0.7933,3,0.1111,0,3,9,0.3877,1,6.33,0.03,0,0,0.9131,1
0.6724,4,0.1481,1,4,12,0.4071,2,6.61,-1.09,1,32,0.5548,1
0.5071,4,0.4,1,3,5,0.245,1,5.55,-0.86,0,0,0.4625,1
0.77,4,0.2105,3,1,20,0.2274,1,6.12,-0.93,0,0,0.7939,0
0.9402,1,0.0345,0,0,2,0.2143,1,8.27,-0.48,0,0,0.7832,0
0.5537,6,0.3529,1,1,1,0.5502,2,2.83,-2.08,0,0,0.6054,1
0.7242,2,0.2,0,1,4,0.3074,0,6.99,-0.11,1,7,0.2898,0
0.7589,3,0.1765,0,1,9,0.5487,1,6.57,-0.74,0,0,0.3502,1
0.9813,0,0.0,0,0,1,0.0201,0,9.72,0.59,0,0,0.7107,0
0.813,2,0.125,0,2,14,0.1676,0,4.66,-0.05,0,0,0.1542,1
0.8687,2,0.0769,0,1,2,0.4075,2,4.22,-0.2,0,0,0.4819,1
0.6414,4,0.1667,1,4,4,0.1939,0,9.43,-0.55,0,0,0.4355,1
0.426,2,0.4,3,0,8,0.7021,5,3.64,-1.77,0,0,0.4156,1
0.8792,1,0.1111,0,0,6,0.1904,1,5.87,-0.45,0,0,0.5511,0
0.9968,0,0.0,0,0,0,0.2757,3,6.67,-1.39,1,10,0.5309,0
0.9185,1,0.0455,0,1,2,0.2688,0,6.95,-0.34,1,8,0.3438,1
0.5435,1,0.2,2,1,7,0.6501,0,3.57,-1.34,0,0,0.4338,1
0.9531,0,0.0,0,0,2,0.0377,0,8.62,0.21,0,0,0.5705,0
0.8177,2,0.069,1,1,3,0.167,1,6.3,0.3,0,0,0.5184,1
0.6869,3,0.2143,2,1,20,0.4858,1,5.33,-1.06,0,0,0.6394,1
1.0,0,0.0,0,0,2,0.1282,0,8.05,-0.09,0,0,0.5195,0
0.763,2,0.1818,0,1,17,0.0708,0,7.21,-0.32,0,0,0.3449,0
0.8491,2,0.0909,0,0,9,0.0966,1,6.07,-0.58,0,0,0.561,0
0.8415,1,0.0588,0,0,20,0.2511,1,6.95,-1.22,0,0,0.5422,1
0.8859,1,0.0385,0,0,3,0.1522,0,7.56,0.26,0,0,0.4247,1
0.6244,5,0.2273,1,1,13,0.3327,2,4.75,-1.25,1,18,0.4207,1
0.6217,1,0.1667,0,1,14,0.6403,1,4.24,-1.61,1,42,0.3035,1
0.7074,1,0.1667,1,1,15,0.3825,0,6.64,-1.26,0,0,0.195,0
0.6434,7,0.3182,2,3,2,0.5008,2,4.76,-0.25,0,0,0.3115,1
0.583,1,0.2,1,1,9,0.2627,0,6.82,-2.22,1,13,0.4543,1
0.7018,6,0.25,0,2,18,0.7664,2,5.4,-1.73,0,0,0.2482,1
0.8738,1,0.0714,1,0,3,0.2031,1,7.29,-1.61,0,0,0.1063,0
0.9459,0,0.0,0,0,1,0.2716,0,6.59,0.29,1,15,0.5351,0
0.6653,5,0.2,0,3,11,0.2265,0,7.75,-1.68,0,0,0.3558,1
0.4924,4,0.2667,0,2,4,0.8277,6,5.0,-0.9,1,42,0.6488,1
0.9938,0,0.0,0,0,2,0.1475,0,8.99,-0.8,0,0,0.4024,0
0.8103,2,0.0952,0,2,18,0.0133,0,6.62,0.81,0,0,0.6153,0
0.3758,3,0.2727,0,1,5,0.5039,1,3.79,-1.51,0,0,0.4537,1
0.845,3,0.1111,0,3,9,0.4487,2,5.32,-0.83,0,0,0.1701,1
0.6005,5,0.3125,0,1,6,0.2618,1,3.73,-0.27,0,0,0.5771,1
0.5517,6,0.25,2,1,7,0.6854,0,3.95,-2.14,1,20,0.4038,1
0.8446,2,0.0714,0,0,9,0.2891,0,7.24,-0.43,0,0,0.4303,0
1.0,0,0.0,0,0,0,0.2837,2,6.34,-0.75,1,25,0.8029,1
0.5779,7,0.3684,3,7,8,0.6462,3,3.03,-1.79,1,28,0.9063,1
0.777,3,0.1579,0,3,20,0.2187,2,7.5,-1.23,0,0,0.6874,1
0.8984,1,0.0417,0,1,12,0.1612,2,7.46,0.61,0,0,0.3208,0
0.8676,1,0.0769,1,0,19,0.4139,1,5.2,-1.73,0,0,0.4536,0
1.0,0,0.0,0,0,2,0.22,1,8.61,0.03,0,0,0.2469,0
0.6391,3,0.3,2,1,1,0.2724,0,8.38,-1.05,0,0,0.5093,0
0.8222,1,0.1667,1,0,11,0.4192,0,8.08,0.02,0,0,0.7016,0
0.7915,1,0.1667,0,1,4,0.231,2,8.47,-0.05,1,11,0.6495,0
0.8759,1,0.1,0,1,10,0.2037,0,7.85,-0.66,1,1,0.1663,0
0.8905,2,0.08,0,0,3,0.0142,0,8.22,0.44,0,0,0.3745,0
0.7244,5,0.25,1,1,11,0.8151,5,5.76,-1.71,0,0,0.2186,1
0.8748,1,0.0714,0,1,18,0.0576,0,6.64,-0.33,0,0,0.6417,0
0.7618,3,0.1364,1,0,12,0.2223,1,7.76,-0.12,0,0,0.417,0
0.7544,1,0.2,0,1,3,0.3863,0,7.63,-1.18,1,3,0.3193,0
0.9342,0,0.0,0,0,2,0.012,0,7.38,0.36,0,0,0.7302,0
0.6897,1,0.25,0,0,15,0.2426,0,8.81,-1.16,0,0,0.6367,0
0.8247,3,0.1111,0,1,5,0.1509,0,6.73,-0.42,1,9,0.4469,1
0.7772,3,0.1429,2,3,12,0.62,2,6.78,-1.17,0,0,0.6175,1
0.6589,5,0.2174,0,4,9,0.6781,0,4.42,-1.26,0,0,0.3035,1
0.8824,2,0.1,0,0,3,0.1144,0,8.11,-0.1,0,0,0.2901,0
0.9555,0,0.0,1,0,0,0.2393,4,7.91,-0.32,0,0,0.1968,0
0.8689,1,0.1111,0,0,8,0.22,0,8.16,0.41,0,0,0.7815,0
0.8207,2,0.125,0,2,4,0.5494,0,7.13,-0.68,1,31,0.5763,0
0.6561,1,0.2,0,0,15,0.2689,1,8.2,-0.93,1,41,0.0858,1
0.9461,1,0.04,0,1,1,0.0894,0,8.12,0.3,0,0,0.3982,0
0.7587,2,0.1667,2,0,2,0.62,2,7.46,-1.03,0,0,0.5269,0
0.6875,7,0.28,0,3,19,0.03,1,6.16,-0.97,1,22,0.2399,0
0.6126,1,0.2,2,0,1,0.5493,4,5.44,-1.27,1,23,0.6667,1
0.9386,1,0.0476,0,0,1,0.0321,0,7.57,-0.48,0,0,0.647,0
0.6529,1,0.1667,0,1,4,0.1,0,5.06,-0.69,0,0,0.4676,0
0.7066,2,0.25,1,0,11,0.3203,0,5.07,-1.01,0,0,0.3793,1
0.504,9,0.375,1,3,12,0.3766,2,7.48,-1.62,0,0,0.6077,1
0.9833,0,0.0,0,0,2,0.0352,0,8.3,-0.04,0,0,0.4757,0
0.92,1,0.1,0,1,1,0.4038,2,6.63,-0.05,0,0,0.6636,1
0.7044,3,0.25,2,1,13,0.4061,0,5.64,-1.2,1,17,0.335,1
0.1897,8,0.6667,0,4,2,0.3011,0,5.46,-2.12,0,0,0.5217,1
0.7732,2,0.1538,1,1,17,0.0733,0,6.84,-1.0,0,0,0.6895,1
0.6633,3,0.3,0,2,7,0.3447,0,5.97,-0.37,0,0,0.4131,1
0.7537,4,0.1538,1,1,4,0.3395,3,9.84,-0.7,0,0,0.2981,0
0.6049,7,0.3043,2,2,14,0.1991,1,6.31,-0.05,1,18,0.5292,1
0.7956,4,0.1667,0,3,18,0.1695,0,7.27,0.81,0,0,0.5513,1
0.58,3,0.2308,3,0,13,0.6945,2,7.35,-1.15,1,10,0.5065,1
0.7662,1,0.0909,0,1,7,0.2779,2,5.66,-0.66,0,0,0.7039,1
0.9968,0,0.0,1,0,0,0.1612,1,7.97,0.11,0,0,0.5875,0
0.3898,2,0.4,0,2,12,0.6048,1,5.42,-1.41,0,0,0.5532,1
0.9139,1,0.04,1,0,2,0.5089,2,4.8,-0.25,1,11,0.6531,0
0.7643,3,0.1111,0,0,12,0.1886,2,6.09,-0.32,0,0,0.5804,1
0.8409,2,0.1429,0,2,20,0.2044,3,7.33,-0.22,0,0,0.5079,0
0.977,0,0.0,0,0,3,0.0117,0,7.86,-0.24,0,0,0.4251,0
0.6261,1,0.2,1,0,13,0.5975,0,3.08,-1.36,0,0,0.4967,1
0.7182,2,0.125,1,0,4,0.2229,1,7.99,-0.81,1,16,0.1425,0
0.7043,3,0.2,0,2,12,0.3649,0,5.93,-1.05,1,7,0.4681,0
1.0,0,0.0,0,0,1,0.1553,1,8.36,-0.03,0,0,0.3053,1
0.8095,3,0.1154,0,3,9,0.566,4,6.67,-1.18,0,0,0.5172,1
0.6438,4,0.2222,1,2,7,0.2692,1,5.08,-0.82,0,0,0.6398,1
1.0,0,0.0,0,0,0,0.2166,1,9.4,-0.18,0,0,0.481,0
0.8356,1,0.1111,0,0,9,0.2308,1,5.07,-0.62,0,0,0.8989,1
0.3299,3,0.4286,3,1,16,0.5221,2,4.07,-1.26,0,0,0.7959,1
0.9708,0,0.0,0,0,3,0.3501,0,8.08,-0.94,0,0,0.5257,1
0.8596,2,0.0714,1,1,12,0.2157,0,8.6,-0.35,1,8,0.6546,1
0.6881,6,0.2609,2,6,11,0.3854,2,7.51,-0.94,0,0,0.4137,0
0.7763,3,0.1071,0,0,11,0.2615,0,6.32,-1.93,0,0,0.4517,0
0.4456,3,0.5,4,1,7,0.6213,3,5.99,-1.24,0,0,0.223,1
0.3581,14,0.5385,1,9,12,0.8745,3,2.65,-1.68,1,6,0.5008,1
0.9634,1,0.0556,0,0,2,0.316,1,6.19,-0.51,0,0,0.4364,1
0.7942,5,0.1667,2,3,8,0.3078,0,7.0,-0.23,0,0,0.31,1
0.8026,1,0.1429,0,0,10,0.3461,0,5.52,-0.58,0,0,0.5551,1
0.9183,1,0.0588,0,1,1,0.0897,0,8.43,0.0,0,0,0.6234,0
0.757,2,0.1176,0,2,20,0.1783,1,6.76,-0.29,1,41,0.0681,1
0.4015,5,0.4545,1,2,13,0.6677,1,4.4,-1.35,0,0,0.6949,1
0.748,3,0.1667,1,1,4,0.4463,0,8.29,-1.12,0,0,0.5939,1
0.6266,6,0.2609,1,6,14,0.5274,1,6.49,-1.64,0,0,0.7696,1
0.603,7,0.3182,1,5,6,0.4032,0,6.07,-1.13,1,11,0.4752,1
0.5112,6,0.2609,6,2,7,0.4552,0,5.1,-1.11,1,31,0.6747,1
0.4594,5,0.4167,4,3,4,0.7219,1,5.7,-2.59,0,0,0.1955,1
1.0,0,0.0,0,0,1,0.1954,1,8.5,-0.55,0,0,0.6787,0
0.9683,1,0.0345,0,1,1,0.0242,0,7.18,0.02,0,0,0.7249,0
0.7103,1,0.25,0,0,5,0.3778,2,5.48,-1.77,0,0,0.3101,0
0.8113,2,0.125,2,1,9,0.4039,0,7.68,-0.29,0,0,0.578,0
0.7366,1,0.125,0,1,5,0.3906,1,4.43,-0.06,1,45,0.8438,0
0.9411,1,0.0625,0,0,0,0.2135,1,8.37,-0.3,0,0,0.2874,0
0.5763,6,0.3,1,4,11,0.5548,1,5.59,-1.34,0,0,0.3795,1
0.4975,8,0.2857,0,1,5,0.7527,3,4.43,-1.25,0,0,0.5086,1
0.9175,0,0.0,0,0,2,0.1269,0,6.5,-0.66,0,0,0.7458,0
0.8084,1,0.1111,0,1,9,0.101,0,5.61,-0.26,0,0,0.7674,0
0.6019,1,0.25,1,0,18,0.5604,4,1.19,-1.16,0,0,0.7415,1
0.8612,2,0.125,0,2,5,0.2046,2,8.85,0.07,0,0,0.3363,0
0.8128,2,0.2222,0,2,13,0.095,1,7.19,-0.04,0,0,0.612,1
0.8326,1,0.125,0,0,11,0.2535,0,8.77,-1.32,1,43,0.4692,0
0.5611,8,0.3333,1,7,8,0.7518,3,2.86,-1.66,1,40,0.5343,1
0.6267,5,0.2632,2,2,16,0.76,3,5.25,-1.48,0,0,0.8664,1
0.4159,4,0.4444,1,3,1,0.7858,2,4.13,-1.78,0,0,0.3645,1
0.8409,1,0.0625,0,1,12,0.1356,0,6.92,-0.07,0,0,0.7094,0
0.4674,9,0.45,2,3,18,0.7217,4,6.3,-1.22,0,0,0.7571,1
0.814,4,0.1379,0,2,10,0.4543,2,6.37,-0.2,1,18,0.5736,1
0.8737,2,0.0952,0,0,14,0.3419,0,6.16,-0.69,1,18,0.2909,1
0.8508,2,0.1176,0,0,19,0.3435,2,5.77,-0.28,0,0,0.4027,0
0.6722,1,0.25,0,1,8,0.3854,1,6.91,-0.9,0,0,0.6073,0
0.8984,1,0.0476,0,1,5,0.2555,1,7.54,-0.48,0,0,0.541,0
0.6448,2,0.2857,0,0,9,0.3638,0,5.97,-1.81,0,0,0.3631,1
0.7539,5,0.2083,2,4,17,0.4343,2,7.98,-0.84,0,0,0.5794,1
0.7111,3,0.3,0,1,18,0.5128,2,7.67,-0.98,1,37,0.6507,1
0.7133,4,0.2105,0,3,17,0.3622,0,5.15,-1.5,0,0,0.2772,1
0.8827,1,0.1,0,1,9,0.3401,0,6.98,-0.98,1,32,0.4564,0
0.5865,3,0.1875,2,1,6,0.2394,0,6.27,-0.51,1,11,0.4638,1
0.9252,0,0.0,0,0,2,0.1112,0,7.64,-0.74,0,0,0.7765,0
0.8153,4,0.1429,1,1,14,0.2248,0,6.59,0.08,0,0,0.4409,1
0.6001,6,0.24,1,1,19,0.1424,0,5.82,-1.92,0,0,0.3633,1
0.8583,2,0.0909,0,2,8,0.45,2,5.45,-0.94,0,0,0.6033,1
0.9223,1,0.0667,1,0,0,0.385,2,8.6,-0.74,0,0,0.1865,0
0.8661,1,0.0588,0,1,15,0.423,3,3.98,-0.79,0,0,0.7856,0
0.6481,1,0.1111,1,1,6,0.3844,1,7.02,-1.81,1,7,0.5973,1
0.927,1,0.0667,0,0,2,0.0258,0,6.93,-0.38,0,0,0.6525,0
0.6728,4,0.25,0,1,16,0.167,0,7.87,-0.2,0,0,0.413,1
1.0,0,0.0,0,0,0,0.0035,1,9.52,0.21,0,0,0.619,0
0.7162,2,0.2,1,2,2,0.1402,0,9.6,-1.7,0,0,0.4456,0
0.7525,2,0.1176,0,1,5,0.5754,1,7.03,-1.13,1,25,0.7925,1
0.9606,0,0.0,0,0,3,0.0063,0,8.89,0.73,0,0,0.2985,0
0.8436,1,0.1429,2,0,20,0.2826,1,5.62,-1.1,0,0,0.7134,0
0.9329,2,0.0667,1,1,3,0.0554,0,7.38,0.61,0,0,0.6694,0
0.9278,1,0.0476,0,1,3,0.4797,2,4.08,-0.43,0,0,0.6162,1
0.8841,2,0.1111,1,2,3,0.0327,0,8.98,-0.6,0,0,0.7535,0
0.9645,0,0.0,0,0,3,0.1069,1,8.16,-0.83,0,0,0.2177,0
0.7529,5,0.2083,0,2,1,0.4154,2,4.91,-0.66,1,31,0.5433,1
0.8149,1,0.1667,0,1,11,0.3259,1,7.27,-0.16,0,0,0.7463,0
0.5191,1,0.1667,3,1,1,0.9341,2,6.3,-2.25,1,44,0.6778,1
0.9963,0,0.0,0,0,0,0.2776,1,6.49,-1.02,1,19,0.7005,1
0.9054,2,0.08,1,2,1,0.3042,0,7.96,-0.14,0,0,0.1787,0
0.5858,3,0.25,1,1,3,0.3063,0,7.75,-0.34,0,0,0.5087,0
0.7818,1,0.1667,0,1,12,0.5077,0,4.78,-0.74,0,0,0.6412,1
0.9226,1,0.0769,1,0,3,0.22,0,8.22,-0.29,0,0,0.5836,0
0.3806,4,0.2857,0,2,5,0.5985,4,3.8,-1.45,0,0,0.7954,1
0.846,1,0.2,0,1,6,0.2494,1,6.86,-1.67,1,10,0.3879,0
0.7771,4,0.1429,0,1,4,0.1938,0,7.28,-0.55,0,0,0.5617,0
0.6274,3,0.25,2,1,3,0.4881,2,4.88,-1.66,0,0,0.5264,1
0.8434,3,0.1429,1,3,1,0.2581,0,7.41,-0.5,0,0,0.5622,0
0.7737,3,0.1579,0,3,18,0.5043,2,5.49,-0.66,1,39,0.3976,1
0.9543,0,0.0,1,0,2,0.1536,0,7.71,-0.5,0,0,0.184,0
0.9533,1,0.0357,0,0,3,0.2981,1,7.93,-0.33,0,0,0.8148,0
0.9154,2,0.069,0,0,3,0.371,0,6.66,-0.87,0,0,0.341,0
0.6933,7,0.2593,1,6,10,0.475,1,7.28,-1.58,1,32,0.8726,1
0.7746,2,0.1176,1,2,8,0.4754,4,3.48,-0.08,0,0,0.7762,1
0.7502,2,0.2222,0,0,11,0.304,5,3.76,-1.09,0,0,0.3088,0
0.4404,6,0.4,2,2,7,0.6321,2,3.03,-1.46,1,11,0.3185,1
0.9597,0,0.0,0,0,1,0.1805,1,8.34,-0.01,1,7,0.2675,0
0.3932,13,0.4815,3,10,8,0.8563,1,4.22,-2.74,0,0,0.496,1
0.9564,1,0.037,0,1,1,0.2299,0,5.84,-0.96,1,23,0.6242,1
0.9602,0,0.0,1,0,3,0.2544,0,7.41,-0.46,0,0,0.4013,0
1.0,0,0.0,0,0,1,0.3433,2,8.06,-0.57,0,0,0.858,0
0.8157,1,0.1429,0,1,3,0.0679,0,7.01,-1.18,0,0,0.8904,0
0.7184,2,0.1667,2,0,3,0.1512,1,7.28,-0.49,1,7,0.5232,1
0.7377,5,0.2273,2,1,16,0.6429,1,4.11,-1.53,1,26,0.4231,1
0.8048,2,0.1111,2,2,10,0.62,1,6.6,-0.42,0,0,0.4831,1
0.9725,1,0.0357,0,0,2,0.0304,0,7.15,0.31,0,0,0.756,0
0.6515,6,0.2727,1,4,8,0.2467,1,4.94,-0.74,1,30,0.6084,1
0.7785,2,0.1667,0,1,19,0.3417,0,8.44,-0.41,1,18,0.0794,1
0.7696,3,0.1875,0,1,5,0.3098,1,5.14,-0.85,1,8,0.4001,0
0.9431,1,0.0455,0,1,3,0.0004,0,8.52,0.24,0,0,0.3861,0
0.9077,1,0.0667,0,0,2,0.1659,0,8.35,-0.59,0,0,0.4415,0
1.0,0,0.0,0,0,0,0.2937,0,7.47,-0.17,1,39,0.1962,1
0.8379,1,0.1429,1,0,1,0.3265,0,4.61,0.71,0,0,0.505,0
1.0,0,0.0,0,0,3,0.2906,0,5.45,0.04,1,21,0.6504,0
0.8777,1,0.0909,1,1,19,0.0327,0,7.72,-0.29,0,0,0.6698,0
0.9393,1,0.05,1,0,2,0.0577,0,8.2,-0.27,0,0,0.3915,0
0.9271,1,0.0667,0,1,0,0.0605,0,7.72,0.36,0,0,0.5074,0
0.9139,1,0.0588,0,1,2,0.026,0,9.8,-0.49,0,0,0.5264,0
0.9457,0,0.0,0,0,0,0.0151,0,6.55,-0.65,0,0,0.2505,0
0.6826,1,0.125,0,1,13,0.2361,1,6.87,-0.54,0,0,0.7055,1
0.8689,0,0.0,1,0,11,0.3643,1,3.96,-0.58,0,0,0.5897,1
0.7518,6,0.2308,0,5,15,0.4941,2,3.83,-1.34,0,0,0.1737,1
0.6678,5,0.2174,1,1,18,0.4367,1,4.2,-0.52,1,5,0.3356,1
0.9288,0,0.0,0,0,1,0.0817,0,8.69,-0.12,0,0,0.4932,0
0.8089,2,0.0833,2,1,2,0.0889,0,8.6,-0.54,0,0,0.5759,1
0.6298,4,0.3077,3,1,1,0.5115,3,4.45,-1.36,0,0,0.46,0
0.9715,0,0.0,1,0,3,0.22,1,7.69,-1.27,0,0,0.4399,0
0.5962,9,0.3462,0,9,19,0.6375,2,5.1,-1.86,0,0,0.5479,1
0.893,1,0.0588,0,1,2,0.4603,0,7.12,-0.48,1,29,0.48,1
0.8017,3,0.1364,1,1,15,0.0563,0,8.0,-0.56,0,0,0.1736,1
0.5709,6,0.24,1,2,7,0.3767,0,5.15,-1.05,0,0,0.5364,1
0.787,1,0.0909,0,1,19,0.0673,0,5.54,-0.68,1,10,0.4897,1
0.7647,4,0.1379,1,2,2,0.4785,1,6.2,-1.96,0,0,0.5961,1
0.7885,3,0.15,3,3,4,0.62,2,6.1,-0.55,1,14,0.2079,1
0.9171,0,0.0,0,0,0,0.0632,0,10.0,-0.15,0,0,0.5319,0
0.851,2,0.1111,0,1,8,0.2154,0,7.18,-0.5,0,0,0.5811,0
0.6778,4,0.1538,0,0,5,0.135,0,6.11,0.58,1,35,0.3432,1
0.6836,3,0.2308,3,1,1,0.2259,0,6.35,-0.84,0,0,0.4156,0
0.8835,0,0.0,1,0,14,0.0663,0,6.28,-0.27,0,0,0.6273,0
0.9295,1,0.05,0,1,3,0.1418,0,5.81,0.52,0,0,0.4873,0
0.9729,0,0.0,0,0,3,0.0538,0,7.4,0.05,0,0,0.4611,0
0.6554,2,0.1538,2,0,11,0.4002,2,7.0,-0.83,0,0,0.7579,1
0.8772,1,0.1429,0,0,18,0.1721,0,7.2,0.14,0,0,0.7954,0
0.5274,4,0.3636,0,3,8,0.2097,0,8.99,-0.88,0,0,0.5596,1
0.911,1,0.0909,0,1,1,0.1255,1,8.22,0.85,0,0,0.5383,0
0.5119,7,0.35,1,5,15,0.6331,1,5.56,-1.2,0,0,0.5691,1
0.8233,1,0.1,0,0,15,0.1652,1,6.72,0.27,0,0,0.3542,0
0.9183,0,0.0,1,0,2,0.449,0,5.86,-1.46,1,24,0.4097,0
0.8425,3,0.1111,0,3,12,0.2818,0,6.55,-0.91,0,0,0.6409,1
0.8299,3,0.1364,0,3,16,0.03,0,9.88,-0.47,0,0,0.5003,0
0.9354,1,0.0417,0,1,1,0.046,0,8.7,0.72,0,0,0.6102,0
0.7723,3,0.12,2,1,16,0.1768,0,8.79,0.34,0,0,0.2992,0
0.9046,1,0.1111,0,1,3,0.201,0,7.05,-0.36,1,38,0.4014,0
0.9703,1,0.0385,1,1,1,0.1193,0,8.14,-0.46,0,0,0.4591,0
0.8131,3,0.1364,0,3,10,0.5688,3,6.83,-1.09,0,0,0.6948,1
0.4929,10,0.4,0,8,2,0.5183,1,3.57,-1.34,0,0,0.4946,1
0.8136,1,0.0588,0,1,14,0.3119,0,7.83,-0.67,0,0,0.5092,0
0.8321,1,0.0833,0,1,9,0.0351,1,8.86,-0.91,0,0,0.3764,0
0.6487,4,0.25,1,1,11,0.4065,0,5.28,-1.69,0,0,0.334,1
0.7055,3,0.15,0,2,17,0.3013,1,6.15,-0.88,0,0,0.6256,1
0.869,3,0.1071,1,1,6,0.3188,1,6.38,-0.39,0,0,0.2428,1
0.9497,0,0.0,1,0,3,0.0644,0,5.7,0.52,0,0,0.3531,0
0.9038,1,0.125,0,1,3,0.0714,0,7.72,0.28,0,0,0.6924,0
0.8374,1,0.2,1,1,1,0.45,2,7.58,-1.08,0,0,0.5962,0
0.6987,3,0.1875,1,1,11,0.5907,1,6.05,-1.13,0,0,0.4094,1
0.644,7,0.2917,2,3,17,0.3979,2,5.56,-0.78,0,0,0.7534,1
0.7992,1,0.1667,1,1,5,0.4099,0,8.41,-0.96,0,0,0.6442,0
0.8794,1,0.125,0,0,19,0.1182,0,8.99,-0.61,0,0,0.3582,0
0.8045,4,0.1667,0,1,12,0.1257,0,7.51,0.38,1,28,0.4326,0
0.8644,3,0.1429,1,2,16,0.1346,1,8.82,-0.91,0,0,0.3853,0
0.7211,6,0.2222,1,2,6,0.2617,0,5.95,-0.69,0,0,0.4871,0
0.7729,1,0.0909,1,1,5,0.1059,0,8.98,-0.52,0,0,0.5033,0
0.6687,4,0.3077,2,3,15,0.1369,2,5.77,-0.59,0,0,0.2015,0
0.9271,1,0.0435,1,0,0,0.0436,0,7.97,-0.01,0,0,0.2535,0
1.0,0,0.0,0,0,2,0.0659,0,7.68,0.48,1,12,0.7224,0
0.8175,3,0.1111,0,1,19,0.1889,1,9.06,-0.91,0,0,0.5203,0
0.8248,4,0.1379,1,0,19,0.2743,0,6.8,-0.38,1,43,0.7238,1
0.8282,3,0.12,2,3,20,0.308,0,4.08,-1.12,0,0,0.1793,1
0.8231,1,0.0909,0,0,13,0.4764,4,5.51,-1.38,0,0,0.525,1
0.7172,5,0.2174,1,1,16,0.6478,3,5.78,-1.09,0,0,0.4647,0
0.9004,0,0.0,0,0,0,0.0924,0,8.87,-0.79,0,0,0.3768,0
0.7907,4,0.1538,0,2,7,0.2583,1,4.02,-1.13,1,13,0.5638,1
0.6177,5,0.2778,2,2,14,0.758,1,2.68,-1.38,1,44,0.8342,1
0.8647,1,0.1,1,0,17,0.2809,0,6.55,-0.05,0,0,0.4447,0
0.3547,3,0.3,3,1,19,0.9594,4,2.62,-2.14,0,0,0.4136,1
0.7793,1,0.1667,1,0,18,0.246,0,7.44,-0.87,0,0,0.3162,0
1.0,0,0.0,1,0,3,0.2026,2,8.22,0.24,0,0,0.4304,0
0.8437,1,0.0526,0,1,1,0.107,0,8.42,0.2,0,0,0.6994,0
0.878,1,0.0526,1,0,17,0.1028,0,8.83,0.0,0,0,0.5962,1
0.7831,2,0.1333,2,1,4,0.2418,0,7.43,-0.11,0,0,0.1963,1
0.9629,1,0.0333,0,0,0,0.2001,0,4.99,-0.83,0,0,0.7833,0
0.712,2,0.2,2,2,11,0.2236,0,6.3,-1.18,0,0,0.791,0
0.3653,8,0.4706,1,8,10,0.6466,2,3.23,-2.24,0,0,0.2235,1
0.8639,3,0.125,1,1,4,0.3505,0,4.35,-0.42,0,0,0.5105,1
0.4075,4,0.3333,0,3,12,0.28,0,5.3,-1.94,0,0,0.5522,1
0.9646,0,0.0,0,0,1,0.0768,0,8.17,-0.12,0,0,0.3926,1
0.4172,4,0.4,3,1,19,0.7085,1,3.43,-1.77,0,0,0.6428,1
0.7355,1,0.1667,2,1,15,0.2072,0,6.79,-0.64,0,0,0.4088,0
0.8008,3,0.1765,1,3,12,0.2024,1,7.01,0.38,0,0,0.6288,1
0.7569,2,0.1176,0,2,18,0.3322,1,5.42,-0.67,0,0,0.5942,0
0.7171,2,0.1667,0,1,17,0.4974,2,7.48,-1.36,1,8,0.597,1
0.552,3,0.2143,0,3,18,0.7684,1,5.28,-1.74,1,38,0.2893,1
0.9481,1,0.04,0,0,1,0.0564,0,9.23,-0.07,0,0,0.5048,0
