Lead_Source,Occupation,Study_Purpose,Course_Interested,Last_Engagement_Status,Call_Attempt_Count,Days_Since_Created,Converted,_bin
tiktok,student_y1_y2,career_advancement,communication_english,positive_interaction,7,5.0,0,6+
google_ads,working_professional,career_advancement,communication_english,rejected,8,6.0,0,6+
website_organic,,career_advancement,communication_english,not_answering,5,13.0,0,4-5
tiktok,student_y1_y2,pass_exam,backend_nodejs,not_answering,2,1.0,0,2-3
facebook,student_y1_y2,pass_exam,toeic,interested_need_time,3,9.0,0,2-3
referral,student_y3_y4,career_advancement,communication_english,busy_call_back,3,17.0,0,2-3
tiktok,working_professional,career_advancement,communication_english,interested_need_time,1,1.0,1,1
tiktok,working_professional,pass_exam,communication_english,interested_need_time,5,5.0,1,4-5
facebook,working_professional,company_training,data_analysis,positive_interaction,4,4.0,0,4-5
google_ads,student_y3_y4,pass_exam,communication_english,not_answering,3,9.0,1,2-3
facebook,student_y1_y2,pass_exam,toeic,busy_call_back,2,14.0,0,2-3
referral,student_y3_y4,pass_exam,backend_nodejs,wrong_number,1,1.0,1,1
google_ads,student_y1_y2,pass_exam,toeic,busy_call_back,5,46.0,0,4-5
website_organic,working_professional,pass_exam,communication_english,interested_need_time,1,1.0,1,1
google_ads,student_y1_y2,hobby,communication_english,not_answering,1,12.0,0,1
facebook,student_y3_y4,study_abroad,communication_english,not_answering,3,5.0,1,2-3
google_ads,student_y3_y4,career_advancement,toeic,busy_call_back,4,4.0,1,4-5
facebook,,hobby,frontend,busy_call_back,1,0.0,0,1
website_organic,working_professional,hobby,data_analysis,positive_interaction,2,21.0,1,2-3
google_ads,student_y3_y4,study_abroad,ielts,interested_need_time,4,5.0,1,4-5
tiktok,parent_enrolling,pass_exam,kids_english,wrong_number,6,12.0,0,6+
facebook,unemployed,hobby,backend_nodejs,wrong_number,3,4.0,0,2-3
referral,unemployed,career_advancement,frontend,not_answering,4,1.0,0,4-5
website_organic,working_professional,company_training,toeic,not_answering,2,24.0,0,2-3
tiktok,working_professional,pass_exam,data_analysis,wrong_number,4,4.0,0,4-5
facebook,working_professional,career_advancement,communication_english,busy_call_back,3,8.0,1,2-3
google_ads,student_y3_y4,study_abroad,ielts,busy_call_back,5,11.0,0,4-5
facebook,student_y3_y4,career_advancement,toeic,not_answering,4,60.0,0,4-5
facebook,working_professional,career_advancement,toeic,positive_interaction,2,14.0,1,2-3
tiktok,student_y1_y2,career_advancement,backend_nodejs,not_answering,1,6.0,0,1
tiktok,student_y1_y2,hobby,toeic,not_answering,5,6.0,0,4-5
referral,unemployed,study_abroad,communication_english,interested_need_time,1,14.0,0,1
facebook,student_y1_y2,study_abroad,toeic,positive_interaction,4,0.0,1,4-5
facebook,student_y3_y4,pass_exam,backend_nodejs,not_answering,3,8.0,0,2-3
google_ads,working_professional,career_advancement,communication_english,positive_interaction,1,9.0,1,1
facebook,student_y1_y2,study_abroad,toeic,busy_call_back,4,3.0,0,4-5
facebook,unemployed,career_advancement,data_analysis,busy_call_back,3,16.0,1,2-3
google_ads,student_y1_y2,pass_exam,communication_english,busy_call_back,5,,0,4-5
facebook,unemployed,hobby,communication_english,not_answering,2,9.0,0,2-3
tiktok,working_professional,company_training,data_analysis,busy_call_back,1,,1,1
google_ads,student_y1_y2,study_abroad,ielts,wrong_number,1,,0,1
website_organic,student_y1_y2,pass_exam,backend_nodejs,not_answering,2,3.0,0,2-3
tiktok,student_y3_y4,study_abroad,communication_english,rejected,4,29.0,1,4-5
facebook,student_y3_y4,study_abroad,communication_english,not_answering,2,0.0,1,2-3
website_organic,student_y1_y2,pass_exam,toeic,busy_call_back,1,50.0,0,1
website_organic,parent_enrolling,study_abroad,kids_english,interested_need_time,8,0.0,0,6+
facebook,student_y1_y2,pass_exam,communication_english,positive_interaction,1,14.0,1,1
facebook,unemployed,study_abroad,backend_nodejs,not_answering,2,,0,2-3
tiktok,student_y1_y2,pass_exam,backend_nodejs,not_answering,5,14.0,0,4-5
facebook,parent_enrolling,pass_exam,kids_english,interested_need_time,4,1.0,1,4-5
facebook,student_y1_y2,hobby,communication_english,not_answering,2,16.0,0,2-3
facebook,student_y3_y4,hobby,ielts,interested_need_time,7,2.0,0,6+
tiktok,working_professional,company_training,communication_english,positive_interaction,3,5.0,1,2-3
tiktok,student_y1_y2,pass_exam,frontend,not_answering,1,13.0,0,1
tiktok,unemployed,study_abroad,communication_english,positive_interaction,1,11.0,1,1
tiktok,student_y3_y4,pass_exam,toeic,not_answering,6,7.0,0,6+
google_ads,student_y3_y4,pass_exam,ielts,wrong_number,2,1.0,1,2-3
google_ads,student_y3_y4,pass_exam,toeic,rejected,5,7.0,0,4-5
facebook,working_professional,pass_exam,data_analysis,positive_interaction,1,19.0,1,1
facebook,student_y1_y2,study_abroad,ielts,rejected,1,2.0,0,1
tiktok,student_y1_y2,pass_exam,toeic,positive_interaction,5,4.0,0,4-5
google_ads,student_y1_y2,pass_exam,toeic,not_answering,8,9.0,0,6+
google_ads,student_y3_y4,pass_exam,toeic,not_answering,1,0.0,1,1
tiktok,student_y1_y2,pass_exam,backend_nodejs,not_answering,1,11.0,0,1
google_ads,parent_enrolling,pass_exam,kids_english,busy_call_back,4,24.0,0,4-5
google_ads,student_y3_y4,hobby,toeic,interested_need_time,3,1.0,0,2-3
google_ads,working_professional,career_advancement,frontend,busy_call_back,2,3.0,0,2-3
facebook,,study_abroad,ielts,positive_interaction,1,0.0,1,1
facebook,student_y3_y4,career_advancement,communication_english,busy_call_back,6,0.0,0,6+
google_ads,student_y3_y4,pass_exam,toeic,not_answering,1,1.0,1,1
facebook,student_y3_y4,pass_exam,ielts,not_answering,2,2.0,0,2-3
google_ads,student_y3_y4,pass_exam,toeic,rejected,2,4.0,0,2-3
website_organic,student_y3_y4,study_abroad,toeic,busy_call_back,1,15.0,1,1
facebook,student_y3_y4,pass_exam,toeic,busy_call_back,3,0.0,0,2-3
facebook,parent_enrolling,pass_exam,kids_english,not_answering,2,41.0,1,2-3
facebook,student_y1_y2,study_abroad,communication_english,rejected,3,39.0,0,2-3
facebook,student_y3_y4,pass_exam,toeic,not_answering,2,3.0,1,2-3
tiktok,student_y1_y2,pass_exam,toeic,interested_need_time,1,8.0,1,1
google_ads,student_y3_y4,study_abroad,communication_english,not_answering,5,2.0,1,4-5
tiktok,,career_advancement,data_analysis,not_answering,3,23.0,0,2-3
tiktok,student_y1_y2,pass_exam,communication_english,positive_interaction,2,10.0,1,2-3
google_ads,working_professional,career_advancement,data_analysis,interested_need_time,1,1.0,0,1
website_organic,student_y3_y4,pass_exam,backend_nodejs,positive_interaction,3,,1,2-3
facebook,student_y1_y2,hobby,ielts,not_answering,4,,0,4-5
facebook,parent_enrolling,hobby,kids_english,rejected,4,19.0,0,4-5
facebook,,study_abroad,ielts,interested_need_time,4,1.0,1,4-5
tiktok,,hobby,communication_english,rejected,1,4.0,0,1
google_ads,student_y3_y4,pass_exam,communication_english,not_answering,7,6.0,0,6+
facebook,parent_enrolling,pass_exam,kids_english,busy_call_back,2,19.0,0,2-3
google_ads,student_y3_y4,pass_exam,communication_english,busy_call_back,2,3.0,0,2-3
facebook,student_y3_y4,hobby,communication_english,positive_interaction,3,2.0,0,2-3
tiktok,working_professional,career_advancement,communication_english,positive_interaction,1,11.0,1,1
google_ads,student_y3_y4,pass_exam,toeic,busy_call_back,2,11.0,0,2-3
facebook,student_y3_y4,study_abroad,ielts,not_answering,1,10.0,1,1
facebook,parent_enrolling,pass_exam,kids_english,not_answering,4,4.0,0,4-5
google_ads,working_professional,pass_exam,communication_english,not_answering,4,0.0,1,4-5
facebook,working_professional,career_advancement,toeic,positive_interaction,3,5.0,1,2-3
facebook,working_professional,career_advancement,ielts,not_answering,2,12.0,0,2-3
facebook,unemployed,career_advancement,backend_nodejs,not_answering,2,15.0,1,2-3
referral,unemployed,hobby,data_analysis,busy_call_back,5,2.0,1,4-5
referral,working_professional,company_training,data_analysis,not_answering,3,25.0,0,2-3
tiktok,student_y3_y4,study_abroad,ielts,rejected,3,,0,2-3
facebook,student_y1_y2,career_advancement,communication_english,busy_call_back,1,14.0,0,1
referral,working_professional,career_advancement,communication_english,rejected,2,6.0,0,2-3
tiktok,unemployed,career_advancement,communication_english,positive_interaction,2,23.0,1,2-3
tiktok,student_y3_y4,pass_exam,toeic,interested_need_time,4,6.0,1,4-5
google_ads,student_y1_y2,pass_exam,communication_english,busy_call_back,5,42.0,0,4-5
facebook,student_y3_y4,career_advancement,communication_english,positive_interaction,8,9.0,0,6+
facebook,student_y3_y4,study_abroad,ielts,positive_interaction,2,30.0,1,2-3
referral,unemployed,career_advancement,backend_nodejs,not_answering,3,3.0,0,2-3
google_ads,student_y1_y2,career_advancement,communication_english,rejected,4,6.0,0,4-5
facebook,working_professional,company_training,data_analysis,busy_call_back,2,4.0,0,2-3
facebook,working_professional,company_training,data_analysis,busy_call_back,3,0.0,0,2-3
google_ads,parent_enrolling,hobby,kids_english,busy_call_back,4,10.0,0,4-5
facebook,student_y1_y2,pass_exam,toeic,positive_interaction,2,1.0,1,2-3
website_organic,parent_enrolling,study_abroad,kids_english,busy_call_back,2,0.0,1,2-3
tiktok,working_professional,career_advancement,communication_english,busy_call_back,2,18.0,0,2-3
tiktok,working_professional,company_training,communication_english,not_answering,3,34.0,0,2-3
google_ads,student_y1_y2,career_advancement,toeic,busy_call_back,2,38.0,0,2-3
google_ads,student_y3_y4,pass_exam,toeic,not_answering,2,11.0,0,2-3
google_ads,working_professional,career_advancement,communication_english,wrong_number,1,,1,1
google_ads,student_y3_y4,pass_exam,toeic,busy_call_back,5,3.0,1,4-5
facebook,student_y3_y4,pass_exam,communication_english,rejected,5,15.0,0,4-5
google_ads,working_professional,career_advancement,toeic,positive_interaction,6,3.0,1,6+
facebook,working_professional,career_advancement,ielts,positive_interaction,5,12.0,1,4-5
google_ads,student_y1_y2,career_advancement,backend_nodejs,rejected,1,33.0,0,1
facebook,student_y3_y4,hobby,toeic,not_answering,1,3.0,0,1
facebook,student_y1_y2,study_abroad,ielts,interested_need_time,3,3.0,0,2-3
facebook,parent_enrolling,hobby,kids_english,not_answering,3,1.0,0,2-3
google_ads,parent_enrolling,pass_exam,communication_english,not_answering,4,8.0,0,4-5
facebook,student_y3_y4,career_advancement,backend_nodejs,busy_call_back,2,7.0,1,2-3
referral,,pass_exam,toeic,positive_interaction,6,20.0,1,6+
google_ads,student_y1_y2,pass_exam,toeic,positive_interaction,2,12.0,1,2-3
facebook,student_y3_y4,study_abroad,ielts,not_answering,3,14.0,0,2-3
google_ads,unemployed,hobby,communication_english,positive_interaction,5,4.0,0,4-5
facebook,student_y3_y4,study_abroad,communication_english,not_answering,3,23.0,0,2-3
referral,student_y1_y2,study_abroad,ielts,not_answering,4,17.0,0,4-5
google_ads,student_y1_y2,pass_exam,toeic,not_answering,4,19.0,0,4-5
tiktok,student_y1_y2,career_advancement,toeic,interested_need_time,4,31.0,0,4-5
facebook,unemployed,career_advancement,toeic,busy_call_back,5,15.0,1,4-5
google_ads,working_professional,company_training,frontend,not_answering,2,17.0,0,2-3
google_ads,working_professional,career_advancement,ielts,not_answering,2,23.0,0,2-3
referral,student_y3_y4,pass_exam,toeic,interested_need_time,5,17.0,1,4-5
google_ads,parent_enrolling,hobby,ielts,positive_interaction,3,15.0,1,2-3
google_ads,student_y3_y4,study_abroad,ielts,not_answering,3,7.0,0,2-3
facebook,,career_advancement,backend_nodejs,positive_interaction,2,1.0,1,2-3
facebook,unemployed,study_abroad,communication_english,interested_need_time,2,2.0,0,2-3
google_ads,student_y3_y4,pass_exam,communication_english,busy_call_back,3,1.0,1,2-3
google_ads,unemployed,hobby,frontend,not_answering,7,15.0,0,6+
facebook,student_y3_y4,study_abroad,toeic,rejected,2,3.0,0,2-3
website_organic,working_professional,career_advancement,data_analysis,busy_call_back,2,21.0,0,2-3
website_organic,student_y1_y2,study_abroad,ielts,busy_call_back,1,3.0,0,1
facebook,student_y3_y4,hobby,communication_english,wrong_number,3,0.0,0,2-3
google_ads,student_y1_y2,study_abroad,ielts,positive_interaction,2,9.0,1,2-3
facebook,student_y1_y2,career_advancement,toeic,positive_interaction,4,14.0,1,4-5
tiktok,student_y1_y2,pass_exam,toeic,positive_interaction,1,4.0,1,1
facebook,student_y3_y4,study_abroad,toeic,not_answering,2,8.0,1,2-3
tiktok,working_professional,company_training,frontend,positive_interaction,1,0.0,1,1
tiktok,student_y3_y4,pass_exam,communication_english,busy_call_back,1,1.0,1,1
tiktok,student_y3_y4,hobby,toeic,wrong_number,5,3.0,0,4-5
facebook,parent_enrolling,hobby,kids_english,busy_call_back,6,9.0,0,6+
referral,parent_enrolling,pass_exam,kids_english,not_answering,4,0.0,1,4-5
facebook,student_y1_y2,pass_exam,toeic,busy_call_back,5,0.0,0,4-5
facebook,student_y3_y4,pass_exam,toeic,positive_interaction,1,22.0,1,1
google_ads,working_professional,career_advancement,frontend,interested_need_time,5,14.0,0,4-5
facebook,working_professional,career_advancement,frontend,positive_interaction,3,3.0,1,2-3
website_organic,student_y3_y4,study_abroad,ielts,not_answering,4,6.0,1,4-5
website_organic,,career_advancement,ielts,not_answering,3,16.0,1,2-3
facebook,student_y1_y2,study_abroad,toeic,interested_need_time,2,25.0,1,2-3
referral,student_y3_y4,pass_exam,communication_english,busy_call_back,2,5.0,0,2-3
facebook,working_professional,company_training,ielts,positive_interaction,1,19.0,1,1
google_ads,working_professional,career_advancement,ielts,rejected,2,1.0,0,2-3
facebook,unemployed,career_advancement,data_analysis,positive_interaction,3,,1,2-3
referral,student_y1_y2,study_abroad,ielts,busy_call_back,8,13.0,0,6+
facebook,student_y1_y2,pass_exam,ielts,interested_need_time,1,13.0,0,1
facebook,student_y1_y2,pass_exam,toeic,rejected,3,11.0,0,2-3
google_ads,student_y1_y2,study_abroad,communication_english,positive_interaction,3,62.0,1,2-3
other,student_y1_y2,study_abroad,communication_english,positive_interaction,1,,1,1
website_organic,student_y3_y4,study_abroad,communication_english,busy_call_back,2,0.0,0,2-3
tiktok,student_y3_y4,study_abroad,communication_english,positive_interaction,2,1.0,1,2-3
website_organic,working_professional,hobby,data_analysis,not_answering,3,20.0,0,2-3
website_organic,,pass_exam,communication_english,positive_interaction,2,,0,2-3
google_ads,,pass_exam,toeic,wrong_number,1,12.0,0,1
facebook,working_professional,company_training,toeic,rejected,2,0.0,0,2-3
tiktok,,study_abroad,toeic,not_answering,5,18.0,0,4-5
tiktok,unemployed,career_advancement,communication_english,positive_interaction,5,12.0,1,4-5
facebook,student_y1_y2,pass_exam,toeic,not_answering,1,7.0,0,1
facebook,student_y3_y4,career_advancement,communication_english,busy_call_back,3,18.0,0,2-3
tiktok,unemployed,hobby,communication_english,positive_interaction,6,,0,6+
facebook,working_professional,career_advancement,communication_english,busy_call_back,1,17.0,1,1
referral,working_professional,company_training,data_analysis,busy_call_back,1,5.0,0,1
facebook,working_professional,career_advancement,frontend,positive_interaction,1,,1,1
facebook,student_y1_y2,career_advancement,toeic,positive_interaction,1,23.0,1,1
website_organic,working_professional,company_training,data_analysis,interested_need_time,5,8.0,0,4-5
facebook,unemployed,career_advancement,communication_english,interested_need_time,5,7.0,0,4-5
facebook,parent_enrolling,study_abroad,communication_english,positive_interaction,3,2.0,1,2-3
google_ads,student_y3_y4,study_abroad,ielts,busy_call_back,2,7.0,1,2-3
website_organic,student_y3_y4,study_abroad,ielts,not_answering,5,4.0,1,4-5
facebook,working_professional,career_advancement,toeic,interested_need_time,1,10.0,0,1
facebook,student_y3_y4,hobby,ielts,positive_interaction,1,26.0,1,1
tiktok,student_y3_y4,hobby,toeic,not_answering,1,5.0,0,1
referral,student_y1_y2,study_abroad,ielts,not_answering,5,,0,4-5
google_ads,student_y1_y2,pass_exam,toeic,rejected,4,17.0,0,4-5
facebook,student_y3_y4,career_advancement,communication_english,wrong_number,3,2.0,0,2-3
facebook,student_y1_y2,study_abroad,ielts,interested_need_time,4,2.0,1,4-5
facebook,student_y1_y2,study_abroad,ielts,positive_interaction,1,23.0,1,1
facebook,student_y1_y2,pass_exam,communication_english,rejected,2,,0,2-3
tiktok,parent_enrolling,pass_exam,communication_english,interested_need_time,5,20.0,0,4-5
facebook,student_y1_y2,study_abroad,ielts,not_answering,6,11.0,0,6+
google_ads,,pass_exam,communication_english,interested_need_time,3,0.0,1,2-3
tiktok,student_y3_y4,pass_exam,toeic,rejected,1,4.0,1,1
google_ads,student_y1_y2,study_abroad,ielts,positive_interaction,7,1.0,1,6+
facebook,parent_enrolling,study_abroad,kids_english,not_answering,2,24.0,0,2-3
website_organic,parent_enrolling,pass_exam,kids_english,rejected,2,12.0,0,2-3
tiktok,student_y3_y4,study_abroad,communication_english,positive_interaction,1,27.0,1,1
tiktok,student_y3_y4,pass_exam,communication_english,busy_call_back,1,2.0,1,1
facebook,student_y3_y4,pass_exam,toeic,rejected,3,,0,2-3
facebook,student_y1_y2,pass_exam,backend_nodejs,positive_interaction,3,5.0,1,2-3
referral,student_y3_y4,pass_exam,frontend,positive_interaction,2,1.0,1,2-3
facebook,student_y1_y2,hobby,toeic,rejected,1,8.0,0,1
facebook,student_y1_y2,pass_exam,toeic,not_answering,3,17.0,0,2-3
google_ads,working_professional,pass_exam,data_analysis,positive_interaction,2,10.0,1,2-3
tiktok,student_y1_y2,study_abroad,ielts,busy_call_back,2,27.0,0,2-3
referral,student_y1_y2,career_advancement,toeic,wrong_number,2,8.0,0,2-3
facebook,student_y3_y4,pass_exam,toeic,wrong_number,5,2.0,1,4-5
referral,student_y3_y4,study_abroad,communication_english,positive_interaction,8,1.0,1,6+
facebook,student_y1_y2,career_advancement,toeic,positive_interaction,2,10.0,1,2-3
google_ads,student_y1_y2,pass_exam,communication_english,positive_interaction,4,2.0,1,4-5
google_ads,student_y1_y2,study_abroad,ielts,not_answering,5,25.0,0,4-5
facebook,student_y1_y2,pass_exam,communication_english,busy_call_back,1,29.0,0,1
facebook,unemployed,study_abroad,backend_nodejs,not_answering,6,13.0,0,6+
google_ads,parent_enrolling,pass_exam,kids_english,positive_interaction,3,8.0,1,2-3
referral,student_y3_y4,pass_exam,ielts,interested_need_time,3,0.0,1,2-3
google_ads,student_y3_y4,pass_exam,toeic,interested_need_time,3,0.0,1,2-3
referral,working_professional,career_advancement,communication_english,not_answering,2,17.0,1,2-3
website_organic,working_professional,career_advancement,data_analysis,interested_need_time,4,9.0,1,4-5
google_ads,student_y1_y2,career_advancement,ielts,busy_call_back,4,15.0,0,4-5
tiktok,student_y1_y2,pass_exam,toeic,rejected,1,0.0,1,1
facebook,student_y3_y4,study_abroad,ielts,wrong_number,3,1.0,1,2-3
facebook,working_professional,career_advancement,frontend,interested_need_time,7,19.0,0,6+
website_organic,student_y1_y2,hobby,toeic,positive_interaction,5,8.0,0,4-5
tiktok,student_y3_y4,career_advancement,communication_english,not_answering,3,11.0,0,2-3
facebook,student_y3_y4,pass_exam,communication_english,not_answering,1,17.0,0,1
google_ads,student_y3_y4,pass_exam,toeic,interested_need_time,2,3.0,1,2-3
google_ads,student_y3_y4,hobby,communication_english,positive_interaction,1,3.0,1,1
website_organic,working_professional,career_advancement,toeic,not_answering,5,7.0,0,4-5
google_ads,student_y3_y4,hobby,toeic,not_answering,4,0.0,0,4-5
google_ads,student_y1_y2,hobby,ielts,interested_need_time,6,36.0,0,6+
facebook,student_y1_y2,pass_exam,communication_english,not_answering,1,8.0,0,1
google_ads,unemployed,hobby,backend_nodejs,busy_call_back,7,0.0,0,6+
tiktok,student_y3_y4,pass_exam,toeic,busy_call_back,7,3.0,0,6+
website_organic,student_y1_y2,pass_exam,communication_english,rejected,4,13.0,0,4-5
google_ads,student_y3_y4,career_advancement,communication_english,busy_call_back,5,,0,4-5
facebook,unemployed,hobby,communication_english,not_answering,2,9.0,0,2-3
facebook,working_professional,career_advancement,data_analysis,not_answering,2,41.0,0,2-3
tiktok,unemployed,hobby,backend_nodejs,not_answering,1,0.0,0,1
website_organic,working_professional,career_advancement,toeic,positive_interaction,1,17.0,1,1
facebook,student_y3_y4,hobby,toeic,busy_call_back,1,,0,1
facebook,student_y3_y4,pass_exam,communication_english,not_answering,4,3.0,1,4-5
google_ads,student_y1_y2,study_abroad,toeic,rejected,2,6.0,1,2-3
facebook,working_professional,pass_exam,data_analysis,positive_interaction,1,7.0,1,1
website_organic,working_professional,career_advancement,toeic,not_answering,1,12.0,0,1
facebook,student_y1_y2,hobby,toeic,not_answering,4,5.0,0,4-5
facebook,unemployed,study_abroad,backend_nodejs,positive_interaction,6,1.0,0,6+
referral,student_y3_y4,pass_exam,communication_english,positive_interaction,2,11.0,1,2-3
facebook,student_y1_y2,study_abroad,ielts,rejected,4,6.0,0,4-5
facebook,student_y3_y4,pass_exam,communication_english,not_answering,7,12.0,0,6+
facebook,unemployed,career_advancement,communication_english,positive_interaction,4,12.0,0,4-5
facebook,parent_enrolling,study_abroad,kids_english,not_answering,4,4.0,0,4-5
facebook,student_y3_y4,study_abroad,toeic,busy_call_back,3,12.0,0,2-3
facebook,parent_enrolling,hobby,kids_english,positive_interaction,7,6.0,0,6+
facebook,unemployed,career_advancement,backend_nodejs,positive_interaction,2,27.0,0,2-3
facebook,unemployed,career_advancement,data_analysis,not_answering,4,9.0,0,4-5
google_ads,unemployed,hobby,communication_english,not_answering,2,4.0,0,2-3
tiktok,student_y3_y4,study_abroad,ielts,positive_interaction,1,2.0,1,1
facebook,working_professional,pass_exam,communication_english,not_answering,4,0.0,1,4-5
facebook,working_professional,pass_exam,communication_english,busy_call_back,5,,1,4-5
google_ads,working_professional,company_training,ielts,not_answering,5,1.0,0,4-5
website_organic,student_y1_y2,pass_exam,toeic,not_answering,6,6.0,0,6+
website_organic,working_professional,hobby,frontend,positive_interaction,4,0.0,1,4-5
facebook,parent_enrolling,pass_exam,kids_english,not_answering,3,0.0,0,2-3
facebook,student_y3_y4,career_advancement,toeic,interested_need_time,6,2.0,1,6+
facebook,parent_enrolling,study_abroad,kids_english,positive_interaction,2,11.0,1,2-3
facebook,student_y3_y4,pass_exam,ielts,not_answering,1,20.0,0,1
google_ads,student_y1_y2,pass_exam,frontend,interested_need_time,2,3.0,0,2-3
google_ads,student_y1_y2,study_abroad,ielts,busy_call_back,3,2.0,0,2-3
facebook,working_professional,career_advancement,toeic,positive_interaction,4,9.0,1,4-5
facebook,working_professional,hobby,data_analysis,positive_interaction,5,7.0,1,4-5
google_ads,student_y3_y4,career_advancement,toeic,positive_interaction,1,27.0,1,1
facebook,working_professional,career_advancement,communication_english,busy_call_back,5,9.0,0,4-5
website_organic,student_y3_y4,career_advancement,toeic,positive_interaction,3,6.0,1,2-3
facebook,student_y3_y4,study_abroad,ielts,interested_need_time,7,11.0,1,6+
referral,unemployed,career_advancement,backend_nodejs,busy_call_back,2,3.0,0,2-3
facebook,working_professional,company_training,ielts,not_answering,3,15.0,0,2-3
website_organic,working_professional,career_advancement,data_analysis,not_answering,4,18.0,0,4-5
referral,working_professional,career_advancement,frontend,not_answering,3,0.0,1,2-3
referral,parent_enrolling,study_abroad,kids_english,not_answering,1,10.0,1,1
website_organic,student_y1_y2,career_advancement,toeic,rejected,1,16.0,0,1
tiktok,student_y3_y4,pass_exam,toeic,rejected,1,1.0,0,1
google_ads,student_y1_y2,pass_exam,ielts,not_answering,3,1.0,0,2-3
tiktok,working_professional,company_training,data_analysis,rejected,3,11.0,0,2-3
facebook,working_professional,hobby,data_analysis,positive_interaction,3,11.0,1,2-3
google_ads,working_professional,career_advancement,communication_english,busy_call_back,4,8.0,0,4-5
google_ads,student_y3_y4,pass_exam,frontend,rejected,1,24.0,0,1
website_organic,student_y1_y2,hobby,communication_english,positive_interaction,1,0.0,1,1
google_ads,working_professional,career_advancement,communication_english,interested_need_time,4,5.0,0,4-5
facebook,parent_enrolling,hobby,kids_english,not_answering,4,3.0,0,4-5
google_ads,student_y3_y4,study_abroad,ielts,not_answering,4,4.0,1,4-5
facebook,student_y1_y2,pass_exam,communication_english,rejected,4,10.0,0,4-5
facebook,student_y3_y4,hobby,communication_english,not_answering,7,,0,6+
google_ads,student_y3_y4,study_abroad,ielts,not_answering,6,16.0,0,6+
google_ads,student_y3_y4,hobby,communication_english,not_answering,3,10.0,0,2-3
facebook,student_y3_y4,study_abroad,communication_english,busy_call_back,2,2.0,1,2-3
facebook,working_professional,career_advancement,communication_english,busy_call_back,1,1.0,0,1
facebook,student_y3_y4,hobby,communication_english,rejected,3,2.0,1,2-3
facebook,student_y3_y4,pass_exam,toeic,busy_call_back,2,1.0,0,2-3
facebook,student_y1_y2,hobby,communication_english,wrong_number,1,5.0,1,1
tiktok,parent_enrolling,study_abroad,kids_english,interested_need_time,2,3.0,0,2-3
facebook,,hobby,ielts,interested_need_time,6,4.0,0,6+
referral,student_y3_y4,study_abroad,ielts,not_answering,1,8.0,1,1
referral,student_y1_y2,study_abroad,communication_english,not_answering,4,1.0,0,4-5
google_ads,working_professional,company_training,ielts,wrong_number,6,1.0,0,6+
facebook,unemployed,hobby,communication_english,positive_interaction,4,2.0,1,4-5
google_ads,student_y1_y2,study_abroad,communication_english,busy_call_back,1,23.0,1,1
website_organic,student_y1_y2,pass_exam,toeic,rejected,5,4.0,0,4-5
tiktok,student_y1_y2,career_advancement,toeic,positive_interaction,4,5.0,0,4-5
website_organic,working_professional,hobby,communication_english,not_answering,2,31.0,0,2-3
google_ads,parent_enrolling,pass_exam,kids_english,interested_need_time,3,3.0,1,2-3
google_ads,student_y3_y4,study_abroad,communication_english,positive_interaction,1,6.0,1,1
facebook,student_y3_y4,study_abroad,ielts,positive_interaction,4,21.0,1,4-5
tiktok,working_professional,career_advancement,data_analysis,not_answering,6,20.0,0,6+
facebook,working_professional,pass_exam,data_analysis,not_answering,3,27.0,0,2-3
tiktok,student_y1_y2,pass_exam,communication_english,busy_call_back,7,3.0,0,6+
website_organic,student_y1_y2,pass_exam,toeic,not_answering,2,3.0,1,2-3
facebook,student_y3_y4,pass_exam,toeic,not_answering,5,1.0,1,4-5
google_ads,working_professional,career_advancement,data_analysis,interested_need_time,4,5.0,1,4-5
facebook,working_professional,career_advancement,data_analysis,interested_need_time,1,8.0,1,1
tiktok,,pass_exam,data_analysis,not_answering,6,17.0,0,6+
facebook,unemployed,career_advancement,backend_nodejs,interested_need_time,6,30.0,0,6+
referral,student_y3_y4,pass_exam,toeic,not_answering,2,9.0,1,2-3
facebook,student_y3_y4,study_abroad,communication_english,busy_call_back,4,2.0,0,4-5
referral,student_y1_y2,career_advancement,ielts,positive_interaction,2,22.0,0,2-3
website_organic,unemployed,hobby,frontend,wrong_number,1,8.0,0,1
google_ads,working_professional,hobby,frontend,not_answering,2,0.0,0,2-3
tiktok,student_y3_y4,study_abroad,toeic,wrong_number,3,16.0,0,2-3
tiktok,student_y1_y2,hobby,communication_english,wrong_number,1,10.0,0,1
referral,working_professional,career_advancement,communication_english,interested_need_time,1,14.0,1,1
facebook,working_professional,company_training,communication_english,rejected,7,0.0,0,6+
google_ads,working_professional,career_advancement,data_analysis,not_answering,3,7.0,1,2-3
facebook,student_y1_y2,hobby,ielts,not_answering,5,10.0,0,4-5
google_ads,parent_enrolling,hobby,kids_english,positive_interaction,2,5.0,1,2-3
facebook,working_professional,career_advancement,data_analysis,busy_call_back,1,0.0,0,1
google_ads,working_professional,career_advancement,data_analysis,busy_call_back,4,15.0,0,4-5
google_ads,working_professional,pass_exam,data_analysis,not_answering,2,3.0,0,2-3
google_ads,parent_enrolling,study_abroad,kids_english,not_answering,3,16.0,0,2-3
google_ads,parent_enrolling,hobby,kids_english,not_answering,8,17.0,1,6+
tiktok,working_professional,career_advancement,communication_english,not_answering,2,3.0,1,2-3
tiktok,student_y3_y4,study_abroad,ielts,rejected,3,6.0,1,2-3
google_ads,student_y3_y4,study_abroad,communication_english,not_answering,3,24.0,1,2-3
google_ads,,career_advancement,frontend,positive_interaction,1,10.0,0,1
referral,working_professional,career_advancement,communication_english,not_answering,4,10.0,0,4-5
facebook,student_y1_y2,pass_exam,toeic,busy_call_back,3,1.0,0,2-3
facebook,student_y1_y2,hobby,backend_nodejs,rejected,1,7.0,0,1
facebook,parent_enrolling,hobby,kids_english,not_answering,2,18.0,0,2-3
tiktok,unemployed,hobby,data_analysis,not_answering,3,1.0,0,2-3
google_ads,parent_enrolling,study_abroad,kids_english,positive_interaction,3,2.0,1,2-3
tiktok,student_y3_y4,career_advancement,backend_nodejs,not_answering,6,,0,6+
tiktok,working_professional,career_advancement,toeic,not_answering,4,5.0,0,4-5
facebook,unemployed,career_advancement,communication_english,rejected,2,0.0,0,2-3
website_organic,student_y3_y4,career_advancement,toeic,busy_call_back,7,33.0,0,6+
tiktok,student_y1_y2,hobby,communication_english,positive_interaction,4,2.0,1,4-5
facebook,parent_enrolling,pass_exam,ielts,not_answering,1,9.0,1,1
facebook,student_y1_y2,career_advancement,communication_english,not_answering,1,9.0,0,1
facebook,working_professional,career_advancement,frontend,busy_call_back,2,9.0,0,2-3
facebook,working_professional,career_advancement,communication_english,positive_interaction,1,30.0,0,1
facebook,working_professional,career_advancement,communication_english,not_answering,3,42.0,1,2-3
referral,student_y3_y4,study_abroad,ielts,wrong_number,2,13.0,1,2-3
google_ads,working_professional,company_training,toeic,positive_interaction,7,2.0,1,6+
facebook,student_y1_y2,career_advancement,toeic,interested_need_time,3,16.0,1,2-3
tiktok,unemployed,study_abroad,toeic,busy_call_back,2,2.0,0,2-3
google_ads,student_y1_y2,pass_exam,communication_english,interested_need_time,7,7.0,1,6+
referral,working_professional,career_advancement,frontend,positive_interaction,3,4.0,1,2-3
tiktok,working_professional,company_training,communication_english,not_answering,1,1.0,0,1
google_ads,student_y1_y2,pass_exam,toeic,wrong_number,1,4.0,0,1
facebook,student_y1_y2,career_advancement,communication_english,busy_call_back,4,1.0,1,4-5
other,working_professional,career_advancement,toeic,rejected,3,0.0,1,2-3
tiktok,student_y1_y2,study_abroad,ielts,rejected,3,0.0,0,2-3
referral,student_y1_y2,pass_exam,toeic,not_answering,5,7.0,0,4-5
facebook,student_y3_y4,hobby,toeic,busy_call_back,4,4.0,0,4-5
website_organic,parent_enrolling,hobby,kids_english,interested_need_time,5,2.0,1,4-5
google_ads,working_professional,career_advancement,data_analysis,interested_need_time,4,24.0,0,4-5
facebook,student_y3_y4,pass_exam,toeic,positive_interaction,4,,1,4-5
google_ads,parent_enrolling,hobby,ielts,not_answering,1,24.0,0,1
tiktok,student_y3_y4,career_advancement,toeic,interested_need_time,3,25.0,0,2-3
facebook,student_y3_y4,pass_exam,toeic,rejected,2,6.0,0,2-3
google_ads,,hobby,ielts,rejected,3,0.0,0,2-3
website_organic,student_y3_y4,study_abroad,toeic,not_answering,2,,1,2-3
facebook,student_y3_y4,pass_exam,communication_english,rejected,3,23.0,0,2-3
google_ads,working_professional,career_advancement,toeic,not_answering,2,3.0,1,2-3
google_ads,student_y1_y2,hobby,ielts,interested_need_time,3,2.0,1,2-3
facebook,working_professional,career_advancement,communication_english,not_answering,2,5.0,0,2-3
referral,student_y1_y2,study_abroad,ielts,interested_need_time,6,0.0,0,6+
tiktok,student_y3_y4,study_abroad,ielts,not_answering,2,1.0,1,2-3
facebook,student_y1_y2,pass_exam,toeic,not_answering,4,30.0,0,4-5
other,working_professional,career_advancement,ielts,busy_call_back,3,5.0,1,2-3
website_organic,working_professional,career_advancement,data_analysis,rejected,2,9.0,1,2-3
facebook,student_y3_y4,pass_exam,communication_english,interested_need_time,5,5.0,1,4-5
website_organic,student_y1_y2,pass_exam,toeic,positive_interaction,6,0.0,1,6+
facebook,student_y1_y2,career_advancement,communication_english,positive_interaction,4,6.0,1,4-5
other,unemployed,career_advancement,communication_english,busy_call_back,6,0.0,0,6+
tiktok,student_y3_y4,hobby,toeic,not_answering,2,11.0,1,2-3
tiktok,working_professional,career_advancement,toeic,not_answering,6,41.0,0,6+
facebook,student_y3_y4,pass_exam,communication_english,busy_call_back,5,4.0,1,4-5
website_organic,student_y1_y2,study_abroad,ielts,rejected,4,1.0,1,4-5
facebook,working_professional,company_training,toeic,not_answering,5,9.0,0,4-5
facebook,student_y3_y4,career_advancement,toeic,positive_interaction,4,24.0,1,4-5
facebook,student_y1_y2,pass_exam,communication_english,positive_interaction,3,4.0,0,2-3
tiktok,parent_enrolling,pass_exam,kids_english,rejected,3,24.0,0,2-3
facebook,student_y1_y2,pass_exam,communication_english,not_answering,2,0.0,1,2-3
referral,student_y3_y4,pass_exam,communication_english,rejected,4,51.0,0,4-5
tiktok,student_y3_y4,career_advancement,communication_english,interested_need_time,2,6.0,1,2-3
facebook,student_y3_y4,pass_exam,ielts,interested_need_time,4,11.0,1,4-5
facebook,working_professional,career_advancement,ielts,positive_interaction,3,15.0,0,2-3
facebook,student_y1_y2,career_advancement,toeic,not_answering,2,4.0,1,2-3
google_ads,parent_enrolling,hobby,kids_english,positive_interaction,1,8.0,1,1
website_organic,working_professional,career_advancement,toeic,interested_need_time,2,13.0,1,2-3
facebook,parent_enrolling,study_abroad,kids_english,positive_interaction,3,8.0,1,2-3
website_organic,unemployed,study_abroad,communication_english,wrong_number,2,11.0,0,2-3
facebook,parent_enrolling,study_abroad,kids_english,interested_need_time,1,5.0,0,1
website_organic,working_professional,company_training,toeic,not_answering,2,7.0,0,2-3
referral,student_y3_y4,pass_exam,communication_english,not_answering,2,2.0,1,2-3
tiktok,student_y3_y4,pass_exam,toeic,wrong_number,2,1.0,1,2-3
tiktok,working_professional,career_advancement,communication_english,interested_need_time,2,32.0,1,2-3
website_organic,student_y3_y4,pass_exam,toeic,wrong_number,4,19.0,0,4-5
facebook,working_professional,company_training,ielts,busy_call_back,4,32.0,0,4-5
facebook,student_y1_y2,study_abroad,ielts,interested_need_time,7,0.0,1,6+
facebook,unemployed,study_abroad,communication_english,wrong_number,1,39.0,0,1
google_ads,student_y1_y2,hobby,communication_english,positive_interaction,2,5.0,1,2-3
tiktok,parent_enrolling,pass_exam,kids_english,busy_call_back,1,38.0,0,1
google_ads,student_y1_y2,pass_exam,communication_english,not_answering,3,3.0,1,2-3
website_organic,student_y1_y2,pass_exam,ielts,wrong_number,1,0.0,0,1
facebook,unemployed,hobby,data_analysis,positive_interaction,2,8.0,0,2-3
tiktok,unemployed,study_abroad,communication_english,busy_call_back,3,21.0,0,2-3
facebook,working_professional,career_advancement,frontend,interested_need_time,2,9.0,1,2-3
facebook,parent_enrolling,pass_exam,kids_english,not_answering,3,1.0,0,2-3
tiktok,student_y3_y4,pass_exam,toeic,busy_call_back,3,2.0,0,2-3
other,unemployed,study_abroad,frontend,not_answering,5,1.0,1,4-5
google_ads,student_y3_y4,study_abroad,toeic,not_answering,2,18.0,1,2-3
facebook,student_y3_y4,pass_exam,communication_english,positive_interaction,2,8.0,1,2-3
google_ads,student_y3_y4,pass_exam,toeic,busy_call_back,3,0.0,1,2-3
facebook,student_y1_y2,pass_exam,toeic,positive_interaction,1,4.0,1,1
website_organic,working_professional,career_advancement,toeic,busy_call_back,1,12.0,0,1
tiktok,working_professional,career_advancement,communication_english,not_answering,3,5.0,1,2-3
facebook,student_y1_y2,study_abroad,ielts,busy_call_back,2,,0,2-3
facebook,parent_enrolling,hobby,communication_english,not_answering,1,9.0,1,1
facebook,student_y3_y4,career_advancement,communication_english,positive_interaction,4,3.0,1,4-5
other,student_y1_y2,study_abroad,communication_english,rejected,5,2.0,0,4-5
google_ads,working_professional,pass_exam,ielts,positive_interaction,1,12.0,1,1
tiktok,student_y1_y2,study_abroad,communication_english,positive_interaction,3,13.0,1,2-3
google_ads,student_y1_y2,career_advancement,toeic,wrong_number,8,47.0,0,6+
google_ads,working_professional,career_advancement,data_analysis,positive_interaction,2,3.0,1,2-3
facebook,student_y1_y2,career_advancement,toeic,interested_need_time,4,41.0,0,4-5
referral,student_y1_y2,pass_exam,toeic,positive_interaction,1,4.0,1,1
facebook,,career_advancement,ielts,busy_call_back,6,10.0,0,6+
google_ads,student_y1_y2,hobby,toeic,not_answering,1,0.0,0,1
tiktok,unemployed,career_advancement,backend_nodejs,positive_interaction,2,32.0,0,2-3
google_ads,working_professional,company_training,data_analysis,positive_interaction,7,0.0,1,6+
referral,student_y1_y2,pass_exam,toeic,not_answering,4,1.0,1,4-5
facebook,student_y3_y4,career_advancement,communication_english,rejected,2,10.0,0,2-3
google_ads,student_y1_y2,pass_exam,frontend,not_answering,4,10.0,0,4-5
google_ads,working_professional,company_training,ielts,positive_interaction,5,19.0,1,4-5
google_ads,student_y1_y2,study_abroad,ielts,rejected,3,6.0,1,2-3
facebook,parent_enrolling,hobby,communication_english,busy_call_back,1,7.0,0,1
facebook,student_y1_y2,hobby,ielts,rejected,2,55.0,0,2-3
facebook,working_professional,career_advancement,communication_english,positive_interaction,6,6.0,1,6+
facebook,student_y1_y2,pass_exam,frontend,positive_interaction,1,10.0,1,1
google_ads,student_y1_y2,pass_exam,communication_english,rejected,2,24.0,1,2-3
google_ads,student_y3_y4,hobby,backend_nodejs,positive_interaction,1,23.0,1,1
google_ads,working_professional,pass_exam,data_analysis,busy_call_back,1,7.0,0,1
google_ads,,pass_exam,communication_english,positive_interaction,3,9.0,1,2-3
google_ads,student_y1_y2,pass_exam,toeic,busy_call_back,2,4.0,1,2-3
facebook,student_y1_y2,hobby,communication_english,busy_call_back,1,5.0,0,1
google_ads,student_y3_y4,study_abroad,ielts,not_answering,1,32.0,0,1
facebook,student_y3_y4,study_abroad,toeic,busy_call_back,1,9.0,1,1
facebook,unemployed,hobby,frontend,positive_interaction,1,17.0,0,1
google_ads,parent_enrolling,study_abroad,ielts,rejected,1,0.0,0,1
google_ads,unemployed,study_abroad,frontend,rejected,4,1.0,0,4-5
facebook,student_y1_y2,study_abroad,ielts,not_answering,1,2.0,0,1
google_ads,student_y3_y4,study_abroad,ielts,interested_need_time,2,6.0,1,2-3
google_ads,working_professional,career_advancement,data_analysis,interested_need_time,3,1.0,1,2-3
tiktok,student_y3_y4,pass_exam,toeic,not_answering,4,1.0,1,4-5
google_ads,working_professional,career_advancement,communication_english,interested_need_time,4,8.0,1,4-5
tiktok,student_y1_y2,career_advancement,toeic,busy_call_back,8,9.0,0,6+
facebook,student_y3_y4,pass_exam,backend_nodejs,rejected,2,15.0,0,2-3
tiktok,unemployed,career_advancement,data_analysis,not_answering,1,29.0,0,1
google_ads,student_y3_y4,study_abroad,communication_english,positive_interaction,1,9.0,1,1
google_ads,parent_enrolling,study_abroad,kids_english,wrong_number,1,13.0,0,1
google_ads,student_y3_y4,career_advancement,ielts,positive_interaction,7,28.0,0,6+
facebook,student_y1_y2,pass_exam,communication_english,not_answering,3,4.0,1,2-3
google_ads,student_y3_y4,study_abroad,toeic,not_answering,4,11.0,1,4-5
tiktok,student_y1_y2,career_advancement,toeic,rejected,8,7.0,0,6+
website_organic,student_y3_y4,hobby,backend_nodejs,not_answering,5,1.0,1,4-5
referral,student_y1_y2,career_advancement,toeic,not_answering,2,2.0,0,2-3
google_ads,working_professional,hobby,data_analysis,rejected,5,2.0,0,4-5
google_ads,unemployed,career_advancement,data_analysis,positive_interaction,2,2.0,1,2-3
tiktok,student_y3_y4,study_abroad,communication_english,positive_interaction,1,34.0,1,1
facebook,student_y1_y2,study_abroad,ielts,not_answering,3,2.0,0,2-3
website_organic,student_y3_y4,hobby,communication_english,busy_call_back,6,13.0,0,6+
google_ads,working_professional,career_advancement,toeic,positive_interaction,4,1.0,0,4-5
facebook,working_professional,career_advancement,data_analysis,busy_call_back,2,25.0,1,2-3
facebook,student_y1_y2,study_abroad,toeic,not_answering,5,25.0,0,4-5
website_organic,student_y3_y4,hobby,communication_english,not_answering,3,35.0,0,2-3
facebook,student_y3_y4,pass_exam,communication_english,interested_need_time,4,14.0,1,4-5
facebook,student_y3_y4,pass_exam,ielts,not_answering,2,7.0,0,2-3
facebook,student_y1_y2,study_abroad,toeic,wrong_number,1,24.0,0,1
facebook,parent_enrolling,pass_exam,kids_english,not_answering,2,21.0,0,2-3
facebook,student_y1_y2,hobby,communication_english,not_answering,5,7.0,0,4-5
tiktok,student_y1_y2,hobby,frontend,rejected,8,8.0,0,6+
facebook,student_y1_y2,study_abroad,ielts,rejected,2,12.0,0,2-3
website_organic,working_professional,career_advancement,frontend,positive_interaction,1,1.0,1,1
website_organic,student_y3_y4,hobby,toeic,rejected,1,1.0,1,1
facebook,student_y1_y2,career_advancement,toeic,not_answering,4,2.0,1,4-5
facebook,student_y3_y4,study_abroad,communication_english,busy_call_back,3,0.0,1,2-3
google_ads,working_professional,hobby,toeic,not_answering,3,17.0,0,2-3
facebook,student_y3_y4,pass_exam,toeic,busy_call_back,1,15.0,1,1
facebook,parent_enrolling,pass_exam,kids_english,positive_interaction,1,2.0,1,1
referral,student_y3_y4,hobby,toeic,positive_interaction,6,2.0,1,6+
other,student_y1_y2,pass_exam,communication_english,not_answering,3,27.0,1,2-3
tiktok,parent_enrolling,pass_exam,kids_english,busy_call_back,2,12.0,0,2-3
facebook,unemployed,study_abroad,communication_english,rejected,2,0.0,0,2-3
tiktok,student_y3_y4,study_abroad,ielts,interested_need_time,2,4.0,0,2-3
tiktok,unemployed,career_advancement,communication_english,not_answering,1,10.0,0,1
facebook,student_y3_y4,pass_exam,toeic,busy_call_back,1,15.0,0,1
google_ads,student_y3_y4,hobby,toeic,busy_call_back,4,7.0,0,4-5
facebook,unemployed,career_advancement,communication_english,busy_call_back,2,2.0,1,2-3
facebook,working_professional,pass_exam,communication_english,busy_call_back,2,1.0,0,2-3
google_ads,student_y3_y4,hobby,toeic,interested_need_time,3,9.0,0,2-3
facebook,working_professional,pass_exam,toeic,busy_call_back,2,29.0,1,2-3
facebook,student_y3_y4,pass_exam,communication_english,interested_need_time,3,7.0,0,2-3
website_organic,student_y1_y2,pass_exam,communication_english,not_answering,5,11.0,0,4-5
other,parent_enrolling,study_abroad,kids_english,not_answering,2,0.0,0,2-3
google_ads,student_y3_y4,pass_exam,communication_english,busy_call_back,4,9.0,1,4-5
website_organic,working_professional,career_advancement,ielts,wrong_number,2,,0,2-3
other,working_professional,company_training,data_analysis,positive_interaction,1,0.0,1,1
facebook,working_professional,hobby,data_analysis,not_answering,1,,0,1
google_ads,student_y3_y4,study_abroad,ielts,busy_call_back,4,9.0,0,4-5
facebook,parent_enrolling,study_abroad,kids_english,interested_need_time,2,32.0,0,2-3
facebook,working_professional,career_advancement,frontend,busy_call_back,4,1.0,1,4-5
tiktok,working_professional,career_advancement,data_analysis,positive_interaction,1,6.0,1,1
google_ads,student_y3_y4,pass_exam,toeic,rejected,3,4.0,0,2-3
google_ads,student_y3_y4,hobby,toeic,not_answering,1,4.0,0,1
facebook,student_y1_y2,study_abroad,communication_english,interested_need_time,2,11.0,1,2-3
facebook,student_y3_y4,hobby,toeic,interested_need_time,3,49.0,0,2-3
referral,student_y1_y2,career_advancement,toeic,interested_need_time,1,8.0,1,1
facebook,working_professional,career_advancement,toeic,not_answering,2,15.0,0,2-3
facebook,unemployed,career_advancement,frontend,interested_need_time,3,3.0,0,2-3
facebook,student_y3_y4,pass_exam,toeic,not_answering,4,3.0,0,4-5
google_ads,student_y3_y4,study_abroad,ielts,positive_interaction,4,0.0,1,4-5
google_ads,working_professional,career_advancement,toeic,positive_interaction,1,4.0,1,1
google_ads,student_y1_y2,study_abroad,communication_english,busy_call_back,1,56.0,0,1
facebook,parent_enrolling,hobby,kids_english,rejected,2,21.0,0,2-3
facebook,student_y3_y4,study_abroad,ielts,positive_interaction,2,12.0,1,2-3
website_organic,student_y1_y2,hobby,toeic,interested_need_time,2,1.0,1,2-3
google_ads,student_y1_y2,pass_exam,toeic,rejected,2,7.0,0,2-3
google_ads,parent_enrolling,pass_exam,kids_english,positive_interaction,2,16.0,1,2-3
tiktok,student_y1_y2,pass_exam,toeic,not_answering,3,,0,2-3
tiktok,working_professional,career_advancement,ielts,interested_need_time,1,4.0,1,1
facebook,student_y1_y2,career_advancement,frontend,interested_need_time,2,16.0,0,2-3
facebook,student_y1_y2,hobby,frontend,positive_interaction,2,19.0,1,2-3
google_ads,unemployed,career_advancement,communication_english,rejected,2,7.0,0,2-3
facebook,student_y1_y2,pass_exam,toeic,busy_call_back,4,1.0,1,4-5
website_organic,student_y1_y2,career_advancement,toeic,not_answering,2,19.0,1,2-3
google_ads,student_y3_y4,pass_exam,communication_english,busy_call_back,1,5.0,1,1
tiktok,unemployed,career_advancement,communication_english,positive_interaction,5,13.0,0,4-5
website_organic,student_y3_y4,pass_exam,communication_english,busy_call_back,2,17.0,0,2-3
google_ads,student_y1_y2,pass_exam,toeic,not_answering,1,3.0,0,1
referral,parent_enrolling,pass_exam,kids_english,busy_call_back,4,7.0,0,4-5
google_ads,working_professional,career_advancement,communication_english,positive_interaction,4,1.0,1,4-5
website_organic,unemployed,study_abroad,data_analysis,not_answering,6,8.0,0,6+
facebook,working_professional,career_advancement,communication_english,busy_call_back,5,5.0,0,4-5
google_ads,working_professional,career_advancement,data_analysis,not_answering,4,25.0,0,4-5
google_ads,student_y3_y4,pass_exam,frontend,busy_call_back,1,40.0,0,1
facebook,student_y3_y4,career_advancement,communication_english,not_answering,3,2.0,0,2-3
facebook,working_professional,career_advancement,frontend,not_answering,1,8.0,0,1
referral,working_professional,company_training,data_analysis,positive_interaction,3,18.0,0,2-3
google_ads,parent_enrolling,pass_exam,kids_english,not_answering,6,6.0,0,6+
facebook,working_professional,hobby,ielts,not_answering,1,32.0,0,1
facebook,student_y3_y4,study_abroad,ielts,interested_need_time,5,16.0,0,4-5
facebook,student_y3_y4,study_abroad,communication_english,not_answering,3,5.0,1,2-3
facebook,working_professional,pass_exam,data_analysis,not_answering,1,7.0,1,1
referral,student_y3_y4,pass_exam,toeic,busy_call_back,5,,1,4-5
google_ads,working_professional,company_training,frontend,busy_call_back,3,0.0,1,2-3
facebook,working_professional,career_advancement,toeic,interested_need_time,2,4.0,0,2-3
google_ads,student_y1_y2,hobby,communication_english,rejected,3,17.0,0,2-3
facebook,working_professional,career_advancement,toeic,busy_call_back,1,5.0,0,1
facebook,working_professional,career_advancement,communication_english,interested_need_time,1,7.0,0,1
tiktok,parent_enrolling,study_abroad,kids_english,rejected,4,1.0,0,4-5
google_ads,student_y3_y4,study_abroad,communication_english,busy_call_back,5,0.0,1,4-5
other,working_professional,career_advancement,communication_english,positive_interaction,4,17.0,1,4-5
google_ads,student_y3_y4,pass_exam,toeic,interested_need_time,5,4.0,0,4-5
google_ads,student_y3_y4,career_advancement,toeic,interested_need_time,5,4.0,1,4-5
tiktok,student_y1_y2,study_abroad,ielts,rejected,1,,1,1
referral,unemployed,career_advancement,communication_english,not_answering,4,0.0,0,4-5
tiktok,parent_enrolling,study_abroad,kids_english,rejected,4,7.0,1,4-5
referral,student_y3_y4,career_advancement,toeic,busy_call_back,2,22.0,1,2-3
tiktok,working_professional,company_training,data_analysis,interested_need_time,2,8.0,1,2-3
website_organic,student_y1_y2,pass_exam,toeic,busy_call_back,4,15.0,0,4-5
facebook,working_professional,career_advancement,communication_english,not_answering,8,17.0,0,6+
tiktok,student_y3_y4,hobby,toeic,not_answering,8,3.0,0,6+
google_ads,working_professional,career_advancement,data_analysis,rejected,3,8.0,0,2-3
google_ads,student_y1_y2,pass_exam,communication_english,interested_need_time,4,5.0,0,4-5
tiktok,working_professional,career_advancement,toeic,wrong_number,3,21.0,0,2-3
referral,student_y3_y4,pass_exam,toeic,not_answering,5,23.0,1,4-5
other,working_professional,career_advancement,data_analysis,not_answering,3,15.0,0,2-3
facebook,working_professional,company_training,data_analysis,busy_call_back,6,27.0,0,6+
tiktok,student_y1_y2,pass_exam,backend_nodejs,not_answering,8,4.0,0,6+
tiktok,student_y3_y4,pass_exam,ielts,busy_call_back,2,8.0,0,2-3
facebook,unemployed,hobby,frontend,rejected,7,4.0,0,6+
facebook,,career_advancement,data_analysis,wrong_number,4,17.0,0,4-5
facebook,student_y1_y2,career_advancement,toeic,busy_call_back,2,0.0,1,2-3
tiktok,student_y3_y4,career_advancement,toeic,busy_call_back,1,1.0,1,1
google_ads,student_y3_y4,study_abroad,communication_english,interested_need_time,4,,0,4-5
other,working_professional,hobby,toeic,interested_need_time,2,3.0,0,2-3
google_ads,working_professional,career_advancement,toeic,positive_interaction,2,,1,2-3
referral,student_y1_y2,pass_exam,communication_english,interested_need_time,3,30.0,1,2-3
google_ads,working_professional,career_advancement,data_analysis,not_answering,1,10.0,0,1
tiktok,,career_advancement,communication_english,not_answering,2,0.0,0,2-3
facebook,working_professional,career_advancement,communication_english,rejected,4,19.0,1,4-5
google_ads,student_y1_y2,pass_exam,toeic,positive_interaction,1,11.0,1,1
website_organic,student_y3_y4,study_abroad,ielts,rejected,3,1.0,1,2-3
referral,student_y3_y4,study_abroad,communication_english,busy_call_back,1,12.0,1,1
website_organic,student_y1_y2,study_abroad,ielts,interested_need_time,5,4.0,0,4-5
facebook,student_y3_y4,pass_exam,toeic,busy_call_back,2,8.0,0,2-3
facebook,student_y1_y2,study_abroad,communication_english,rejected,5,11.0,0,4-5
facebook,student_y1_y2,pass_exam,toeic,not_answering,4,,1,4-5
facebook,working_professional,career_advancement,toeic,positive_interaction,5,14.0,1,4-5
tiktok,student_y3_y4,hobby,toeic,not_answering,3,3.0,0,2-3
tiktok,working_professional,career_advancement,toeic,not_answering,3,10.0,0,2-3
tiktok,student_y1_y2,pass_exam,toeic,not_answering,1,13.0,0,1
website_organic,working_professional,career_advancement,toeic,interested_need_time,3,1.0,1,2-3
tiktok,student_y3_y4,pass_exam,communication_english,positive_interaction,3,5.0,1,2-3
website_organic,working_professional,career_advancement,communication_english,rejected,3,0.0,1,2-3
facebook,working_professional,hobby,communication_english,interested_need_time,1,,0,1
facebook,student_y3_y4,hobby,frontend,interested_need_time,3,3.0,1,2-3
google_ads,working_professional,career_advancement,communication_english,positive_interaction,3,19.0,1,2-3
website_organic,student_y1_y2,career_advancement,toeic,not_answering,3,15.0,1,2-3
facebook,working_professional,career_advancement,data_analysis,positive_interaction,4,1.0,1,4-5
google_ads,student_y1_y2,study_abroad,communication_english,positive_interaction,2,23.0,0,2-3
tiktok,student_y3_y4,career_advancement,ielts,interested_need_time,3,6.0,1,2-3
facebook,student_y1_y2,career_advancement,communication_english,not_answering,2,1.0,0,2-3
google_ads,unemployed,hobby,toeic,not_answering,4,0.0,0,4-5
website_organic,student_y3_y4,hobby,ielts,busy_call_back,4,11.0,0,4-5
tiktok,working_professional,company_training,data_analysis,rejected,2,9.0,1,2-3
facebook,student_y3_y4,pass_exam,ielts,interested_need_time,2,1.0,0,2-3
website_organic,student_y3_y4,pass_exam,toeic,interested_need_time,4,4.0,1,4-5
facebook,student_y1_y2,study_abroad,ielts,busy_call_back,4,1.0,0,4-5
website_organic,parent_enrolling,study_abroad,kids_english,positive_interaction,1,1.0,1,1
facebook,working_professional,career_advancement,communication_english,busy_call_back,2,20.0,0,2-3
google_ads,student_y1_y2,pass_exam,toeic,not_answering,2,18.0,1,2-3
facebook,working_professional,company_training,communication_english,positive_interaction,4,23.0,0,4-5
facebook,student_y3_y4,pass_exam,toeic,busy_call_back,1,13.0,1,1
website_organic,student_y1_y2,study_abroad,communication_english,busy_call_back,4,3.0,0,4-5
facebook,student_y3_y4,pass_exam,toeic,busy_call_back,4,2.0,1,4-5
facebook,student_y1_y2,study_abroad,ielts,not_answering,5,1.0,0,4-5
facebook,student_y1_y2,career_advancement,backend_nodejs,rejected,8,20.0,0,6+
tiktok,working_professional,company_training,ielts,positive_interaction,3,1.0,1,2-3
website_organic,student_y3_y4,study_abroad,ielts,rejected,4,7.0,0,4-5
other,unemployed,career_advancement,communication_english,rejected,4,4.0,0,4-5
facebook,,career_advancement,toeic,busy_call_back,5,,0,4-5
google_ads,unemployed,hobby,communication_english,busy_call_back,3,17.0,0,2-3
facebook,working_professional,company_training,communication_english,positive_interaction,1,10.0,1,1
google_ads,unemployed,career_advancement,communication_english,not_answering,7,24.0,0,6+
other,student_y3_y4,study_abroad,ielts,rejected,1,9.0,1,1
tiktok,student_y3_y4,career_advancement,toeic,not_answering,7,24.0,0,6+
google_ads,student_y3_y4,study_abroad,toeic,interested_need_time,2,5.0,1,2-3
facebook,parent_enrolling,pass_exam,kids_english,positive_interaction,3,2.0,1,2-3
referral,student_y1_y2,pass_exam,toeic,rejected,7,3.0,1,6+
google_ads,working_professional,career_advancement,communication_english,interested_need_time,4,3.0,1,4-5
facebook,working_professional,career_advancement,ielts,interested_need_time,3,28.0,1,2-3
facebook,student_y3_y4,pass_exam,toeic,busy_call_back,2,9.0,1,2-3
facebook,unemployed,study_abroad,frontend,interested_need_time,2,9.0,0,2-3
facebook,student_y3_y4,hobby,toeic,positive_interaction,1,15.0,0,1
facebook,student_y1_y2,study_abroad,toeic,interested_need_time,3,1.0,1,2-3
google_ads,working_professional,career_advancement,frontend,positive_interaction,2,,1,2-3
google_ads,student_y3_y4,study_abroad,communication_english,not_answering,2,1.0,0,2-3
facebook,student_y1_y2,pass_exam,toeic,busy_call_back,2,,0,2-3
google_ads,student_y1_y2,pass_exam,backend_nodejs,rejected,6,,0,6+
referral,student_y1_y2,pass_exam,toeic,busy_call_back,5,33.0,0,4-5
tiktok,working_professional,hobby,toeic,interested_need_time,2,9.0,1,2-3
google_ads,unemployed,hobby,communication_english,interested_need_time,7,15.0,0,6+
facebook,student_y3_y4,study_abroad,ielts,rejected,3,56.0,0,2-3
website_organic,student_y1_y2,study_abroad,ielts,not_answering,2,3.0,1,2-3
facebook,student_y3_y4,pass_exam,toeic,not_answering,2,3.0,0,2-3
facebook,unemployed,career_advancement,backend_nodejs,wrong_number,5,,0,4-5
referral,working_professional,career_advancement,communication_english,positive_interaction,2,8.0,0,2-3
google_ads,student_y3_y4,pass_exam,toeic,interested_need_time,2,4.0,1,2-3
tiktok,student_y1_y2,career_advancement,toeic,busy_call_back,7,3.0,0,6+
google_ads,parent_enrolling,hobby,kids_english,busy_call_back,4,0.0,0,4-5
tiktok,unemployed,study_abroad,backend_nodejs,rejected,4,8.0,0,4-5
facebook,student_y1_y2,pass_exam,backend_nodejs,positive_interaction,4,23.0,0,4-5
facebook,unemployed,hobby,frontend,rejected,4,1.0,0,4-5
facebook,student_y1_y2,pass_exam,toeic,rejected,1,17.0,0,1
facebook,student_y1_y2,study_abroad,ielts,interested_need_time,4,11.0,0,4-5
website_organic,working_professional,company_training,toeic,interested_need_time,2,0.0,1,2-3
facebook,student_y3_y4,study_abroad,ielts,positive_interaction,1,10.0,1,1
google_ads,student_y3_y4,pass_exam,toeic,positive_interaction,8,41.0,0,6+
tiktok,parent_enrolling,hobby,kids_english,positive_interaction,1,,0,1
tiktok,unemployed,study_abroad,backend_nodejs,not_answering,1,2.0,1,1
google_ads,student_y1_y2,career_advancement,communication_english,rejected,2,9.0,0,2-3
google_ads,working_professional,hobby,ielts,positive_interaction,5,5.0,1,4-5
other,working_professional,company_training,communication_english,wrong_number,7,0.0,0,6+
tiktok,working_professional,company_training,communication_english,busy_call_back,1,6.0,0,1
website_organic,parent_enrolling,pass_exam,kids_english,busy_call_back,2,14.0,0,2-3
referral,working_professional,hobby,communication_english,positive_interaction,4,17.0,0,4-5
tiktok,student_y1_y2,pass_exam,ielts,positive_interaction,3,3.0,1,2-3
facebook,student_y1_y2,pass_exam,toeic,not_answering,2,2.0,0,2-3
google_ads,unemployed,hobby,data_analysis,busy_call_back,2,2.0,0,2-3
facebook,parent_enrolling,study_abroad,kids_english,positive_interaction,3,31.0,1,2-3
tiktok,student_y1_y2,pass_exam,toeic,rejected,1,13.0,0,1
referral,student_y1_y2,career_advancement,ielts,not_answering,4,24.0,1,4-5
google_ads,working_professional,career_advancement,communication_english,not_answering,2,2.0,0,2-3
google_ads,student_y1_y2,pass_exam,toeic,busy_call_back,5,5.0,0,4-5
facebook,student_y1_y2,pass_exam,toeic,not_answering,4,0.0,0,4-5
referral,unemployed,hobby,communication_english,not_answering,3,0.0,1,2-3
facebook,unemployed,hobby,frontend,interested_need_time,4,15.0,0,4-5
facebook,unemployed,study_abroad,toeic,interested_need_time,1,0.0,1,1
facebook,working_professional,career_advancement,communication_english,busy_call_back,2,2.0,1,2-3
facebook,student_y3_y4,career_advancement,toeic,busy_call_back,3,1.0,1,2-3
google_ads,parent_enrolling,pass_exam,kids_english,rejected,4,5.0,0,4-5
google_ads,student_y3_y4,hobby,toeic,busy_call_back,5,10.0,0,4-5
facebook,student_y3_y4,study_abroad,ielts,positive_interaction,2,31.0,1,2-3
facebook,unemployed,hobby,communication_english,not_answering,4,2.0,0,4-5
facebook,working_professional,hobby,data_analysis,positive_interaction,2,8.0,0,2-3
facebook,unemployed,career_advancement,communication_english,positive_interaction,1,,1,1
facebook,student_y1_y2,career_advancement,communication_english,not_answering,2,13.0,0,2-3
tiktok,parent_enrolling,pass_exam,kids_english,positive_interaction,6,2.0,1,6+
facebook,working_professional,career_advancement,communication_english,positive_interaction,3,0.0,1,2-3
facebook,working_professional,career_advancement,communication_english,busy_call_back,3,2.0,1,2-3
facebook,parent_enrolling,pass_exam,ielts,positive_interaction,4,3.0,0,4-5
google_ads,student_y3_y4,career_advancement,ielts,busy_call_back,1,0.0,1,1
facebook,working_professional,company_training,data_analysis,busy_call_back,1,3.0,1,1
facebook,working_professional,career_advancement,data_analysis,rejected,1,24.0,1,1
website_organic,working_professional,career_advancement,data_analysis,not_answering,1,4.0,1,1
facebook,unemployed,study_abroad,data_analysis,not_answering,3,7.0,0,2-3
google_ads,working_professional,career_advancement,data_analysis,not_answering,2,4.0,0,2-3
google_ads,student_y1_y2,pass_exam,toeic,rejected,4,0.0,0,4-5
facebook,student_y1_y2,pass_exam,toeic,not_answering,5,5.0,0,4-5
google_ads,parent_enrolling,study_abroad,kids_english,not_answering,6,4.0,0,6+
tiktok,parent_enrolling,pass_exam,communication_english,positive_interaction,1,42.0,1,1
website_organic,parent_enrolling,study_abroad,kids_english,positive_interaction,3,13.0,1,2-3
facebook,student_y1_y2,study_abroad,ielts,interested_need_time,1,1.0,0,1
facebook,student_y3_y4,study_abroad,communication_english,rejected,2,1.0,0,2-3
facebook,working_professional,hobby,toeic,not_answering,3,2.0,0,2-3
google_ads,working_professional,career_advancement,communication_english,interested_need_time,2,9.0,1,2-3
tiktok,student_y1_y2,hobby,toeic,interested_need_time,4,1.0,0,4-5
facebook,working_professional,career_advancement,ielts,busy_call_back,5,4.0,0,4-5
facebook,student_y1_y2,study_abroad,ielts,wrong_number,1,3.0,0,1
referral,student_y3_y4,pass_exam,toeic,interested_need_time,6,4.0,0,6+
facebook,student_y1_y2,hobby,toeic,not_answering,1,2.0,0,1
google_ads,student_y1_y2,pass_exam,communication_english,not_answering,8,2.0,0,6+
tiktok,student_y1_y2,study_abroad,ielts,not_answering,3,5.0,0,2-3
facebook,parent_enrolling,hobby,kids_english,wrong_number,1,0.0,0,1
facebook,working_professional,hobby,data_analysis,not_answering,2,12.0,0,2-3
facebook,parent_enrolling,pass_exam,kids_english,rejected,2,2.0,0,2-3
referral,student_y3_y4,career_advancement,communication_english,not_answering,4,4.0,0,4-5
facebook,student_y3_y4,study_abroad,ielts,rejected,2,9.0,0,2-3
facebook,student_y3_y4,pass_exam,communication_english,positive_interaction,5,1.0,1,4-5
facebook,working_professional,career_advancement,communication_english,not_answering,2,9.0,1,2-3
facebook,student_y3_y4,study_abroad,ielts,not_answering,8,1.0,0,6+
google_ads,working_professional,company_training,frontend,positive_interaction,2,32.0,0,2-3
facebook,unemployed,study_abroad,communication_english,not_answering,4,8.0,0,4-5
google_ads,unemployed,career_advancement,data_analysis,not_answering,5,12.0,0,4-5
google_ads,student_y1_y2,pass_exam,communication_english,positive_interaction,2,11.0,0,2-3
website_organic,student_y3_y4,study_abroad,ielts,rejected,1,7.0,0,1
facebook,student_y1_y2,pass_exam,communication_english,positive_interaction,3,16.0,1,2-3
website_organic,student_y1_y2,pass_exam,ielts,wrong_number,4,0.0,0,4-5
google_ads,working_professional,career_advancement,communication_english,interested_need_time,5,9.0,1,4-5
facebook,student_y3_y4,career_advancement,toeic,positive_interaction,2,20.0,1,2-3
tiktok,working_professional,career_advancement,ielts,busy_call_back,5,22.0,0,4-5
website_organic,student_y1_y2,career_advancement,communication_english,positive_interaction,6,10.0,0,6+
facebook,parent_enrolling,hobby,kids_english,positive_interaction,4,3.0,0,4-5
referral,parent_enrolling,pass_exam,kids_english,interested_need_time,1,5.0,1,1
google_ads,student_y3_y4,pass_exam,toeic,rejected,1,4.0,0,1
google_ads,unemployed,career_advancement,backend_nodejs,busy_call_back,8,15.0,0,6+
other,student_y1_y2,study_abroad,ielts,interested_need_time,4,1.0,0,4-5
facebook,working_professional,hobby,ielts,interested_need_time,3,15.0,0,2-3
website_organic,unemployed,career_advancement,toeic,not_answering,6,3.0,0,6+
facebook,unemployed,study_abroad,communication_english,busy_call_back,1,7.0,0,1
tiktok,unemployed,career_advancement,communication_english,rejected,4,3.0,0,4-5
google_ads,student_y3_y4,study_abroad,ielts,busy_call_back,4,12.0,1,4-5
facebook,unemployed,career_advancement,backend_nodejs,positive_interaction,5,21.0,1,4-5
google_ads,working_professional,career_advancement,toeic,interested_need_time,4,7.0,0,4-5
facebook,student_y1_y2,hobby,backend_nodejs,wrong_number,3,17.0,0,2-3
facebook,student_y1_y2,career_advancement,toeic,positive_interaction,1,3.0,0,1
facebook,working_professional,career_advancement,communication_english,not_answering,6,5.0,0,6+
facebook,working_professional,career_advancement,communication_english,busy_call_back,4,,0,4-5
facebook,student_y3_y4,hobby,communication_english,positive_interaction,2,5.0,1,2-3
facebook,parent_enrolling,pass_exam,kids_english,not_answering,8,,0,6+
tiktok,working_professional,career_advancement,toeic,interested_need_time,2,12.0,0,2-3
tiktok,student_y3_y4,career_advancement,toeic,busy_call_back,2,8.0,0,2-3
tiktok,student_y3_y4,career_advancement,toeic,not_answering,7,24.0,0,6+
facebook,working_professional,career_advancement,ielts,rejected,4,17.0,0,4-5
website_organic,working_professional,career_advancement,communication_english,rejected,5,1.0,0,4-5
google_ads,working_professional,company_training,toeic,positive_interaction,5,14.0,1,4-5
facebook,student_y3_y4,pass_exam,toeic,not_answering,3,,1,2-3
facebook,working_professional,career_advancement,data_analysis,rejected,2,19.0,0,2-3
tiktok,working_professional,career_advancement,data_analysis,interested_need_time,5,0.0,1,4-5
facebook,unemployed,study_abroad,communication_english,rejected,3,2.0,0,2-3
google_ads,student_y1_y2,pass_exam,toeic,not_answering,3,,0,2-3
other,working_professional,career_advancement,communication_english,not_answering,3,8.0,1,2-3
facebook,student_y3_y4,career_advancement,toeic,positive_interaction,1,11.0,1,1
facebook,student_y1_y2,study_abroad,communication_english,rejected,1,6.0,0,1
other,working_professional,hobby,toeic,not_answering,3,19.0,0,2-3
google_ads,working_professional,career_advancement,ielts,busy_call_back,4,0.0,1,4-5
facebook,student_y3_y4,pass_exam,communication_english,interested_need_time,3,24.0,1,2-3
website_organic,working_professional,company_training,data_analysis,rejected,1,,0,1
website_organic,student_y3_y4,pass_exam,toeic,positive_interaction,2,5.0,1,2-3
google_ads,student_y1_y2,study_abroad,ielts,rejected,4,3.0,0,4-5
google_ads,student_y3_y4,career_advancement,communication_english,positive_interaction,1,40.0,1,1
facebook,student_y3_y4,hobby,backend_nodejs,wrong_number,3,8.0,0,2-3
facebook,working_professional,company_training,communication_english,interested_need_time,4,,0,4-5
google_ads,unemployed,career_advancement,backend_nodejs,not_answering,2,1.0,0,2-3
facebook,working_professional,career_advancement,communication_english,positive_interaction,3,0.0,1,2-3
tiktok,student_y1_y2,study_abroad,ielts,interested_need_time,5,1.0,0,4-5
website_organic,student_y3_y4,pass_exam,ielts,busy_call_back,2,32.0,0,2-3
facebook,student_y1_y2,study_abroad,ielts,not_answering,1,22.0,1,1
google_ads,working_professional,career_advancement,data_analysis,positive_interaction,1,20.0,0,1
facebook,student_y1_y2,pass_exam,communication_english,positive_interaction,4,11.0,1,4-5
website_organic,student_y3_y4,pass_exam,communication_english,busy_call_back,6,4.0,0,6+
facebook,working_professional,career_advancement,ielts,rejected,4,10.0,0,4-5
google_ads,working_professional,company_training,toeic,busy_call_back,7,6.0,0,6+
google_ads,student_y3_y4,pass_exam,toeic,not_answering,4,19.0,1,4-5
facebook,student_y3_y4,career_advancement,communication_english,not_answering,2,2.0,1,2-3
tiktok,working_professional,company_training,frontend,busy_call_back,2,4.0,0,2-3
tiktok,student_y3_y4,study_abroad,communication_english,not_answering,4,3.0,1,4-5
google_ads,student_y1_y2,study_abroad,communication_english,positive_interaction,4,3.0,1,4-5
tiktok,unemployed,career_advancement,backend_nodejs,positive_interaction,3,0.0,1,2-3
other,student_y3_y4,pass_exam,toeic,interested_need_time,3,3.0,0,2-3
google_ads,student_y3_y4,pass_exam,frontend,wrong_number,2,,0,2-3
google_ads,student_y1_y2,study_abroad,ielts,rejected,2,,0,2-3
facebook,student_y3_y4,study_abroad,ielts,busy_call_back,3,9.0,1,2-3
tiktok,student_y3_y4,hobby,backend_nodejs,not_answering,4,4.0,0,4-5
google_ads,student_y3_y4,career_advancement,ielts,not_answering,5,17.0,0,4-5
google_ads,,career_advancement,communication_english,positive_interaction,2,7.0,1,2-3
facebook,student_y3_y4,study_abroad,communication_english,busy_call_back,5,8.0,0,4-5
website_organic,unemployed,career_advancement,backend_nodejs,positive_interaction,2,13.0,1,2-3
facebook,parent_enrolling,pass_exam,kids_english,positive_interaction,2,,1,2-3
tiktok,student_y1_y2,pass_exam,ielts,interested_need_time,5,7.0,0,4-5
facebook,student_y1_y2,career_advancement,communication_english,not_answering,7,5.0,0,6+
referral,working_professional,hobby,frontend,not_answering,6,5.0,0,6+
facebook,parent_enrolling,pass_exam,kids_english,busy_call_back,1,4.0,0,1
facebook,unemployed,career_advancement,frontend,positive_interaction,2,4.0,1,2-3
website_organic,student_y1_y2,pass_exam,toeic,positive_interaction,4,4.0,1,4-5
referral,student_y3_y4,study_abroad,ielts,interested_need_time,5,9.0,1,4-5
facebook,student_y1_y2,study_abroad,communication_english,positive_interaction,3,8.0,1,2-3
google_ads,unemployed,hobby,communication_english,interested_need_time,1,3.0,0,1
tiktok,working_professional,career_advancement,toeic,not_answering,3,13.0,0,2-3
website_organic,student_y3_y4,career_advancement,ielts,not_answering,1,13.0,1,1
facebook,working_professional,career_advancement,data_analysis,not_answering,2,5.0,1,2-3
google_ads,student_y3_y4,study_abroad,toeic,not_answering,4,4.0,0,4-5
tiktok,working_professional,career_advancement,data_analysis,busy_call_back,1,8.0,0,1
tiktok,student_y1_y2,study_abroad,ielts,positive_interaction,4,23.0,0,4-5
tiktok,working_professional,career_advancement,communication_english,not_answering,3,9.0,0,2-3
google_ads,working_professional,career_advancement,data_analysis,not_answering,2,0.0,1,2-3
facebook,working_professional,company_training,communication_english,not_answering,2,4.0,1,2-3
referral,student_y3_y4,hobby,toeic,not_answering,6,19.0,0,6+
website_organic,unemployed,study_abroad,communication_english,not_answering,3,8.0,1,2-3
tiktok,working_professional,hobby,ielts,not_answering,5,4.0,0,4-5
facebook,student_y1_y2,career_advancement,ielts,not_answering,2,0.0,1,2-3
facebook,student_y1_y2,pass_exam,communication_english,rejected,3,0.0,0,2-3
tiktok,working_professional,career_advancement,toeic,busy_call_back,7,10.0,0,6+
facebook,student_y3_y4,hobby,toeic,not_answering,1,7.0,0,1
referral,student_y1_y2,study_abroad,toeic,busy_call_back,2,4.0,0,2-3
facebook,student_y1_y2,pass_exam,toeic,not_answering,6,6.0,0,6+
tiktok,student_y1_y2,pass_exam,communication_english,interested_need_time,2,3.0,1,2-3
website_organic,student_y3_y4,hobby,toeic,busy_call_back,2,4.0,0,2-3
facebook,working_professional,company_training,data_analysis,wrong_number,8,13.0,0,6+
facebook,student_y1_y2,study_abroad,communication_english,rejected,1,24.0,0,1
google_ads,working_professional,pass_exam,toeic,positive_interaction,3,8.0,1,2-3
google_ads,student_y3_y4,pass_exam,communication_english,not_answering,4,42.0,0,4-5
google_ads,student_y3_y4,study_abroad,ielts,busy_call_back,4,23.0,1,4-5
google_ads,student_y1_y2,pass_exam,toeic,busy_call_back,2,,1,2-3
referral,working_professional,pass_exam,communication_english,positive_interaction,1,1.0,1,1
google_ads,parent_enrolling,study_abroad,kids_english,not_answering,5,5.0,0,4-5
facebook,student_y3_y4,pass_exam,toeic,positive_interaction,5,9.0,0,4-5
facebook,student_y1_y2,pass_exam,communication_english,busy_call_back,2,12.0,0,2-3
facebook,student_y3_y4,pass_exam,communication_english,busy_call_back,2,,1,2-3
facebook,student_y1_y2,pass_exam,toeic,busy_call_back,3,6.0,0,2-3
facebook,unemployed,career_advancement,communication_english,busy_call_back,1,1.0,0,1
tiktok,,pass_exam,frontend,positive_interaction,5,0.0,1,4-5
facebook,parent_enrolling,pass_exam,kids_english,interested_need_time,6,3.0,0,6+
referral,working_professional,career_advancement,data_analysis,not_answering,2,9.0,0,2-3
facebook,student_y3_y4,study_abroad,ielts,not_answering,6,1.0,1,6+
facebook,unemployed,hobby,communication_english,wrong_number,5,3.0,0,4-5
tiktok,student_y1_y2,career_advancement,toeic,busy_call_back,4,24.0,0,4-5
website_organic,working_professional,company_training,data_analysis,interested_need_time,7,6.0,0,6+
facebook,,study_abroad,ielts,busy_call_back,2,2.0,1,2-3
facebook,unemployed,hobby,backend_nodejs,interested_need_time,6,3.0,0,6+
facebook,student_y3_y4,study_abroad,ielts,interested_need_time,1,15.0,1,1
google_ads,,pass_exam,toeic,not_answering,3,16.0,0,2-3
google_ads,unemployed,hobby,frontend,interested_need_time,3,5.0,0,2-3
facebook,student_y1_y2,career_advancement,communication_english,interested_need_time,1,3.0,1,1
facebook,student_y1_y2,study_abroad,communication_english,not_answering,4,12.0,0,4-5
google_ads,working_professional,company_training,data_analysis,positive_interaction,3,8.0,1,2-3
referral,student_y3_y4,pass_exam,ielts,not_answering,3,16.0,0,2-3
tiktok,unemployed,study_abroad,frontend,not_answering,3,10.0,0,2-3
google_ads,working_professional,pass_exam,ielts,positive_interaction,1,4.0,1,1
facebook,working_professional,career_advancement,data_analysis,wrong_number,2,27.0,0,2-3
facebook,student_y3_y4,study_abroad,ielts,not_answering,1,1.0,1,1
facebook,student_y1_y2,pass_exam,toeic,positive_interaction,7,,1,6+
tiktok,parent_enrolling,hobby,kids_english,not_answering,4,9.0,1,4-5
website_organic,student_y1_y2,career_advancement,communication_english,positive_interaction,3,1.0,1,2-3
referral,student_y3_y4,study_abroad,ielts,busy_call_back,4,14.0,1,4-5
other,student_y3_y4,study_abroad,ielts,positive_interaction,3,22.0,1,2-3
other,student_y3_y4,pass_exam,toeic,busy_call_back,2,3.0,0,2-3
referral,working_professional,career_advancement,communication_english,busy_call_back,1,4.0,1,1
facebook,working_professional,career_advancement,toeic,positive_interaction,3,2.0,1,2-3
facebook,working_professional,career_advancement,frontend,not_answering,2,,1,2-3
facebook,unemployed,hobby,toeic,not_answering,5,8.0,0,4-5
google_ads,student_y3_y4,study_abroad,ielts,busy_call_back,2,0.0,0,2-3
facebook,student_y3_y4,hobby,ielts,interested_need_time,3,31.0,0,2-3
website_organic,student_y1_y2,study_abroad,ielts,not_answering,2,5.0,1,2-3
google_ads,,career_advancement,toeic,interested_need_time,4,13.0,0,4-5
google_ads,student_y3_y4,career_advancement,communication_english,busy_call_back,7,4.0,1,6+
facebook,working_professional,career_advancement,communication_english,interested_need_time,2,18.0,1,2-3
facebook,student_y1_y2,pass_exam,toeic,rejected,1,,0,1
facebook,unemployed,career_advancement,data_analysis,busy_call_back,4,11.0,0,4-5
website_organic,unemployed,career_advancement,communication_english,interested_need_time,1,2.0,1,1
google_ads,unemployed,career_advancement,frontend,busy_call_back,1,23.0,0,1
tiktok,student_y1_y2,study_abroad,ielts,not_answering,4,7.0,1,4-5
facebook,parent_enrolling,hobby,communication_english,positive_interaction,1,3.0,1,1
facebook,student_y1_y2,career_advancement,ielts,wrong_number,1,13.0,0,1
google_ads,student_y3_y4,pass_exam,communication_english,positive_interaction,2,2.0,1,2-3
tiktok,student_y1_y2,pass_exam,communication_english,rejected,3,0.0,0,2-3
tiktok,student_y3_y4,pass_exam,toeic,busy_call_back,6,9.0,0,6+
facebook,working_professional,career_advancement,data_analysis,positive_interaction,2,31.0,1,2-3
referral,student_y1_y2,study_abroad,ielts,not_answering,2,5.0,0,2-3
facebook,student_y3_y4,study_abroad,ielts,rejected,4,9.0,0,4-5
website_organic,working_professional,company_training,communication_english,interested_need_time,5,7.0,0,4-5
facebook,unemployed,career_advancement,backend_nodejs,not_answering,2,0.0,1,2-3
facebook,working_professional,career_advancement,frontend,positive_interaction,3,5.0,1,2-3
website_organic,working_professional,career_advancement,ielts,interested_need_time,3,6.0,1,2-3
facebook,student_y1_y2,pass_exam,toeic,rejected,2,16.0,0,2-3
google_ads,unemployed,study_abroad,communication_english,positive_interaction,1,9.0,1,1
google_ads,student_y1_y2,career_advancement,toeic,wrong_number,4,9.0,0,4-5
facebook,student_y3_y4,study_abroad,ielts,interested_need_time,2,13.0,0,2-3
tiktok,student_y1_y2,study_abroad,communication_english,interested_need_time,2,10.0,0,2-3
website_organic,working_professional,career_advancement,communication_english,positive_interaction,3,1.0,1,2-3
website_organic,student_y3_y4,pass_exam,toeic,not_answering,1,7.0,0,1
facebook,working_professional,career_advancement,ielts,not_answering,2,1.0,1,2-3
google_ads,student_y3_y4,pass_exam,toeic,rejected,2,1.0,0,2-3
facebook,student_y3_y4,study_abroad,ielts,rejected,5,9.0,0,4-5
facebook,student_y3_y4,pass_exam,communication_english,rejected,4,0.0,0,4-5
facebook,student_y1_y2,study_abroad,communication_english,not_answering,2,2.0,1,2-3
referral,student_y3_y4,study_abroad,communication_english,not_answering,2,7.0,1,2-3
website_organic,working_professional,hobby,frontend,rejected,8,2.0,0,6+
tiktok,student_y3_y4,hobby,toeic,not_answering,4,,0,4-5
google_ads,,hobby,ielts,busy_call_back,4,3.0,0,4-5
google_ads,working_professional,company_training,data_analysis,busy_call_back,1,8.0,0,1
google_ads,student_y3_y4,hobby,toeic,wrong_number,1,17.0,0,1
google_ads,student_y1_y2,career_advancement,communication_english,interested_need_time,2,5.0,1,2-3
google_ads,student_y1_y2,career_advancement,communication_english,not_answering,5,22.0,0,4-5
facebook,student_y3_y4,pass_exam,toeic,interested_need_time,6,4.0,0,6+
facebook,student_y3_y4,pass_exam,communication_english,not_answering,1,1.0,1,1
referral,working_professional,company_training,frontend,positive_interaction,4,3.0,1,4-5
google_ads,student_y1_y2,career_advancement,communication_english,interested_need_time,5,2.0,0,4-5
referral,working_professional,career_advancement,data_analysis,interested_need_time,5,1.0,1,4-5
facebook,student_y3_y4,hobby,communication_english,busy_call_back,3,14.0,0,2-3
google_ads,,hobby,ielts,not_answering,2,4.0,1,2-3
facebook,working_professional,career_advancement,data_analysis,not_answering,7,7.0,0,6+
facebook,student_y3_y4,study_abroad,ielts,rejected,2,9.0,0,2-3
facebook,student_y1_y2,pass_exam,toeic,busy_call_back,2,9.0,1,2-3
facebook,student_y3_y4,pass_exam,communication_english,busy_call_back,2,20.0,1,2-3
referral,parent_enrolling,pass_exam,kids_english,busy_call_back,3,20.0,0,2-3
facebook,parent_enrolling,study_abroad,kids_english,rejected,1,22.0,0,1
google_ads,student_y1_y2,hobby,toeic,positive_interaction,3,4.0,0,2-3
google_ads,working_professional,career_advancement,ielts,not_answering,6,10.0,0,6+
google_ads,student_y3_y4,career_advancement,communication_english,interested_need_time,3,22.0,1,2-3
google_ads,student_y1_y2,career_advancement,toeic,busy_call_back,7,18.0,0,6+
facebook,working_professional,company_training,communication_english,positive_interaction,6,27.0,1,6+
other,student_y3_y4,study_abroad,ielts,rejected,4,29.0,0,4-5
website_organic,student_y3_y4,career_advancement,toeic,positive_interaction,3,13.0,1,2-3
tiktok,unemployed,career_advancement,communication_english,wrong_number,5,,0,4-5
google_ads,student_y3_y4,career_advancement,toeic,interested_need_time,3,6.0,1,2-3
facebook,working_professional,career_advancement,toeic,busy_call_back,2,0.0,0,2-3
referral,student_y3_y4,career_advancement,toeic,interested_need_time,6,1.0,1,6+
facebook,student_y1_y2,hobby,toeic,positive_interaction,3,6.0,1,2-3
facebook,student_y3_y4,pass_exam,toeic,not_answering,6,0.0,0,6+
facebook,parent_enrolling,pass_exam,kids_english,interested_need_time,2,2.0,1,2-3
tiktok,student_y3_y4,pass_exam,ielts,not_answering,2,4.0,0,2-3
google_ads,student_y1_y2,study_abroad,ielts,not_answering,4,14.0,0,4-5
tiktok,working_professional,career_advancement,communication_english,wrong_number,3,5.0,0,2-3
tiktok,parent_enrolling,pass_exam,kids_english,not_answering,2,6.0,1,2-3
facebook,parent_enrolling,pass_exam,kids_english,positive_interaction,5,26.0,0,4-5
referral,working_professional,pass_exam,data_analysis,busy_call_back,3,18.0,0,2-3
google_ads,student_y3_y4,hobby,toeic,positive_interaction,1,9.0,0,1
google_ads,working_professional,hobby,toeic,rejected,4,,0,4-5
facebook,unemployed,career_advancement,data_analysis,positive_interaction,1,13.0,0,1
other,unemployed,career_advancement,frontend,positive_interaction,3,0.0,1,2-3
facebook,unemployed,study_abroad,backend_nodejs,not_answering,1,27.0,0,1
facebook,student_y3_y4,study_abroad,ielts,busy_call_back,2,3.0,1,2-3
google_ads,student_y1_y2,pass_exam,backend_nodejs,positive_interaction,7,8.0,0,6+
facebook,working_professional,career_advancement,communication_english,positive_interaction,1,15.0,1,1
facebook,,pass_exam,frontend,positive_interaction,4,4.0,1,4-5
google_ads,student_y1_y2,career_advancement,toeic,positive_interaction,3,6.0,1,2-3
facebook,student_y3_y4,hobby,toeic,not_answering,1,0.0,1,1
referral,working_professional,hobby,communication_english,not_answering,6,2.0,0,6+
facebook,unemployed,career_advancement,communication_english,rejected,2,1.0,0,2-3
tiktok,working_professional,pass_exam,ielts,interested_need_time,3,4.0,0,2-3
google_ads,unemployed,hobby,communication_english,positive_interaction,4,1.0,1,4-5
tiktok,working_professional,career_advancement,toeic,interested_need_time,4,29.0,0,4-5
google_ads,working_professional,career_advancement,communication_english,rejected,2,8.0,0,2-3
google_ads,student_y1_y2,study_abroad,communication_english,wrong_number,5,0.0,0,4-5
referral,working_professional,pass_exam,toeic,not_answering,7,10.0,0,6+
facebook,student_y1_y2,pass_exam,communication_english,wrong_number,3,10.0,0,2-3
facebook,student_y1_y2,pass_exam,communication_english,busy_call_back,4,5.0,0,4-5
tiktok,student_y1_y2,career_advancement,toeic,busy_call_back,2,0.0,0,2-3
website_organic,unemployed,career_advancement,data_analysis,wrong_number,2,6.0,0,2-3
facebook,working_professional,career_advancement,data_analysis,busy_call_back,3,15.0,1,2-3
google_ads,parent_enrolling,hobby,kids_english,not_answering,1,26.0,0,1
website_organic,parent_enrolling,pass_exam,ielts,positive_interaction,4,0.0,1,4-5
tiktok,unemployed,study_abroad,communication_english,rejected,1,0.0,1,1
other,student_y1_y2,pass_exam,communication_english,not_answering,1,2.0,0,1
google_ads,unemployed,hobby,communication_english,positive_interaction,2,5.0,1,2-3
tiktok,unemployed,hobby,backend_nodejs,interested_need_time,1,6.0,1,1
facebook,unemployed,hobby,communication_english,busy_call_back,3,2.0,1,2-3
referral,student_y1_y2,pass_exam,toeic,positive_interaction,3,12.0,1,2-3
facebook,student_y1_y2,hobby,communication_english,interested_need_time,1,5.0,0,1
tiktok,parent_enrolling,pass_exam,communication_english,positive_interaction,2,23.0,0,2-3
google_ads,student_y1_y2,pass_exam,communication_english,positive_interaction,1,16.0,0,1
google_ads,student_y3_y4,pass_exam,communication_english,rejected,3,3.0,0,2-3
tiktok,student_y3_y4,career_advancement,communication_english,positive_interaction,2,18.0,1,2-3
google_ads,student_y1_y2,pass_exam,toeic,not_answering,4,0.0,1,4-5
referral,student_y1_y2,pass_exam,backend_nodejs,positive_interaction,3,2.0,1,2-3
google_ads,parent_enrolling,pass_exam,kids_english,interested_need_time,2,,1,2-3
google_ads,unemployed,hobby,communication_english,not_answering,1,57.0,0,1
facebook,parent_enrolling,pass_exam,kids_english,interested_need_time,2,,0,2-3
google_ads,student_y3_y4,study_abroad,toeic,positive_interaction,2,20.0,1,2-3
google_ads,student_y1_y2,study_abroad,toeic,not_answering,2,13.0,0,2-3
facebook,student_y3_y4,pass_exam,toeic,busy_call_back,7,12.0,0,6+
facebook,student_y3_y4,hobby,ielts,interested_need_time,1,6.0,1,1
tiktok,student_y1_y2,pass_exam,communication_english,busy_call_back,2,1.0,0,2-3
tiktok,working_professional,hobby,data_analysis,wrong_number,5,10.0,0,4-5
tiktok,parent_enrolling,study_abroad,kids_english,not_answering,6,16.0,0,6+
facebook,student_y3_y4,pass_exam,communication_english,positive_interaction,3,3.0,0,2-3
facebook,student_y3_y4,study_abroad,ielts,positive_interaction,3,2.0,1,2-3
facebook,student_y3_y4,pass_exam,toeic,busy_call_back,1,35.0,0,1
tiktok,student_y1_y2,study_abroad,ielts,interested_need_time,5,3.0,0,4-5
website_organic,student_y3_y4,pass_exam,toeic,not_answering,3,6.0,0,2-3
facebook,student_y3_y4,hobby,communication_english,not_answering,3,3.0,1,2-3
tiktok,student_y3_y4,pass_exam,toeic,interested_need_time,2,13.0,1,2-3
facebook,student_y3_y4,study_abroad,communication_english,not_answering,2,9.0,1,2-3
facebook,unemployed,hobby,backend_nodejs,positive_interaction,4,1.0,1,4-5
facebook,student_y1_y2,study_abroad,ielts,interested_need_time,1,14.0,0,1
facebook,student_y1_y2,pass_exam,toeic,not_answering,3,14.0,1,2-3
tiktok,student_y1_y2,study_abroad,ielts,busy_call_back,1,5.0,0,1
referral,student_y1_y2,career_advancement,toeic,wrong_number,4,9.0,0,4-5
facebook,working_professional,company_training,toeic,not_answering,2,15.0,0,2-3
google_ads,unemployed,career_advancement,backend_nodejs,positive_interaction,6,4.0,0,6+
tiktok,unemployed,career_advancement,communication_english,not_answering,3,24.0,0,2-3
referral,working_professional,career_advancement,data_analysis,rejected,3,3.0,0,2-3
google_ads,student_y3_y4,pass_exam,frontend,busy_call_back,2,24.0,1,2-3
facebook,student_y1_y2,hobby,ielts,busy_call_back,3,23.0,0,2-3
google_ads,student_y3_y4,pass_exam,communication_english,interested_need_time,2,41.0,0,2-3
facebook,student_y3_y4,pass_exam,ielts,busy_call_back,2,0.0,0,2-3
referral,unemployed,hobby,communication_english,positive_interaction,1,24.0,1,1
facebook,student_y3_y4,pass_exam,ielts,not_answering,2,17.0,0,2-3
tiktok,student_y1_y2,hobby,communication_english,not_answering,5,7.0,0,4-5
facebook,student_y3_y4,study_abroad,communication_english,not_answering,2,8.0,1,2-3
google_ads,student_y1_y2,career_advancement,communication_english,interested_need_time,5,1.0,1,4-5
website_organic,parent_enrolling,pass_exam,kids_english,wrong_number,5,,0,4-5
google_ads,student_y1_y2,hobby,toeic,not_answering,4,21.0,0,4-5
google_ads,student_y1_y2,pass_exam,toeic,wrong_number,1,6.0,0,1
referral,student_y1_y2,study_abroad,communication_english,positive_interaction,3,35.0,1,2-3
website_organic,unemployed,career_advancement,frontend,not_answering,5,0.0,0,4-5
facebook,student_y3_y4,pass_exam,ielts,not_answering,2,1.0,1,2-3
google_ads,working_professional,hobby,data_analysis,busy_call_back,2,0.0,0,2-3
google_ads,student_y3_y4,career_advancement,toeic,not_answering,2,39.0,0,2-3
google_ads,student_y1_y2,career_advancement,communication_english,positive_interaction,2,2.0,1,2-3
facebook,unemployed,career_advancement,toeic,interested_need_time,1,9.0,1,1
facebook,student_y1_y2,pass_exam,communication_english,busy_call_back,2,10.0,1,2-3
referral,student_y1_y2,pass_exam,communication_english,positive_interaction,3,27.0,1,2-3
referral,working_professional,career_advancement,communication_english,not_answering,3,11.0,1,2-3
website_organic,student_y1_y2,study_abroad,toeic,wrong_number,2,19.0,0,2-3
referral,student_y1_y2,pass_exam,communication_english,positive_interaction,6,0.0,1,6+
tiktok,unemployed,hobby,data_analysis,busy_call_back,2,13.0,0,2-3
tiktok,student_y3_y4,pass_exam,communication_english,interested_need_time,1,7.0,0,1
tiktok,student_y1_y2,hobby,toeic,not_answering,1,6.0,0,1
google_ads,student_y3_y4,study_abroad,communication_english,rejected,2,10.0,1,2-3
google_ads,working_professional,career_advancement,toeic,busy_call_back,3,0.0,1,2-3
facebook,student_y1_y2,pass_exam,ielts,wrong_number,1,1.0,0,1
google_ads,student_y1_y2,hobby,communication_english,rejected,5,2.0,0,4-5
facebook,,company_training,toeic,interested_need_time,5,34.0,1,4-5
facebook,working_professional,career_advancement,communication_english,positive_interaction,2,2.0,1,2-3
google_ads,parent_enrolling,pass_exam,kids_english,interested_need_time,4,,0,4-5
google_ads,student_y3_y4,study_abroad,ielts,not_answering,3,,1,2-3
facebook,student_y1_y2,pass_exam,toeic,rejected,5,14.0,0,4-5
website_organic,student_y3_y4,pass_exam,toeic,busy_call_back,2,1.0,1,2-3
website_organic,working_professional,career_advancement,communication_english,wrong_number,3,1.0,0,2-3
facebook,student_y1_y2,study_abroad,communication_english,positive_interaction,1,4.0,1,1
facebook,working_professional,hobby,data_analysis,not_answering,1,16.0,0,1
facebook,student_y1_y2,study_abroad,toeic,busy_call_back,5,16.0,0,4-5
tiktok,unemployed,hobby,backend_nodejs,not_answering,2,5.0,0,2-3
website_organic,unemployed,career_advancement,communication_english,not_answering,2,0.0,0,2-3
facebook,student_y3_y4,pass_exam,toeic,positive_interaction,2,9.0,1,2-3
tiktok,parent_enrolling,hobby,kids_english,not_answering,5,2.0,0,4-5
facebook,parent_enrolling,study_abroad,ielts,rejected,2,22.0,0,2-3
facebook,student_y1_y2,study_abroad,ielts,busy_call_back,1,0.0,1,1
other,student_y3_y4,study_abroad,ielts,busy_call_back,3,1.0,1,2-3
facebook,working_professional,pass_exam,data_analysis,not_answering,2,1.0,1,2-3
facebook,student_y1_y2,career_advancement,communication_english,not_answering,2,,0,2-3
google_ads,student_y3_y4,career_advancement,communication_english,interested_need_time,4,1.0,0,4-5
google_ads,student_y3_y4,pass_exam,toeic,busy_call_back,7,2.0,1,6+
referral,parent_enrolling,pass_exam,kids_english,interested_need_time,4,40.0,0,4-5
other,student_y3_y4,hobby,communication_english,interested_need_time,1,1.0,0,1
facebook,working_professional,career_advancement,ielts,not_answering,2,16.0,0,2-3
facebook,student_y3_y4,pass_exam,toeic,busy_call_back,4,7.0,1,4-5
tiktok,student_y1_y2,hobby,frontend,busy_call_back,2,2.0,0,2-3
facebook,unemployed,hobby,communication_english,not_answering,4,4.0,0,4-5
website_organic,student_y1_y2,hobby,communication_english,positive_interaction,3,0.0,1,2-3
tiktok,student_y1_y2,study_abroad,ielts,not_answering,5,0.0,0,4-5
facebook,student_y3_y4,study_abroad,communication_english,not_answering,2,1.0,0,2-3
website_organic,working_professional,hobby,data_analysis,interested_need_time,6,0.0,0,6+
facebook,student_y3_y4,study_abroad,communication_english,busy_call_back,2,6.0,0,2-3
google_ads,student_y1_y2,study_abroad,ielts,rejected,4,8.0,0,4-5
google_ads,student_y3_y4,pass_exam,toeic,positive_interaction,1,4.0,1,1
google_ads,student_y1_y2,career_advancement,toeic,positive_interaction,3,1.0,1,2-3
tiktok,student_y1_y2,pass_exam,frontend,interested_need_time,2,5.0,1,2-3
tiktok,student_y3_y4,career_advancement,toeic,busy_call_back,1,7.0,0,1
other,student_y1_y2,pass_exam,communication_english,not_answering,2,37.0,0,2-3
other,student_y3_y4,study_abroad,ielts,positive_interaction,1,4.0,1,1
google_ads,,career_advancement,communication_english,busy_call_back,7,7.0,0,6+
facebook,working_professional,company_training,communication_english,busy_call_back,5,6.0,0,4-5
tiktok,student_y3_y4,study_abroad,ielts,interested_need_time,4,3.0,0,4-5
referral,student_y3_y4,pass_exam,toeic,positive_interaction,3,15.0,0,2-3
facebook,student_y1_y2,hobby,toeic,interested_need_time,2,29.0,0,2-3
google_ads,parent_enrolling,pass_exam,kids_english,not_answering,2,28.0,1,2-3
google_ads,student_y1_y2,career_advancement,toeic,rejected,2,0.0,0,2-3
facebook,student_y1_y2,hobby,communication_english,not_answering,3,9.0,0,2-3
tiktok,student_y3_y4,study_abroad,communication_english,rejected,5,4.0,0,4-5
facebook,student_y1_y2,pass_exam,backend_nodejs,busy_call_back,1,19.0,1,1
tiktok,student_y1_y2,hobby,toeic,rejected,1,5.0,0,1
website_organic,student_y1_y2,study_abroad,ielts,rejected,1,5.0,0,1
website_organic,working_professional,career_advancement,data_analysis,busy_call_back,3,7.0,1,2-3
google_ads,working_professional,pass_exam,toeic,positive_interaction,1,10.0,1,1
facebook,working_professional,company_training,data_analysis,not_answering,2,,0,2-3
tiktok,working_professional,career_advancement,data_analysis,not_answering,1,18.0,0,1
website_organic,student_y3_y4,study_abroad,communication_english,busy_call_back,1,20.0,1,1
google_ads,parent_enrolling,hobby,kids_english,interested_need_time,4,7.0,0,4-5
website_organic,working_professional,career_advancement,communication_english,not_answering,8,1.0,0,6+
facebook,unemployed,career_advancement,frontend,interested_need_time,1,8.0,0,1
website_organic,working_professional,hobby,toeic,rejected,2,20.0,0,2-3
facebook,student_y3_y4,study_abroad,ielts,wrong_number,2,16.0,0,2-3
facebook,student_y3_y4,pass_exam,ielts,not_answering,4,7.0,0,4-5
google_ads,student_y3_y4,study_abroad,ielts,interested_need_time,3,7.0,1,2-3
facebook,student_y1_y2,hobby,toeic,not_answering,3,10.0,0,2-3
facebook,student_y3_y4,pass_exam,toeic,not_answering,3,7.0,0,2-3
facebook,student_y1_y2,study_abroad,ielts,rejected,6,12.0,0,6+
google_ads,student_y1_y2,career_advancement,communication_english,rejected,1,8.0,0,1
tiktok,parent_enrolling,pass_exam,ielts,not_answering,1,4.0,0,1
facebook,working_professional,career_advancement,toeic,not_answering,2,9.0,0,2-3
tiktok,working_professional,career_advancement,toeic,busy_call_back,3,5.0,0,2-3
website_organic,student_y3_y4,pass_exam,toeic,busy_call_back,1,18.0,0,1
facebook,working_professional,career_advancement,communication_english,not_answering,5,8.0,1,4-5
facebook,unemployed,career_advancement,frontend,not_answering,4,2.0,0,4-5
website_organic,working_professional,career_advancement,data_analysis,busy_call_back,6,40.0,0,6+
website_organic,working_professional,company_training,toeic,not_answering,6,7.0,1,6+
google_ads,student_y3_y4,pass_exam,toeic,positive_interaction,3,5.0,1,2-3
website_organic,student_y3_y4,pass_exam,communication_english,positive_interaction,5,0.0,1,4-5
facebook,working_professional,company_training,data_analysis,interested_need_time,4,1.0,1,4-5
facebook,parent_enrolling,pass_exam,communication_english,busy_call_back,2,2.0,0,2-3
tiktok,student_y3_y4,pass_exam,ielts,positive_interaction,4,1.0,1,4-5
facebook,student_y3_y4,career_advancement,toeic,not_answering,7,0.0,1,6+
tiktok,student_y3_y4,pass_exam,toeic,wrong_number,4,12.0,0,4-5
google_ads,student_y3_y4,hobby,toeic,not_answering,4,7.0,0,4-5
tiktok,parent_enrolling,hobby,kids_english,rejected,2,,0,2-3
google_ads,working_professional,career_advancement,data_analysis,not_answering,5,4.0,0,4-5
facebook,student_y3_y4,pass_exam,toeic,positive_interaction,2,4.0,1,2-3
facebook,student_y3_y4,hobby,toeic,not_answering,3,23.0,1,2-3
facebook,student_y3_y4,hobby,backend_nodejs,positive_interaction,4,1.0,1,4-5
tiktok,student_y1_y2,pass_exam,communication_english,interested_need_time,3,23.0,1,2-3
facebook,student_y3_y4,pass_exam,communication_english,not_answering,1,11.0,1,1
facebook,unemployed,study_abroad,data_analysis,positive_interaction,4,8.0,1,4-5
facebook,working_professional,pass_exam,communication_english,not_answering,2,2.0,0,2-3
facebook,student_y1_y2,study_abroad,ielts,interested_need_time,2,8.0,1,2-3
website_organic,working_professional,hobby,communication_english,busy_call_back,1,9.0,1,1
facebook,working_professional,career_advancement,communication_english,positive_interaction,3,3.0,1,2-3
other,student_y3_y4,pass_exam,toeic,wrong_number,1,3.0,0,1
facebook,working_professional,career_advancement,frontend,busy_call_back,2,0.0,0,2-3
tiktok,working_professional,company_training,communication_english,positive_interaction,5,4.0,1,4-5
google_ads,unemployed,hobby,frontend,rejected,3,0.0,0,2-3
facebook,student_y1_y2,career_advancement,toeic,positive_interaction,5,3.0,1,4-5
website_organic,student_y1_y2,study_abroad,ielts,busy_call_back,3,20.0,0,2-3
referral,student_y3_y4,pass_exam,communication_english,busy_call_back,1,11.0,0,1
website_organic,student_y1_y2,career_advancement,communication_english,not_answering,4,34.0,0,4-5
facebook,student_y3_y4,pass_exam,communication_english,busy_call_back,2,25.0,1,2-3
facebook,working_professional,company_training,communication_english,not_answering,7,32.0,0,6+
tiktok,student_y1_y2,pass_exam,toeic,positive_interaction,2,9.0,1,2-3
facebook,student_y3_y4,pass_exam,toeic,interested_need_time,5,,0,4-5
tiktok,parent_enrolling,pass_exam,kids_english,interested_need_time,3,13.0,1,2-3
google_ads,student_y3_y4,study_abroad,communication_english,not_answering,5,1.0,1,4-5
google_ads,student_y3_y4,study_abroad,ielts,not_answering,1,17.0,1,1
website_organic,working_professional,pass_exam,data_analysis,positive_interaction,3,4.0,0,2-3
tiktok,student_y1_y2,study_abroad,ielts,interested_need_time,1,5.0,0,1
facebook,student_y1_y2,study_abroad,ielts,rejected,5,4.0,0,4-5
facebook,working_professional,company_training,data_analysis,interested_need_time,2,2.0,0,2-3
google_ads,student_y3_y4,hobby,frontend,not_answering,2,8.0,0,2-3
google_ads,student_y3_y4,study_abroad,toeic,positive_interaction,4,6.0,1,4-5
facebook,student_y1_y2,hobby,toeic,positive_interaction,3,8.0,0,2-3
google_ads,unemployed,hobby,communication_english,not_answering,4,5.0,0,4-5
tiktok,student_y1_y2,pass_exam,toeic,positive_interaction,4,7.0,1,4-5
website_organic,working_professional,career_advancement,communication_english,not_answering,1,4.0,1,1
google_ads,student_y3_y4,pass_exam,toeic,not_answering,4,1.0,1,4-5
facebook,working_professional,company_training,frontend,not_answering,2,14.0,0,2-3
facebook,student_y1_y2,hobby,toeic,interested_need_time,3,3.0,0,2-3
google_ads,student_y1_y2,pass_exam,ielts,positive_interaction,2,7.0,1,2-3
facebook,,pass_exam,backend_nodejs,not_answering,2,2.0,1,2-3
google_ads,working_professional,company_training,data_analysis,positive_interaction,5,2.0,1,4-5
tiktok,student_y1_y2,pass_exam,toeic,positive_interaction,6,1.0,1,6+
facebook,student_y3_y4,study_abroad,ielts,busy_call_back,6,,0,6+
facebook,,career_advancement,communication_english,not_answering,4,23.0,0,4-5
facebook,student_y1_y2,study_abroad,ielts,not_answering,1,42.0,0,1
website_organic,working_professional,career_advancement,communication_english,not_answering,2,19.0,0,2-3
google_ads,student_y1_y2,study_abroad,communication_english,rejected,1,4.0,0,1
facebook,student_y3_y4,career_advancement,toeic,positive_interaction,4,6.0,1,4-5
website_organic,student_y1_y2,pass_exam,ielts,not_answering,1,7.0,0,1
google_ads,student_y3_y4,study_abroad,communication_english,interested_need_time,7,2.0,1,6+
google_ads,student_y3_y4,study_abroad,communication_english,not_answering,1,16.0,0,1
referral,student_y3_y4,pass_exam,toeic,not_answering,1,5.0,0,1
facebook,student_y3_y4,career_advancement,toeic,busy_call_back,5,17.0,0,4-5
facebook,parent_enrolling,hobby,kids_english,not_answering,2,6.0,0,2-3
google_ads,student_y3_y4,pass_exam,toeic,not_answering,1,2.0,1,1
facebook,unemployed,study_abroad,backend_nodejs,busy_call_back,3,8.0,1,2-3
tiktok,student_y1_y2,pass_exam,toeic,busy_call_back,7,10.0,0,6+
facebook,student_y3_y4,pass_exam,toeic,busy_call_back,2,12.0,0,2-3
facebook,student_y1_y2,career_advancement,toeic,interested_need_time,2,4.0,0,2-3
facebook,,pass_exam,toeic,busy_call_back,2,4.0,0,2-3
google_ads,working_professional,career_advancement,data_analysis,busy_call_back,3,9.0,1,2-3
facebook,unemployed,hobby,frontend,busy_call_back,2,10.0,0,2-3
facebook,working_professional,pass_exam,toeic,rejected,3,17.0,0,2-3
website_organic,working_professional,hobby,data_analysis,not_answering,3,33.0,0,2-3
facebook,student_y1_y2,pass_exam,ielts,interested_need_time,6,0.0,0,6+
facebook,student_y1_y2,study_abroad,communication_english,not_answering,4,17.0,0,4-5
facebook,working_professional,career_advancement,toeic,busy_call_back,4,22.0,0,4-5
facebook,student_y1_y2,hobby,toeic,interested_need_time,3,8.0,1,2-3
facebook,student_y1_y2,pass_exam,toeic,positive_interaction,2,6.0,1,2-3
google_ads,parent_enrolling,pass_exam,ielts,rejected,2,5.0,0,2-3
facebook,parent_enrolling,study_abroad,communication_english,busy_call_back,3,29.0,0,2-3
website_organic,working_professional,career_advancement,toeic,not_answering,1,1.0,1,1
referral,student_y3_y4,pass_exam,toeic,positive_interaction,1,7.0,1,1
facebook,unemployed,hobby,communication_english,not_answering,2,37.0,0,2-3
facebook,student_y1_y2,pass_exam,ielts,interested_need_time,1,3.0,0,1
facebook,student_y3_y4,study_abroad,ielts,positive_interaction,2,9.0,1,2-3
google_ads,student_y3_y4,career_advancement,communication_english,busy_call_back,3,26.0,0,2-3
facebook,parent_enrolling,hobby,kids_english,interested_need_time,4,9.0,0,4-5
website_organic,parent_enrolling,pass_exam,kids_english,not_answering,2,5.0,1,2-3
tiktok,working_professional,career_advancement,data_analysis,not_answering,4,15.0,0,4-5
website_organic,student_y1_y2,study_abroad,communication_english,rejected,1,1.0,0,1
google_ads,student_y3_y4,study_abroad,ielts,not_answering,8,2.0,0,6+
other,student_y1_y2,pass_exam,toeic,busy_call_back,3,6.0,0,2-3
facebook,unemployed,career_advancement,frontend,interested_need_time,3,0.0,0,2-3
google_ads,student_y1_y2,hobby,toeic,busy_call_back,4,2.0,1,4-5
facebook,student_y1_y2,study_abroad,ielts,not_answering,3,0.0,1,2-3
referral,working_professional,company_training,communication_english,not_answering,2,,1,2-3
google_ads,student_y3_y4,study_abroad,ielts,busy_call_back,2,5.0,1,2-3
website_organic,unemployed,career_advancement,frontend,busy_call_back,7,6.0,0,6+
facebook,student_y1_y2,pass_exam,toeic,positive_interaction,5,25.0,0,4-5
referral,unemployed,career_advancement,toeic,busy_call_back,3,18.0,1,2-3
google_ads,student_y1_y2,pass_exam,communication_english,rejected,5,2.0,0,4-5
google_ads,student_y1_y2,hobby,communication_english,not_answering,1,4.0,0,1
referral,student_y3_y4,pass_exam,communication_english,busy_call_back,3,2.0,1,2-3
facebook,student_y1_y2,pass_exam,communication_english,rejected,3,8.0,0,2-3
facebook,working_professional,career_advancement,data_analysis,positive_interaction,2,11.0,1,2-3
google_ads,student_y1_y2,career_advancement,toeic,busy_call_back,6,15.0,0,6+
facebook,student_y1_y2,pass_exam,toeic,busy_call_back,5,,0,4-5
facebook,working_professional,career_advancement,toeic,positive_interaction,6,27.0,1,6+
facebook,,study_abroad,ielts,not_answering,3,13.0,0,2-3
facebook,working_professional,pass_exam,toeic,not_answering,2,3.0,0,2-3
website_organic,working_professional,career_advancement,toeic,interested_need_time,4,23.0,0,4-5
google_ads,student_y1_y2,study_abroad,ielts,positive_interaction,1,6.0,0,1
facebook,working_professional,career_advancement,toeic,interested_need_time,5,8.0,1,4-5
google_ads,student_y3_y4,career_advancement,frontend,busy_call_back,1,1.0,0,1
google_ads,student_y3_y4,pass_exam,toeic,rejected,5,5.0,0,4-5
google_ads,student_y1_y2,study_abroad,ielts,not_answering,4,38.0,0,4-5
referral,unemployed,study_abroad,frontend,positive_interaction,1,11.0,0,1
referral,working_professional,company_training,ielts,not_answering,1,24.0,0,1
facebook,student_y3_y4,study_abroad,ielts,positive_interaction,3,4.0,0,2-3
facebook,parent_enrolling,study_abroad,kids_english,interested_need_time,2,30.0,1,2-3
google_ads,student_y3_y4,study_abroad,toeic,not_answering,5,,0,4-5
google_ads,unemployed,career_advancement,frontend,interested_need_time,1,24.0,0,1
google_ads,working_professional,career_advancement,communication_english,wrong_number,2,64.0,0,2-3
tiktok,parent_enrolling,study_abroad,kids_english,busy_call_back,2,12.0,0,2-3
google_ads,parent_enrolling,study_abroad,kids_english,not_answering,1,4.0,1,1
facebook,parent_enrolling,pass_exam,kids_english,not_answering,2,19.0,0,2-3
facebook,student_y1_y2,study_abroad,communication_english,interested_need_time,5,14.0,1,4-5
facebook,working_professional,company_training,frontend,positive_interaction,4,51.0,0,4-5
facebook,unemployed,hobby,communication_english,busy_call_back,6,8.0,0,6+
facebook,working_professional,company_training,data_analysis,not_answering,2,6.0,1,2-3
tiktok,student_y3_y4,hobby,toeic,positive_interaction,2,11.0,0,2-3
facebook,parent_enrolling,study_abroad,kids_english,busy_call_back,1,0.0,1,1
facebook,student_y1_y2,career_advancement,frontend,not_answering,3,3.0,0,2-3
google_ads,student_y3_y4,hobby,toeic,busy_call_back,1,6.0,0,1
tiktok,student_y3_y4,pass_exam,communication_english,interested_need_time,1,16.0,0,1
facebook,student_y1_y2,study_abroad,toeic,rejected,3,,0,2-3
website_organic,working_professional,career_advancement,frontend,interested_need_time,1,5.0,1,1
referral,student_y1_y2,study_abroad,ielts,not_answering,3,2.0,1,2-3
google_ads,working_professional,career_advancement,data_analysis,positive_interaction,3,2.0,1,2-3
tiktok,unemployed,career_advancement,backend_nodejs,not_answering,4,2.0,0,4-5
facebook,student_y3_y4,study_abroad,ielts,rejected,2,4.0,0,2-3
referral,working_professional,career_advancement,ielts,busy_call_back,4,,0,4-5
facebook,student_y1_y2,career_advancement,communication_english,rejected,2,,0,2-3
referral,unemployed,hobby,frontend,wrong_number,1,,0,1
google_ads,parent_enrolling,hobby,kids_english,wrong_number,2,26.0,1,2-3
facebook,student_y1_y2,study_abroad,ielts,not_answering,1,5.0,0,1
facebook,working_professional,career_advancement,data_analysis,positive_interaction,3,30.0,0,2-3
tiktok,student_y3_y4,pass_exam,communication_english,positive_interaction,4,42.0,0,4-5
google_ads,student_y3_y4,hobby,toeic,busy_call_back,4,5.0,0,4-5
facebook,,career_advancement,data_analysis,busy_call_back,2,7.0,1,2-3
tiktok,student_y3_y4,pass_exam,communication_english,interested_need_time,1,2.0,1,1
website_organic,working_professional,career_advancement,toeic,rejected,1,2.0,1,1
google_ads,student_y1_y2,study_abroad,ielts,positive_interaction,8,0.0,1,6+
google_ads,student_y3_y4,pass_exam,toeic,busy_call_back,2,7.0,1,2-3
facebook,unemployed,career_advancement,data_analysis,interested_need_time,2,1.0,1,2-3
tiktok,student_y1_y2,pass_exam,toeic,not_answering,1,5.0,0,1
facebook,working_professional,career_advancement,toeic,busy_call_back,4,6.0,1,4-5
website_organic,student_y1_y2,pass_exam,communication_english,positive_interaction,2,21.0,1,2-3
facebook,unemployed,career_advancement,backend_nodejs,interested_need_time,1,0.0,0,1
google_ads,working_professional,career_advancement,toeic,positive_interaction,3,2.0,1,2-3
facebook,student_y3_y4,pass_exam,communication_english,interested_need_time,4,1.0,0,4-5
facebook,student_y1_y2,hobby,toeic,busy_call_back,3,0.0,0,2-3
tiktok,student_y3_y4,hobby,toeic,positive_interaction,7,14.0,0,6+
google_ads,parent_enrolling,study_abroad,kids_english,not_answering,5,9.0,0,4-5
google_ads,student_y3_y4,pass_exam,toeic,rejected,3,14.0,0,2-3
referral,student_y3_y4,pass_exam,communication_english,rejected,6,2.0,1,6+
referral,working_professional,career_advancement,frontend,wrong_number,5,6.0,0,4-5
website_organic,student_y3_y4,pass_exam,frontend,wrong_number,2,14.0,0,2-3
facebook,student_y3_y4,pass_exam,communication_english,interested_need_time,4,4.0,1,4-5
google_ads,student_y3_y4,pass_exam,toeic,busy_call_back,3,2.0,0,2-3
website_organic,student_y1_y2,pass_exam,communication_english,positive_interaction,3,12.0,1,2-3
facebook,working_professional,career_advancement,data_analysis,not_answering,3,5.0,0,2-3
facebook,unemployed,study_abroad,communication_english,positive_interaction,5,0.0,1,4-5
website_organic,parent_enrolling,pass_exam,kids_english,not_answering,6,62.0,0,6+
google_ads,unemployed,career_advancement,frontend,wrong_number,2,8.0,0,2-3
google_ads,student_y3_y4,career_advancement,toeic,interested_need_time,3,10.0,1,2-3
other,student_y3_y4,pass_exam,communication_english,positive_interaction,3,5.0,1,2-3
google_ads,working_professional,career_advancement,data_analysis,busy_call_back,5,14.0,1,4-5
google_ads,parent_enrolling,hobby,kids_english,interested_need_time,2,25.0,0,2-3
facebook,working_professional,career_advancement,frontend,rejected,1,9.0,0,1
google_ads,student_y3_y4,study_abroad,communication_english,busy_call_back,2,11.0,1,2-3
facebook,working_professional,company_training,data_analysis,not_answering,1,5.0,0,1
tiktok,working_professional,career_advancement,data_analysis,not_answering,1,25.0,0,1
website_organic,parent_enrolling,study_abroad,kids_english,interested_need_time,2,15.0,1,2-3
facebook,working_professional,career_advancement,frontend,interested_need_time,1,16.0,1,1
facebook,student_y3_y4,pass_exam,toeic,interested_need_time,5,5.0,1,4-5
website_organic,student_y3_y4,pass_exam,toeic,not_answering,2,5.0,1,2-3
facebook,student_y3_y4,study_abroad,ielts,not_answering,2,2.0,1,2-3
google_ads,student_y3_y4,study_abroad,ielts,wrong_number,4,7.0,0,4-5
google_ads,parent_enrolling,pass_exam,kids_english,positive_interaction,2,1.0,1,2-3
tiktok,student_y3_y4,study_abroad,communication_english,not_answering,4,5.0,0,4-5
facebook,student_y3_y4,pass_exam,toeic,not_answering,5,2.0,0,4-5
tiktok,student_y3_y4,pass_exam,toeic,not_answering,2,1.0,1,2-3
facebook,working_professional,career_advancement,ielts,positive_interaction,3,10.0,1,2-3
google_ads,student_y3_y4,pass_exam,toeic,positive_interaction,2,0.0,1,2-3
facebook,student_y1_y2,hobby,communication_english,interested_need_time,2,22.0,0,2-3
google_ads,unemployed,career_advancement,backend_nodejs,interested_need_time,3,3.0,0,2-3
google_ads,student_y3_y4,hobby,toeic,wrong_number,2,15.0,0,2-3
facebook,student_y3_y4,pass_exam,ielts,busy_call_back,3,2.0,1,2-3
facebook,student_y1_y2,career_advancement,backend_nodejs,busy_call_back,3,26.0,0,2-3
facebook,working_professional,career_advancement,ielts,busy_call_back,1,5.0,1,1
facebook,working_professional,career_advancement,data_analysis,rejected,1,5.0,1,1
facebook,unemployed,study_abroad,communication_english,interested_need_time,3,5.0,0,2-3
referral,student_y1_y2,pass_exam,communication_english,interested_need_time,1,1.0,1,1
google_ads,parent_enrolling,hobby,kids_english,positive_interaction,4,4.0,0,4-5
website_organic,working_professional,hobby,toeic,not_answering,6,13.0,0,6+
referral,student_y3_y4,study_abroad,ielts,busy_call_back,4,0.0,1,4-5
facebook,student_y1_y2,hobby,toeic,interested_need_time,2,17.0,0,2-3
tiktok,student_y3_y4,study_abroad,ielts,rejected,2,25.0,0,2-3
website_organic,unemployed,study_abroad,backend_nodejs,not_answering,4,2.0,1,4-5
google_ads,student_y3_y4,pass_exam,toeic,busy_call_back,4,7.0,0,4-5
google_ads,student_y3_y4,pass_exam,toeic,rejected,7,15.0,0,6+
google_ads,working_professional,hobby,data_analysis,positive_interaction,3,23.0,1,2-3
facebook,unemployed,career_advancement,backend_nodejs,interested_need_time,2,5.0,0,2-3
google_ads,working_professional,career_advancement,communication_english,not_answering,2,,0,2-3
other,working_professional,career_advancement,toeic,not_answering,6,9.0,0,6+
referral,student_y1_y2,study_abroad,ielts,busy_call_back,3,8.0,0,2-3
facebook,unemployed,hobby,communication_english,not_answering,5,2.0,0,4-5
tiktok,student_y3_y4,study_abroad,ielts,positive_interaction,4,3.0,1,4-5
facebook,student_y1_y2,study_abroad,ielts,positive_interaction,7,6.0,1,6+
referral,parent_enrolling,pass_exam,kids_english,positive_interaction,3,9.0,1,2-3
facebook,student_y1_y2,study_abroad,communication_english,not_answering,6,10.0,0,6+
referral,student_y1_y2,pass_exam,communication_english,busy_call_back,5,23.0,0,4-5
website_organic,working_professional,career_advancement,data_analysis,positive_interaction,5,,1,4-5
facebook,student_y3_y4,study_abroad,ielts,not_answering,6,3.0,0,6+
facebook,student_y1_y2,career_advancement,communication_english,not_answering,3,12.0,1,2-3
website_organic,working_professional,company_training,communication_english,busy_call_back,4,4.0,1,4-5
facebook,working_professional,company_training,communication_english,not_answering,3,7.0,1,2-3
google_ads,working_professional,career_advancement,communication_english,not_answering,4,32.0,0,4-5
referral,student_y1_y2,pass_exam,communication_english,busy_call_back,4,11.0,0,4-5
google_ads,working_professional,hobby,communication_english,wrong_number,4,2.0,0,4-5
facebook,unemployed,hobby,backend_nodejs,not_answering,2,11.0,0,2-3
google_ads,student_y1_y2,hobby,communication_english,interested_need_time,4,0.0,0,4-5
facebook,student_y1_y2,pass_exam,toeic,interested_need_time,5,6.0,0,4-5
referral,student_y1_y2,study_abroad,ielts,interested_need_time,3,0.0,1,2-3
facebook,student_y3_y4,hobby,frontend,interested_need_time,3,7.0,1,2-3
facebook,student_y1_y2,hobby,toeic,not_answering,5,5.0,0,4-5
facebook,working_professional,company_training,data_analysis,not_answering,4,2.0,0,4-5
referral,parent_enrolling,pass_exam,kids_english,interested_need_time,3,12.0,0,2-3
facebook,student_y1_y2,pass_exam,toeic,rejected,3,9.0,0,2-3
website_organic,working_professional,pass_exam,frontend,busy_call_back,4,11.0,0,4-5
tiktok,student_y1_y2,pass_exam,communication_english,busy_call_back,4,5.0,1,4-5
website_organic,student_y1_y2,pass_exam,toeic,rejected,2,13.0,0,2-3
referral,working_professional,career_advancement,data_analysis,positive_interaction,2,11.0,1,2-3
website_organic,student_y3_y4,study_abroad,communication_english,positive_interaction,5,1.0,0,4-5
referral,parent_enrolling,hobby,kids_english,interested_need_time,6,7.0,0,6+
facebook,student_y3_y4,career_advancement,toeic,wrong_number,2,17.0,0,2-3
tiktok,student_y1_y2,pass_exam,communication_english,interested_need_time,6,0.0,0,6+
google_ads,student_y3_y4,pass_exam,toeic,positive_interaction,3,10.0,1,2-3
google_ads,student_y1_y2,pass_exam,toeic,positive_interaction,1,0.0,0,1
website_organic,unemployed,study_abroad,communication_english,busy_call_back,4,6.0,0,4-5
referral,working_professional,career_advancement,ielts,rejected,1,14.0,0,1
tiktok,student_y3_y4,study_abroad,ielts,rejected,1,13.0,0,1
google_ads,student_y3_y4,hobby,toeic,interested_need_time,6,14.0,0,6+
google_ads,working_professional,career_advancement,data_analysis,not_answering,3,9.0,1,2-3
facebook,working_professional,career_advancement,data_analysis,positive_interaction,2,18.0,1,2-3
facebook,student_y1_y2,pass_exam,communication_english,busy_call_back,3,0.0,1,2-3
facebook,student_y1_y2,career_advancement,backend_nodejs,interested_need_time,3,16.0,0,2-3
facebook,student_y1_y2,pass_exam,toeic,not_answering,3,0.0,1,2-3
facebook,student_y3_y4,hobby,communication_english,positive_interaction,2,,1,2-3
tiktok,student_y3_y4,pass_exam,toeic,rejected,2,9.0,0,2-3
google_ads,student_y1_y2,career_advancement,communication_english,not_answering,3,14.0,0,2-3
referral,student_y3_y4,study_abroad,communication_english,positive_interaction,3,32.0,1,2-3
google_ads,student_y3_y4,pass_exam,toeic,wrong_number,6,7.0,0,6+
facebook,student_y1_y2,study_abroad,communication_english,not_answering,2,14.0,1,2-3
facebook,parent_enrolling,pass_exam,kids_english,not_answering,5,1.0,0,4-5
facebook,working_professional,career_advancement,communication_english,busy_call_back,8,8.0,0,6+
referral,student_y3_y4,hobby,toeic,positive_interaction,2,10.0,1,2-3
facebook,student_y3_y4,pass_exam,communication_english,busy_call_back,1,4.0,0,1
google_ads,student_y3_y4,pass_exam,toeic,not_answering,3,18.0,0,2-3
referral,unemployed,hobby,communication_english,not_answering,6,11.0,1,6+
referral,working_professional,company_training,toeic,busy_call_back,1,7.0,0,1
facebook,student_y3_y4,pass_exam,communication_english,not_answering,1,28.0,0,1
facebook,parent_enrolling,pass_exam,ielts,interested_need_time,4,23.0,0,4-5
facebook,unemployed,study_abroad,data_analysis,not_answering,5,14.0,0,4-5
facebook,unemployed,career_advancement,communication_english,positive_interaction,1,18.0,0,1
facebook,student_y1_y2,hobby,toeic,positive_interaction,2,,0,2-3
google_ads,student_y1_y2,career_advancement,ielts,wrong_number,2,15.0,0,2-3
referral,working_professional,career_advancement,communication_english,not_answering,7,2.0,0,6+
google_ads,student_y3_y4,study_abroad,ielts,interested_need_time,4,2.0,1,4-5
google_ads,working_professional,career_advancement,data_analysis,positive_interaction,3,3.0,1,2-3
facebook,working_professional,company_training,toeic,interested_need_time,5,22.0,0,4-5
website_organic,student_y3_y4,pass_exam,communication_english,not_answering,3,,1,2-3
google_ads,student_y3_y4,career_advancement,backend_nodejs,not_answering,6,4.0,0,6+
website_organic,student_y3_y4,pass_exam,ielts,interested_need_time,2,3.0,1,2-3
referral,student_y3_y4,career_advancement,communication_english,busy_call_back,1,15.0,1,1
facebook,working_professional,career_advancement,communication_english,rejected,2,24.0,0,2-3
facebook,working_professional,career_advancement,communication_english,positive_interaction,2,38.0,0,2-3
facebook,student_y3_y4,pass_exam,frontend,positive_interaction,5,2.0,1,4-5
google_ads,working_professional,career_advancement,ielts,rejected,3,17.0,0,2-3
referral,student_y3_y4,study_abroad,communication_english,positive_interaction,2,,1,2-3
facebook,working_professional,career_advancement,data_analysis,not_answering,4,12.0,0,4-5
tiktok,student_y1_y2,study_abroad,toeic,not_answering,3,8.0,0,2-3
google_ads,working_professional,career_advancement,communication_english,positive_interaction,3,,1,2-3
facebook,working_professional,pass_exam,communication_english,busy_call_back,1,2.0,0,1
facebook,student_y3_y4,study_abroad,ielts,rejected,8,6.0,0,6+
tiktok,working_professional,career_advancement,data_analysis,not_answering,4,29.0,0,4-5
tiktok,unemployed,hobby,frontend,not_answering,5,2.0,0,4-5
google_ads,student_y1_y2,study_abroad,communication_english,positive_interaction,4,1.0,1,4-5
facebook,working_professional,pass_exam,communication_english,positive_interaction,3,7.0,1,2-3
tiktok,parent_enrolling,pass_exam,kids_english,wrong_number,1,6.0,0,1
facebook,unemployed,hobby,communication_english,not_answering,4,16.0,1,4-5
referral,student_y3_y4,study_abroad,ielts,busy_call_back,1,7.0,1,1
facebook,working_professional,company_training,frontend,interested_need_time,7,4.0,0,6+
facebook,parent_enrolling,study_abroad,kids_english,rejected,2,9.0,1,2-3
google_ads,working_professional,career_advancement,data_analysis,not_answering,2,5.0,0,2-3
google_ads,student_y1_y2,pass_exam,ielts,interested_need_time,3,17.0,1,2-3
google_ads,student_y1_y2,pass_exam,toeic,not_answering,3,4.0,0,2-3
google_ads,working_professional,career_advancement,data_analysis,positive_interaction,4,18.0,1,4-5
other,student_y3_y4,hobby,toeic,not_answering,4,13.0,1,4-5
google_ads,student_y1_y2,pass_exam,toeic,rejected,4,,0,4-5
google_ads,student_y3_y4,hobby,ielts,not_answering,6,10.0,1,6+
google_ads,working_professional,career_advancement,data_analysis,positive_interaction,3,3.0,1,2-3
facebook,student_y3_y4,career_advancement,communication_english,positive_interaction,3,33.0,1,2-3
google_ads,unemployed,career_advancement,backend_nodejs,not_answering,5,20.0,0,4-5
facebook,working_professional,career_advancement,communication_english,not_answering,2,2.0,0,2-3
google_ads,parent_enrolling,pass_exam,kids_english,interested_need_time,2,17.0,1,2-3
facebook,unemployed,career_advancement,communication_english,interested_need_time,1,15.0,0,1
other,student_y3_y4,career_advancement,ielts,positive_interaction,4,0.0,1,4-5
google_ads,working_professional,career_advancement,communication_english,interested_need_time,4,4.0,1,4-5
website_organic,student_y1_y2,study_abroad,ielts,not_answering,2,26.0,0,2-3
google_ads,parent_enrolling,pass_exam,ielts,rejected,1,1.0,0,1
facebook,student_y3_y4,pass_exam,toeic,not_answering,1,2.0,0,1
website_organic,working_professional,company_training,data_analysis,interested_need_time,3,2.0,1,2-3
google_ads,unemployed,career_advancement,backend_nodejs,rejected,1,4.0,0,1
tiktok,student_y1_y2,hobby,toeic,rejected,4,1.0,0,4-5
google_ads,unemployed,hobby,communication_english,not_answering,7,12.0,0,6+
google_ads,student_y1_y2,study_abroad,ielts,not_answering,4,22.0,0,4-5
website_organic,student_y3_y4,pass_exam,toeic,interested_need_time,5,0.0,0,4-5
google_ads,student_y3_y4,career_advancement,toeic,busy_call_back,8,1.0,1,6+
facebook,student_y3_y4,hobby,toeic,positive_interaction,4,1.0,1,4-5
tiktok,working_professional,hobby,data_analysis,interested_need_time,3,12.0,0,2-3
tiktok,parent_enrolling,pass_exam,kids_english,not_answering,5,1.0,0,4-5
referral,student_y3_y4,career_advancement,toeic,busy_call_back,3,,1,2-3
facebook,working_professional,career_advancement,data_analysis,positive_interaction,2,24.0,0,2-3
google_ads,unemployed,hobby,frontend,positive_interaction,1,6.0,0,1
website_organic,,company_training,toeic,busy_call_back,3,8.0,1,2-3
google_ads,student_y1_y2,study_abroad,communication_english,not_answering,5,13.0,1,4-5
tiktok,parent_enrolling,hobby,kids_english,busy_call_back,4,3.0,0,4-5
google_ads,student_y1_y2,pass_exam,toeic,interested_need_time,2,2.0,0,2-3
facebook,working_professional,company_training,toeic,positive_interaction,3,23.0,1,2-3
tiktok,working_professional,career_advancement,communication_english,wrong_number,5,5.0,0,4-5
facebook,working_professional,hobby,toeic,rejected,4,22.0,0,4-5
facebook,student_y1_y2,study_abroad,ielts,interested_need_time,3,2.0,0,2-3
google_ads,student_y1_y2,pass_exam,toeic,wrong_number,2,2.0,0,2-3
tiktok,working_professional,career_advancement,toeic,not_answering,2,8.0,0,2-3
website_organic,student_y1_y2,pass_exam,toeic,interested_need_time,6,40.0,0,6+
facebook,student_y3_y4,pass_exam,toeic,interested_need_time,1,15.0,0,1
facebook,working_professional,career_advancement,communication_english,positive_interaction,5,4.0,1,4-5
referral,working_professional,career_advancement,data_analysis,positive_interaction,1,37.0,1,1
facebook,student_y1_y2,hobby,communication_english,not_answering,8,1.0,0,6+
facebook,student_y3_y4,pass_exam,backend_nodejs,wrong_number,2,3.0,0,2-3
facebook,parent_enrolling,hobby,kids_english,wrong_number,4,2.0,0,4-5
google_ads,student_y3_y4,pass_exam,communication_english,rejected,4,6.0,0,4-5
website_organic,student_y1_y2,hobby,communication_english,busy_call_back,4,25.0,0,4-5
tiktok,student_y1_y2,study_abroad,communication_english,rejected,4,0.0,0,4-5
tiktok,student_y3_y4,hobby,toeic,positive_interaction,1,3.0,0,1
facebook,parent_enrolling,pass_exam,ielts,positive_interaction,2,23.0,1,2-3
facebook,student_y3_y4,pass_exam,toeic,busy_call_back,2,1.0,1,2-3
google_ads,student_y1_y2,pass_exam,toeic,positive_interaction,4,12.0,0,4-5
facebook,student_y3_y4,pass_exam,communication_english,positive_interaction,4,28.0,0,4-5
facebook,student_y1_y2,study_abroad,ielts,interested_need_time,2,0.0,1,2-3
facebook,student_y3_y4,pass_exam,frontend,rejected,4,11.0,0,4-5
facebook,parent_enrolling,study_abroad,communication_english,not_answering,2,0.0,1,2-3
google_ads,working_professional,career_advancement,communication_english,interested_need_time,2,0.0,1,2-3
tiktok,student_y1_y2,career_advancement,ielts,busy_call_back,2,7.0,0,2-3
facebook,student_y3_y4,pass_exam,communication_english,busy_call_back,4,5.0,0,4-5
google_ads,student_y1_y2,study_abroad,ielts,busy_call_back,1,6.0,1,1
tiktok,student_y1_y2,study_abroad,ielts,busy_call_back,6,3.0,0,6+
tiktok,working_professional,career_advancement,frontend,busy_call_back,4,6.0,0,4-5
website_organic,student_y3_y4,study_abroad,communication_english,not_answering,3,23.0,1,2-3
google_ads,working_professional,company_training,ielts,not_answering,2,4.0,0,2-3
website_organic,unemployed,career_advancement,frontend,positive_interaction,4,7.0,0,4-5
facebook,student_y1_y2,pass_exam,communication_english,busy_call_back,5,3.0,1,4-5
facebook,parent_enrolling,pass_exam,kids_english,not_answering,3,17.0,1,2-3
facebook,student_y3_y4,pass_exam,toeic,not_answering,2,1.0,1,2-3
google_ads,student_y3_y4,hobby,ielts,not_answering,2,5.0,0,2-3
facebook,unemployed,career_advancement,backend_nodejs,not_answering,2,12.0,0,2-3
facebook,student_y1_y2,study_abroad,communication_english,rejected,2,4.0,0,2-3
tiktok,,career_advancement,data_analysis,interested_need_time,4,,0,4-5
facebook,working_professional,career_advancement,communication_english,busy_call_back,2,10.0,1,2-3
facebook,student_y3_y4,career_advancement,toeic,interested_need_time,5,7.0,1,4-5
facebook,unemployed,career_advancement,communication_english,not_answering,3,1.0,0,2-3
google_ads,student_y1_y2,study_abroad,communication_english,positive_interaction,3,11.0,1,2-3
facebook,unemployed,career_advancement,backend_nodejs,rejected,6,8.0,0,6+
facebook,student_y1_y2,hobby,toeic,not_answering,2,1.0,0,2-3
facebook,,career_advancement,toeic,not_answering,1,10.0,0,1
tiktok,student_y3_y4,study_abroad,ielts,interested_need_time,3,1.0,1,2-3
referral,unemployed,career_advancement,communication_english,not_answering,3,10.0,0,2-3
google_ads,student_y1_y2,pass_exam,ielts,not_answering,4,34.0,0,4-5
google_ads,unemployed,hobby,toeic,positive_interaction,5,0.0,0,4-5
website_organic,student_y1_y2,study_abroad,communication_english,interested_need_time,4,3.0,0,4-5
other,student_y3_y4,pass_exam,communication_english,not_answering,7,2.0,1,6+
google_ads,student_y3_y4,pass_exam,frontend,positive_interaction,2,12.0,1,2-3
website_organic,student_y1_y2,hobby,toeic,not_answering,2,11.0,0,2-3
referral,parent_enrolling,study_abroad,kids_english,busy_call_back,2,12.0,1,2-3
tiktok,student_y3_y4,study_abroad,ielts,positive_interaction,4,10.0,1,4-5
google_ads,working_professional,company_training,data_analysis,interested_need_time,2,0.0,0,2-3
facebook,working_professional,career_advancement,data_analysis,interested_need_time,1,8.0,1,1
facebook,student_y3_y4,pass_exam,frontend,positive_interaction,7,0.0,1,6+
google_ads,working_professional,career_advancement,communication_english,interested_need_time,2,30.0,0,2-3
google_ads,unemployed,career_advancement,data_analysis,wrong_number,2,0.0,0,2-3
google_ads,working_professional,company_training,communication_english,interested_need_time,2,26.0,1,2-3
google_ads,student_y3_y4,pass_exam,communication_english,busy_call_back,1,1.0,1,1
google_ads,working_professional,career_advancement,communication_english,positive_interaction,1,3.0,1,1
website_organic,working_professional,pass_exam,communication_english,not_answering,2,2.0,1,2-3
facebook,student_y3_y4,study_abroad,ielts,positive_interaction,2,4.0,1,2-3
facebook,working_professional,company_training,data_analysis,not_answering,5,20.0,0,4-5
tiktok,student_y3_y4,pass_exam,communication_english,busy_call_back,2,3.0,1,2-3
website_organic,working_professional,pass_exam,frontend,positive_interaction,4,7.0,1,4-5
other,parent_enrolling,pass_exam,kids_english,interested_need_time,4,,0,4-5
website_organic,parent_enrolling,hobby,kids_english,not_answering,4,1.0,0,4-5
website_organic,unemployed,career_advancement,communication_english,busy_call_back,6,6.0,1,6+
facebook,working_professional,hobby,communication_english,positive_interaction,3,14.0,0,2-3
google_ads,working_professional,career_advancement,data_analysis,rejected,1,2.0,0,1
facebook,student_y1_y2,pass_exam,toeic,busy_call_back,1,3.0,0,1
google_ads,student_y3_y4,study_abroad,ielts,not_answering,1,2.0,1,1
referral,student_y3_y4,hobby,toeic,busy_call_back,5,10.0,0,4-5
facebook,student_y1_y2,career_advancement,toeic,busy_call_back,3,5.0,1,2-3
google_ads,parent_enrolling,pass_exam,kids_english,not_answering,1,3.0,1,1
facebook,unemployed,hobby,communication_english,wrong_number,1,58.0,0,1
facebook,student_y3_y4,pass_exam,backend_nodejs,interested_need_time,5,15.0,0,4-5
facebook,student_y3_y4,study_abroad,toeic,busy_call_back,3,4.0,0,2-3
facebook,working_professional,career_advancement,communication_english,busy_call_back,1,15.0,1,1
referral,student_y3_y4,study_abroad,ielts,not_answering,5,38.0,0,4-5
google_ads,unemployed,career_advancement,communication_english,interested_need_time,4,0.0,0,4-5
website_organic,parent_enrolling,pass_exam,kids_english,busy_call_back,3,6.0,0,2-3
tiktok,student_y3_y4,pass_exam,backend_nodejs,busy_call_back,3,3.0,1,2-3
facebook,student_y1_y2,pass_exam,toeic,positive_interaction,4,11.0,0,4-5
facebook,student_y3_y4,pass_exam,communication_english,busy_call_back,2,26.0,1,2-3
website_organic,student_y1_y2,hobby,ielts,interested_need_time,8,11.0,0,6+
facebook,student_y3_y4,pass_exam,toeic,wrong_number,4,15.0,0,4-5
referral,student_y1_y2,career_advancement,toeic,busy_call_back,3,10.0,0,2-3
facebook,student_y1_y2,study_abroad,ielts,busy_call_back,4,,0,4-5
tiktok,student_y3_y4,study_abroad,ielts,wrong_number,8,9.0,0,6+
website_organic,student_y1_y2,pass_exam,ielts,busy_call_back,1,1.0,0,1
facebook,working_professional,career_advancement,ielts,busy_call_back,1,,0,1
facebook,student_y1_y2,career_advancement,toeic,positive_interaction,4,0.0,1,4-5
referral,unemployed,career_advancement,communication_english,interested_need_time,2,0.0,1,2-3
facebook,student_y1_y2,career_advancement,toeic,rejected,4,18.0,0,4-5
google_ads,student_y1_y2,hobby,communication_english,busy_call_back,3,0.0,0,2-3
google_ads,,study_abroad,ielts,busy_call_back,2,2.0,1,2-3
facebook,working_professional,career_advancement,data_analysis,not_answering,2,0.0,0,2-3
tiktok,student_y3_y4,study_abroad,ielts,not_answering,4,13.0,0,4-5
tiktok,student_y3_y4,study_abroad,ielts,interested_need_time,1,1.0,1,1
facebook,student_y1_y2,study_abroad,ielts,not_answering,1,3.0,1,1
website_organic,parent_enrolling,pass_exam,kids_english,busy_call_back,2,5.0,0,2-3
facebook,student_y1_y2,study_abroad,ielts,not_answering,1,3.0,1,1
facebook,student_y3_y4,study_abroad,communication_english,not_answering,3,2.0,1,2-3
google_ads,unemployed,hobby,communication_english,busy_call_back,8,2.0,0,6+
other,student_y1_y2,pass_exam,communication_english,interested_need_time,4,16.0,0,4-5
facebook,student_y3_y4,pass_exam,toeic,busy_call_back,3,13.0,0,2-3
facebook,unemployed,career_advancement,communication_english,positive_interaction,2,16.0,0,2-3
google_ads,student_y3_y4,hobby,toeic,not_answering,8,14.0,1,6+
website_organic,student_y1_y2,pass_exam,frontend,not_answering,5,1.0,0,4-5
facebook,student_y3_y4,hobby,toeic,rejected,5,31.0,0,4-5
facebook,student_y1_y2,hobby,toeic,rejected,2,1.0,0,2-3
tiktok,parent_enrolling,hobby,kids_english,busy_call_back,1,12.0,0,1
facebook,working_professional,career_advancement,communication_english,busy_call_back,1,0.0,0,1
facebook,working_professional,company_training,communication_english,wrong_number,2,7.0,0,2-3
facebook,student_y1_y2,study_abroad,communication_english,interested_need_time,1,0.0,1,1
google_ads,working_professional,career_advancement,frontend,not_answering,5,11.0,0,4-5
google_ads,working_professional,career_advancement,communication_english,not_answering,1,12.0,1,1
website_organic,student_y1_y2,pass_exam,toeic,not_answering,2,1.0,1,2-3
google_ads,unemployed,career_advancement,frontend,positive_interaction,5,0.0,1,4-5
tiktok,,company_training,toeic,interested_need_time,7,0.0,0,6+
other,working_professional,career_advancement,data_analysis,not_answering,2,,0,2-3
google_ads,student_y3_y4,pass_exam,communication_english,not_answering,2,6.0,0,2-3
google_ads,student_y1_y2,hobby,toeic,not_answering,5,,0,4-5
referral,working_professional,company_training,ielts,positive_interaction,7,,1,6+
facebook,working_professional,career_advancement,ielts,wrong_number,3,3.0,0,2-3
tiktok,student_y3_y4,pass_exam,communication_english,interested_need_time,2,26.0,0,2-3
tiktok,student_y1_y2,pass_exam,toeic,positive_interaction,4,3.0,0,4-5
facebook,,study_abroad,communication_english,not_answering,4,3.0,1,4-5
google_ads,student_y1_y2,hobby,communication_english,interested_need_time,1,8.0,0,1
facebook,student_y3_y4,hobby,backend_nodejs,busy_call_back,2,32.0,1,2-3
facebook,working_professional,career_advancement,ielts,not_answering,5,1.0,0,4-5
google_ads,student_y1_y2,career_advancement,communication_english,busy_call_back,4,13.0,0,4-5
facebook,student_y1_y2,study_abroad,ielts,positive_interaction,1,1.0,1,1
tiktok,student_y1_y2,pass_exam,toeic,not_answering,4,3.0,1,4-5
referral,parent_enrolling,pass_exam,kids_english,busy_call_back,4,3.0,0,4-5
website_organic,student_y3_y4,study_abroad,communication_english,wrong_number,2,17.0,1,2-3
facebook,working_professional,company_training,frontend,positive_interaction,2,7.0,1,2-3
facebook,parent_enrolling,hobby,ielts,busy_call_back,2,0.0,0,2-3
facebook,working_professional,company_training,communication_english,not_answering,8,14.0,0,6+
facebook,,hobby,toeic,positive_interaction,1,5.0,1,1
referral,student_y3_y4,pass_exam,toeic,not_answering,5,23.0,1,4-5
google_ads,student_y3_y4,study_abroad,communication_english,not_answering,3,2.0,1,2-3
facebook,working_professional,career_advancement,data_analysis,not_answering,5,3.0,0,4-5
website_organic,parent_enrolling,pass_exam,kids_english,busy_call_back,8,5.0,0,6+
facebook,,career_advancement,toeic,interested_need_time,7,8.0,0,6+
facebook,student_y3_y4,career_advancement,toeic,positive_interaction,5,4.0,0,4-5
facebook,student_y3_y4,pass_exam,toeic,busy_call_back,2,29.0,1,2-3
google_ads,unemployed,hobby,toeic,rejected,2,1.0,0,2-3
tiktok,student_y1_y2,study_abroad,ielts,interested_need_time,2,1.0,1,2-3
facebook,unemployed,study_abroad,communication_english,interested_need_time,4,0.0,1,4-5
referral,student_y3_y4,pass_exam,communication_english,not_answering,2,,1,2-3
website_organic,working_professional,career_advancement,toeic,not_answering,2,6.0,0,2-3
website_organic,unemployed,career_advancement,communication_english,interested_need_time,1,29.0,0,1
facebook,student_y3_y4,study_abroad,ielts,positive_interaction,4,24.0,0,4-5
facebook,student_y1_y2,pass_exam,ielts,not_answering,1,,0,1
website_organic,unemployed,hobby,communication_english,busy_call_back,2,8.0,0,2-3
facebook,student_y3_y4,pass_exam,toeic,busy_call_back,3,59.0,0,2-3
google_ads,student_y3_y4,pass_exam,toeic,busy_call_back,3,3.0,0,2-3
tiktok,student_y3_y4,pass_exam,ielts,not_answering,5,,0,4-5
facebook,student_y3_y4,career_advancement,communication_english,not_answering,4,,0,4-5
tiktok,working_professional,company_training,data_analysis,busy_call_back,4,20.0,0,4-5
referral,student_y1_y2,career_advancement,ielts,wrong_number,2,0.0,0,2-3
tiktok,student_y3_y4,career_advancement,communication_english,positive_interaction,1,2.0,1,1
google_ads,unemployed,study_abroad,frontend,not_answering,4,4.0,0,4-5
website_organic,student_y1_y2,pass_exam,toeic,not_answering,1,32.0,0,1
google_ads,student_y3_y4,study_abroad,ielts,busy_call_back,5,0.0,0,4-5
tiktok,working_professional,career_advancement,communication_english,not_answering,6,16.0,0,6+
website_organic,unemployed,career_advancement,toeic,positive_interaction,2,0.0,1,2-3
tiktok,working_professional,career_advancement,communication_english,busy_call_back,4,16.0,0,4-5
facebook,unemployed,career_advancement,communication_english,wrong_number,2,0.0,0,2-3
facebook,student_y1_y2,study_abroad,communication_english,not_answering,2,3.0,0,2-3
facebook,student_y3_y4,pass_exam,communication_english,rejected,2,9.0,0,2-3
google_ads,parent_enrolling,pass_exam,kids_english,positive_interaction,3,1.0,1,2-3
google_ads,unemployed,study_abroad,toeic,positive_interaction,8,1.0,1,6+
google_ads,working_professional,career_advancement,data_analysis,rejected,2,14.0,0,2-3
facebook,,career_advancement,ielts,busy_call_back,4,7.0,0,4-5
tiktok,student_y3_y4,pass_exam,toeic,not_answering,2,8.0,0,2-3
referral,student_y1_y2,pass_exam,toeic,busy_call_back,2,9.0,0,2-3
facebook,unemployed,hobby,frontend,positive_interaction,3,12.0,1,2-3
tiktok,unemployed,career_advancement,data_analysis,wrong_number,4,9.0,0,4-5
tiktok,student_y3_y4,study_abroad,toeic,busy_call_back,4,13.0,1,4-5
google_ads,student_y3_y4,career_advancement,ielts,positive_interaction,6,28.0,1,6+
facebook,student_y3_y4,career_advancement,toeic,not_answering,1,14.0,1,1
tiktok,student_y1_y2,pass_exam,frontend,not_answering,3,4.0,0,2-3
referral,working_professional,career_advancement,toeic,interested_need_time,2,2.0,1,2-3
tiktok,working_professional,company_training,communication_english,busy_call_back,5,21.0,1,4-5
referral,student_y1_y2,pass_exam,toeic,not_answering,1,4.0,1,1
other,working_professional,career_advancement,data_analysis,positive_interaction,1,20.0,1,1
facebook,parent_enrolling,pass_exam,kids_english,interested_need_time,4,0.0,0,4-5
google_ads,student_y1_y2,pass_exam,communication_english,interested_need_time,2,10.0,1,2-3
google_ads,student_y3_y4,pass_exam,toeic,not_answering,4,5.0,0,4-5
other,student_y3_y4,career_advancement,toeic,not_answering,8,2.0,0,6+
facebook,student_y1_y2,career_advancement,toeic,positive_interaction,3,10.0,1,2-3
google_ads,student_y3_y4,pass_exam,toeic,wrong_number,3,1.0,1,2-3
website_organic,working_professional,hobby,toeic,not_answering,7,5.0,0,6+
facebook,student_y1_y2,pass_exam,communication_english,positive_interaction,4,4.0,0,4-5
tiktok,student_y1_y2,pass_exam,communication_english,positive_interaction,1,,1,1
facebook,unemployed,study_abroad,frontend,positive_interaction,5,12.0,1,4-5
referral,student_y3_y4,study_abroad,ielts,interested_need_time,3,22.0,0,2-3
website_organic,working_professional,pass_exam,toeic,busy_call_back,4,,0,4-5
facebook,working_professional,career_advancement,ielts,positive_interaction,3,1.0,1,2-3
tiktok,unemployed,study_abroad,frontend,busy_call_back,2,6.0,0,2-3
facebook,working_professional,career_advancement,data_analysis,not_answering,5,0.0,0,4-5
google_ads,unemployed,study_abroad,frontend,busy_call_back,1,1.0,0,1
tiktok,working_professional,career_advancement,toeic,busy_call_back,5,2.0,0,4-5
website_organic,,pass_exam,toeic,interested_need_time,5,7.0,1,4-5
facebook,student_y3_y4,career_advancement,toeic,wrong_number,7,7.0,0,6+
facebook,student_y3_y4,pass_exam,ielts,busy_call_back,1,12.0,0,1
tiktok,student_y3_y4,study_abroad,ielts,not_answering,2,2.0,0,2-3
google_ads,student_y1_y2,hobby,toeic,rejected,1,6.0,1,1
google_ads,student_y3_y4,hobby,toeic,not_answering,2,15.0,0,2-3
facebook,student_y3_y4,study_abroad,communication_english,not_answering,2,7.0,1,2-3
facebook,student_y1_y2,pass_exam,communication_english,positive_interaction,3,13.0,1,2-3
website_organic,student_y3_y4,pass_exam,communication_english,rejected,2,10.0,1,2-3
facebook,working_professional,career_advancement,data_analysis,positive_interaction,7,8.0,0,6+
facebook,working_professional,career_advancement,toeic,busy_call_back,2,7.0,0,2-3
referral,unemployed,career_advancement,frontend,interested_need_time,2,20.0,1,2-3
facebook,student_y3_y4,study_abroad,ielts,positive_interaction,4,4.0,1,4-5
tiktok,unemployed,hobby,communication_english,wrong_number,2,17.0,0,2-3
facebook,working_professional,career_advancement,data_analysis,not_answering,4,10.0,0,4-5
website_organic,student_y1_y2,pass_exam,toeic,wrong_number,4,12.0,0,4-5
tiktok,parent_enrolling,study_abroad,kids_english,interested_need_time,4,2.0,0,4-5
website_organic,student_y1_y2,pass_exam,toeic,not_answering,4,17.0,0,4-5
facebook,working_professional,career_advancement,data_analysis,not_answering,5,7.0,0,4-5
google_ads,working_professional,career_advancement,data_analysis,not_answering,8,3.0,0,6+
tiktok,student_y3_y4,career_advancement,frontend,rejected,1,1.0,0,1
facebook,working_professional,career_advancement,communication_english,busy_call_back,3,7.0,1,2-3
facebook,student_y3_y4,pass_exam,toeic,positive_interaction,5,10.0,1,4-5
facebook,student_y1_y2,pass_exam,ielts,not_answering,1,0.0,0,1
referral,student_y1_y2,pass_exam,toeic,positive_interaction,3,2.0,1,2-3
tiktok,student_y1_y2,study_abroad,toeic,busy_call_back,4,7.0,0,4-5
google_ads,student_y1_y2,pass_exam,communication_english,rejected,1,8.0,0,1
tiktok,working_professional,hobby,toeic,interested_need_time,2,3.0,0,2-3
google_ads,student_y3_y4,study_abroad,ielts,positive_interaction,4,10.0,0,4-5
google_ads,student_y3_y4,pass_exam,toeic,interested_need_time,1,5.0,0,1
google_ads,working_professional,career_advancement,data_analysis,interested_need_time,1,9.0,1,1
google_ads,student_y1_y2,career_advancement,toeic,rejected,5,6.0,0,4-5
facebook,student_y3_y4,study_abroad,ielts,busy_call_back,5,0.0,1,4-5
website_organic,,career_advancement,data_analysis,wrong_number,3,21.0,1,2-3
website_organic,parent_enrolling,pass_exam,kids_english,not_answering,2,19.0,0,2-3
facebook,student_y3_y4,pass_exam,ielts,positive_interaction,1,4.0,1,1
google_ads,student_y1_y2,pass_exam,toeic,rejected,5,26.0,0,4-5
facebook,working_professional,company_training,data_analysis,wrong_number,2,12.0,0,2-3
referral,unemployed,career_advancement,data_analysis,busy_call_back,6,20.0,1,6+
referral,student_y3_y4,pass_exam,toeic,busy_call_back,4,13.0,0,4-5
referral,student_y1_y2,study_abroad,ielts,positive_interaction,1,5.0,1,1
facebook,student_y1_y2,study_abroad,communication_english,busy_call_back,3,8.0,0,2-3
facebook,working_professional,career_advancement,communication_english,rejected,6,4.0,0,6+
facebook,parent_enrolling,pass_exam,kids_english,not_answering,5,1.0,0,4-5
facebook,working_professional,company_training,communication_english,not_answering,3,4.0,0,2-3
facebook,student_y3_y4,study_abroad,ielts,positive_interaction,1,10.0,0,1
facebook,working_professional,company_training,communication_english,busy_call_back,4,11.0,0,4-5
other,,career_advancement,toeic,busy_call_back,4,5.0,0,4-5
facebook,student_y3_y4,study_abroad,ielts,busy_call_back,3,0.0,1,2-3
facebook,unemployed,hobby,toeic,rejected,2,4.0,0,2-3
website_organic,student_y3_y4,pass_exam,frontend,interested_need_time,6,22.0,0,6+
google_ads,student_y3_y4,pass_exam,backend_nodejs,rejected,3,10.0,1,2-3
tiktok,working_professional,career_advancement,communication_english,busy_call_back,2,5.0,1,2-3
google_ads,student_y3_y4,pass_exam,ielts,busy_call_back,2,1.0,1,2-3
website_organic,parent_enrolling,hobby,kids_english,not_answering,2,1.0,0,2-3
google_ads,student_y3_y4,pass_exam,toeic,busy_call_back,3,29.0,0,2-3
google_ads,student_y3_y4,pass_exam,communication_english,not_answering,2,6.0,1,2-3
tiktok,student_y3_y4,pass_exam,backend_nodejs,not_answering,3,11.0,0,2-3
google_ads,student_y3_y4,hobby,toeic,busy_call_back,1,25.0,0,1
facebook,student_y3_y4,study_abroad,toeic,positive_interaction,2,11.0,1,2-3
google_ads,working_professional,hobby,data_analysis,busy_call_back,1,5.0,0,1
facebook,student_y3_y4,pass_exam,toeic,interested_need_time,2,,1,2-3
tiktok,student_y3_y4,career_advancement,toeic,busy_call_back,2,,1,2-3
facebook,working_professional,company_training,data_analysis,interested_need_time,2,5.0,1,2-3
facebook,student_y1_y2,study_abroad,ielts,positive_interaction,4,15.0,0,4-5
facebook,working_professional,career_advancement,frontend,positive_interaction,3,5.0,0,2-3
website_organic,student_y3_y4,pass_exam,toeic,positive_interaction,4,1.0,1,4-5
facebook,student_y3_y4,hobby,communication_english,not_answering,1,16.0,0,1
tiktok,working_professional,career_advancement,frontend,busy_call_back,2,0.0,0,2-3
website_organic,working_professional,career_advancement,ielts,positive_interaction,1,8.0,1,1
facebook,unemployed,study_abroad,communication_english,rejected,3,,0,2-3
tiktok,student_y3_y4,pass_exam,toeic,interested_need_time,3,2.0,1,2-3
facebook,student_y3_y4,study_abroad,communication_english,busy_call_back,4,,0,4-5
facebook,working_professional,career_advancement,ielts,positive_interaction,3,16.0,0,2-3
tiktok,working_professional,career_advancement,data_analysis,rejected,2,26.0,1,2-3
referral,working_professional,company_training,data_analysis,busy_call_back,2,44.0,1,2-3
facebook,,career_advancement,data_analysis,not_answering,7,11.0,0,6+
google_ads,working_professional,company_training,communication_english,positive_interaction,1,,0,1
facebook,student_y1_y2,career_advancement,toeic,positive_interaction,1,8.0,0,1
google_ads,working_professional,career_advancement,frontend,not_answering,1,,0,1
google_ads,student_y1_y2,pass_exam,communication_english,busy_call_back,8,9.0,0,6+
google_ads,student_y3_y4,study_abroad,ielts,interested_need_time,6,0.0,1,6+
google_ads,working_professional,career_advancement,communication_english,positive_interaction,2,2.0,1,2-3
facebook,student_y3_y4,pass_exam,communication_english,positive_interaction,1,1.0,1,1
tiktok,student_y3_y4,pass_exam,backend_nodejs,not_answering,4,6.0,0,4-5
tiktok,unemployed,career_advancement,communication_english,not_answering,2,4.0,0,2-3
tiktok,working_professional,pass_exam,toeic,positive_interaction,1,72.0,0,1
facebook,student_y3_y4,study_abroad,communication_english,not_answering,3,3.0,0,2-3
google_ads,parent_enrolling,hobby,kids_english,busy_call_back,2,16.0,0,2-3
google_ads,student_y3_y4,pass_exam,backend_nodejs,interested_need_time,2,3.0,0,2-3
facebook,working_professional,career_advancement,data_analysis,busy_call_back,4,0.0,0,4-5
facebook,student_y1_y2,study_abroad,ielts,positive_interaction,4,5.0,1,4-5
google_ads,student_y3_y4,career_advancement,backend_nodejs,not_answering,3,5.0,0,2-3
tiktok,student_y3_y4,pass_exam,communication_english,positive_interaction,1,,1,1
facebook,student_y1_y2,career_advancement,toeic,interested_need_time,1,19.0,1,1
website_organic,student_y3_y4,hobby,toeic,interested_need_time,5,10.0,0,4-5
google_ads,student_y1_y2,pass_exam,ielts,wrong_number,1,9.0,0,1
tiktok,working_professional,pass_exam,communication_english,not_answering,2,5.0,0,2-3
google_ads,student_y1_y2,career_advancement,toeic,positive_interaction,1,6.0,1,1
google_ads,student_y1_y2,pass_exam,toeic,not_answering,2,0.0,1,2-3
google_ads,parent_enrolling,hobby,kids_english,rejected,3,1.0,0,2-3
referral,working_professional,career_advancement,data_analysis,not_answering,2,1.0,1,2-3
google_ads,parent_enrolling,pass_exam,kids_english,interested_need_time,4,5.0,1,4-5
google_ads,student_y3_y4,pass_exam,communication_english,not_answering,2,11.0,0,2-3
google_ads,student_y1_y2,study_abroad,communication_english,busy_call_back,4,15.0,1,4-5
tiktok,working_professional,career_advancement,toeic,not_answering,3,27.0,1,2-3
facebook,working_professional,company_training,communication_english,not_answering,2,16.0,1,2-3
google_ads,student_y1_y2,pass_exam,toeic,not_answering,5,1.0,1,4-5
google_ads,unemployed,career_advancement,communication_english,not_answering,6,16.0,0,6+
referral,working_professional,pass_exam,toeic,positive_interaction,1,14.0,0,1
google_ads,working_professional,company_training,communication_english,busy_call_back,4,,0,4-5
google_ads,,study_abroad,ielts,not_answering,3,12.0,1,2-3
referral,working_professional,pass_exam,toeic,rejected,4,10.0,0,4-5
google_ads,student_y3_y4,career_advancement,toeic,positive_interaction,1,11.0,1,1
facebook,parent_enrolling,study_abroad,communication_english,not_answering,1,0.0,1,1
facebook,student_y3_y4,study_abroad,communication_english,busy_call_back,2,5.0,0,2-3
facebook,student_y1_y2,hobby,frontend,busy_call_back,1,10.0,0,1
facebook,student_y1_y2,pass_exam,toeic,interested_need_time,2,2.0,1,2-3
google_ads,working_professional,career_advancement,ielts,wrong_number,5,1.0,1,4-5
tiktok,,pass_exam,kids_english,interested_need_time,2,0.0,1,2-3
tiktok,unemployed,hobby,communication_english,rejected,2,13.0,0,2-3
facebook,working_professional,career_advancement,communication_english,positive_interaction,2,11.0,1,2-3
google_ads,parent_enrolling,pass_exam,kids_english,rejected,2,1.0,0,2-3
facebook,working_professional,career_advancement,communication_english,interested_need_time,4,7.0,1,4-5
referral,student_y3_y4,study_abroad,ielts,positive_interaction,5,4.0,1,4-5
facebook,working_professional,career_advancement,toeic,positive_interaction,2,6.0,1,2-3
google_ads,student_y1_y2,pass_exam,communication_english,positive_interaction,2,19.0,0,2-3
facebook,student_y1_y2,pass_exam,toeic,not_answering,1,1.0,1,1
google_ads,student_y3_y4,pass_exam,toeic,not_answering,7,3.0,1,6+
google_ads,student_y1_y2,pass_exam,toeic,not_answering,2,2.0,0,2-3
tiktok,parent_enrolling,pass_exam,kids_english,not_answering,2,0.0,1,2-3
facebook,parent_enrolling,hobby,kids_english,rejected,2,60.0,0,2-3
referral,student_y3_y4,pass_exam,communication_english,positive_interaction,1,7.0,1,1
google_ads,working_professional,career_advancement,data_analysis,not_answering,2,2.0,0,2-3
tiktok,student_y3_y4,pass_exam,toeic,busy_call_back,6,1.0,0,6+
website_organic,student_y1_y2,hobby,toeic,not_answering,1,12.0,0,1
other,student_y3_y4,pass_exam,communication_english,positive_interaction,2,,0,2-3
facebook,student_y1_y2,hobby,toeic,rejected,2,24.0,0,2-3
facebook,student_y3_y4,study_abroad,ielts,not_answering,2,45.0,0,2-3
facebook,student_y1_y2,study_abroad,ielts,busy_call_back,7,,0,6+
facebook,student_y1_y2,study_abroad,ielts,rejected,4,5.0,0,4-5
google_ads,student_y1_y2,study_abroad,ielts,positive_interaction,6,12.0,1,6+
other,parent_enrolling,study_abroad,kids_english,wrong_number,5,9.0,0,4-5
other,student_y1_y2,career_advancement,backend_nodejs,busy_call_back,3,20.0,0,2-3
google_ads,student_y3_y4,study_abroad,communication_english,not_answering,3,12.0,0,2-3
google_ads,student_y3_y4,pass_exam,frontend,positive_interaction,3,4.0,0,2-3
website_organic,student_y3_y4,study_abroad,ielts,not_answering,4,8.0,0,4-5
referral,student_y3_y4,study_abroad,communication_english,positive_interaction,4,8.0,1,4-5
facebook,student_y1_y2,career_advancement,ielts,positive_interaction,3,18.0,1,2-3
google_ads,working_professional,career_advancement,toeic,busy_call_back,2,0.0,0,2-3
website_organic,working_professional,pass_exam,data_analysis,busy_call_back,4,8.0,0,4-5
facebook,working_professional,career_advancement,data_analysis,positive_interaction,1,12.0,1,1
google_ads,working_professional,company_training,data_analysis,rejected,3,7.0,0,2-3
other,student_y3_y4,study_abroad,communication_english,busy_call_back,3,10.0,0,2-3
other,student_y3_y4,hobby,toeic,positive_interaction,3,2.0,0,2-3
referral,student_y1_y2,pass_exam,communication_english,not_answering,3,17.0,0,2-3
tiktok,student_y3_y4,study_abroad,ielts,rejected,4,1.0,0,4-5
facebook,,hobby,toeic,positive_interaction,4,21.0,0,4-5
facebook,student_y3_y4,pass_exam,ielts,not_answering,2,5.0,0,2-3
google_ads,working_professional,pass_exam,toeic,positive_interaction,2,5.0,1,2-3
google_ads,student_y1_y2,pass_exam,toeic,positive_interaction,1,3.0,0,1
google_ads,student_y1_y2,study_abroad,ielts,positive_interaction,1,20.0,1,1
google_ads,working_professional,career_advancement,toeic,busy_call_back,2,24.0,1,2-3
google_ads,student_y3_y4,study_abroad,communication_english,positive_interaction,4,7.0,1,4-5
tiktok,unemployed,hobby,communication_english,positive_interaction,4,3.0,0,4-5
facebook,parent_enrolling,pass_exam,kids_english,busy_call_back,2,23.0,0,2-3
facebook,parent_enrolling,hobby,kids_english,not_answering,5,0.0,1,4-5
facebook,,study_abroad,ielts,wrong_number,2,,1,2-3
facebook,student_y3_y4,hobby,toeic,interested_need_time,4,7.0,0,4-5
website_organic,working_professional,career_advancement,frontend,busy_call_back,3,8.0,1,2-3
google_ads,working_professional,career_advancement,data_analysis,wrong_number,4,18.0,0,4-5
facebook,working_professional,career_advancement,ielts,not_answering,2,4.0,1,2-3
tiktok,student_y3_y4,career_advancement,toeic,positive_interaction,1,19.0,1,1
google_ads,student_y1_y2,career_advancement,communication_english,busy_call_back,2,8.0,1,2-3
facebook,student_y1_y2,study_abroad,ielts,not_answering,4,5.0,0,4-5
facebook,student_y1_y2,pass_exam,communication_english,rejected,6,5.0,0,6+
facebook,student_y1_y2,study_abroad,communication_english,positive_interaction,3,1.0,1,2-3
tiktok,parent_enrolling,pass_exam,kids_english,not_answering,4,7.0,0,4-5
facebook,student_y1_y2,pass_exam,communication_english,rejected,1,25.0,0,1
facebook,working_professional,career_advancement,toeic,rejected,4,0.0,0,4-5
facebook,parent_enrolling,pass_exam,kids_english,positive_interaction,5,3.0,0,4-5
google_ads,student_y3_y4,pass_exam,communication_english,not_answering,2,,1,2-3
facebook,student_y3_y4,pass_exam,communication_english,not_answering,3,8.0,0,2-3
website_organic,working_professional,career_advancement,communication_english,positive_interaction,1,15.0,0,1
facebook,student_y3_y4,pass_exam,toeic,rejected,1,9.0,0,1
google_ads,student_y3_y4,study_abroad,toeic,not_answering,1,,1,1
google_ads,,career_advancement,backend_nodejs,busy_call_back,4,14.0,0,4-5
google_ads,working_professional,company_training,data_analysis,not_answering,4,8.0,0,4-5
facebook,unemployed,hobby,toeic,busy_call_back,1,1.0,0,1
website_organic,parent_enrolling,study_abroad,ielts,interested_need_time,6,9.0,1,6+
website_organic,student_y3_y4,pass_exam,ielts,not_answering,5,8.0,0,4-5
facebook,working_professional,pass_exam,ielts,interested_need_time,3,21.0,0,2-3
facebook,working_professional,career_advancement,frontend,interested_need_time,7,2.0,1,6+
referral,working_professional,career_advancement,data_analysis,busy_call_back,5,18.0,0,4-5
google_ads,working_professional,career_advancement,data_analysis,wrong_number,2,20.0,0,2-3
facebook,working_professional,career_advancement,communication_english,not_answering,7,2.0,0,6+
facebook,unemployed,career_advancement,communication_english,not_answering,2,3.0,1,2-3
tiktok,student_y3_y4,study_abroad,communication_english,busy_call_back,1,1.0,1,1
tiktok,working_professional,company_training,data_analysis,interested_need_time,2,26.0,0,2-3
google_ads,student_y3_y4,career_advancement,toeic,not_answering,4,9.0,0,4-5
referral,working_professional,career_advancement,data_analysis,rejected,8,10.0,0,6+
google_ads,working_professional,career_advancement,data_analysis,not_answering,2,5.0,0,2-3
facebook,working_professional,company_training,data_analysis,not_answering,3,1.0,1,2-3
google_ads,student_y3_y4,career_advancement,toeic,positive_interaction,2,14.0,1,2-3
facebook,student_y3_y4,career_advancement,toeic,rejected,5,24.0,0,4-5
facebook,student_y3_y4,hobby,toeic,interested_need_time,1,2.0,1,1
facebook,student_y1_y2,study_abroad,ielts,not_answering,3,25.0,0,2-3
facebook,student_y3_y4,pass_exam,toeic,busy_call_back,3,4.0,1,2-3
tiktok,parent_enrolling,pass_exam,kids_english,not_answering,1,,0,1
facebook,student_y3_y4,hobby,toeic,interested_need_time,6,2.0,0,6+
google_ads,parent_enrolling,study_abroad,ielts,positive_interaction,7,11.0,1,6+
google_ads,,study_abroad,communication_english,busy_call_back,3,23.0,0,2-3
google_ads,working_professional,career_advancement,toeic,interested_need_time,4,3.0,1,4-5
tiktok,working_professional,career_advancement,communication_english,positive_interaction,5,,0,4-5
website_organic,working_professional,company_training,frontend,not_answering,1,1.0,0,1
tiktok,working_professional,career_advancement,ielts,not_answering,1,19.0,0,1
facebook,working_professional,career_advancement,toeic,positive_interaction,4,17.0,0,4-5
google_ads,parent_enrolling,hobby,ielts,not_answering,3,1.0,1,2-3
google_ads,working_professional,career_advancement,communication_english,not_answering,4,13.0,0,4-5
facebook,,pass_exam,toeic,not_answering,3,27.0,0,2-3
facebook,student_y3_y4,career_advancement,toeic,interested_need_time,4,18.0,0,4-5
facebook,working_professional,company_training,communication_english,interested_need_time,1,8.0,0,1
google_ads,student_y3_y4,study_abroad,ielts,interested_need_time,2,9.0,1,2-3
google_ads,student_y3_y4,study_abroad,ielts,busy_call_back,2,,1,2-3
facebook,working_professional,pass_exam,frontend,interested_need_time,2,13.0,1,2-3
website_organic,student_y3_y4,study_abroad,ielts,not_answering,4,19.0,1,4-5
referral,working_professional,pass_exam,frontend,positive_interaction,5,12.0,1,4-5
facebook,working_professional,hobby,toeic,rejected,2,4.0,0,2-3
referral,working_professional,career_advancement,data_analysis,interested_need_time,3,1.0,1,2-3
facebook,working_professional,career_advancement,toeic,busy_call_back,2,,0,2-3
referral,unemployed,career_advancement,frontend,positive_interaction,3,35.0,1,2-3
referral,working_professional,career_advancement,data_analysis,not_answering,6,18.0,0,6+
facebook,parent_enrolling,study_abroad,kids_english,busy_call_back,2,3.0,1,2-3
tiktok,student_y1_y2,pass_exam,frontend,rejected,4,1.0,0,4-5
referral,working_professional,career_advancement,toeic,not_answering,1,5.0,0,1
referral,working_professional,career_advancement,toeic,not_answering,2,6.0,0,2-3
referral,student_y3_y4,study_abroad,ielts,interested_need_time,4,9.0,1,4-5
google_ads,student_y3_y4,hobby,toeic,interested_need_time,4,1.0,0,4-5
facebook,working_professional,pass_exam,data_analysis,interested_need_time,3,20.0,0,2-3
website_organic,student_y3_y4,pass_exam,communication_english,not_answering,5,11.0,1,4-5
google_ads,parent_enrolling,pass_exam,communication_english,positive_interaction,5,13.0,1,4-5
google_ads,student_y3_y4,career_advancement,communication_english,not_answering,3,20.0,1,2-3
google_ads,student_y1_y2,study_abroad,toeic,rejected,2,15.0,0,2-3
google_ads,working_professional,company_training,data_analysis,not_answering,2,3.0,0,2-3
facebook,student_y3_y4,pass_exam,toeic,not_answering,3,0.0,1,2-3
tiktok,student_y1_y2,career_advancement,communication_english,interested_need_time,4,0.0,1,4-5
facebook,working_professional,hobby,data_analysis,not_answering,2,21.0,0,2-3
tiktok,student_y3_y4,study_abroad,ielts,interested_need_time,2,2.0,1,2-3
website_organic,student_y1_y2,career_advancement,toeic,not_answering,1,3.0,0,1
google_ads,,hobby,toeic,busy_call_back,1,,1,1
google_ads,working_professional,company_training,frontend,not_answering,3,13.0,0,2-3
facebook,working_professional,company_training,toeic,busy_call_back,5,0.0,0,4-5
referral,student_y3_y4,career_advancement,toeic,not_answering,4,4.0,0,4-5
tiktok,student_y1_y2,pass_exam,communication_english,busy_call_back,8,5.0,1,6+
facebook,parent_enrolling,hobby,kids_english,not_answering,4,6.0,0,4-5
facebook,working_professional,pass_exam,toeic,positive_interaction,2,9.0,1,2-3
facebook,student_y1_y2,hobby,communication_english,positive_interaction,4,3.0,0,4-5
google_ads,unemployed,study_abroad,data_analysis,not_answering,5,15.0,0,4-5
referral,student_y1_y2,hobby,communication_english,not_answering,3,5.0,1,2-3
tiktok,working_professional,career_advancement,toeic,not_answering,3,3.0,1,2-3
facebook,working_professional,company_training,communication_english,not_answering,3,4.0,0,2-3
website_organic,parent_enrolling,hobby,kids_english,busy_call_back,1,24.0,0,1
facebook,parent_enrolling,hobby,kids_english,busy_call_back,2,32.0,0,2-3
website_organic,student_y3_y4,career_advancement,backend_nodejs,rejected,1,,1,1
facebook,working_professional,career_advancement,data_analysis,positive_interaction,2,42.0,0,2-3
google_ads,student_y3_y4,pass_exam,ielts,not_answering,5,0.0,1,4-5
referral,working_professional,hobby,communication_english,not_answering,1,1.0,0,1
facebook,working_professional,career_advancement,toeic,not_answering,1,2.0,1,1
tiktok,student_y1_y2,pass_exam,ielts,not_answering,4,3.0,0,4-5
other,student_y1_y2,pass_exam,frontend,interested_need_time,5,20.0,0,4-5
facebook,student_y1_y2,hobby,frontend,not_answering,3,3.0,0,2-3
facebook,student_y1_y2,study_abroad,ielts,not_answering,2,14.0,0,2-3
tiktok,student_y3_y4,career_advancement,communication_english,not_answering,2,2.0,1,2-3
facebook,parent_enrolling,hobby,kids_english,positive_interaction,4,0.0,0,4-5
facebook,student_y3_y4,pass_exam,backend_nodejs,not_answering,5,0.0,1,4-5
google_ads,working_professional,hobby,communication_english,rejected,1,1.0,0,1
tiktok,unemployed,hobby,communication_english,busy_call_back,6,4.0,0,6+
facebook,working_professional,career_advancement,toeic,busy_call_back,4,8.0,0,4-5
facebook,student_y3_y4,pass_exam,toeic,busy_call_back,4,6.0,1,4-5
website_organic,,career_advancement,frontend,interested_need_time,1,,1,1
google_ads,working_professional,career_advancement,toeic,busy_call_back,6,9.0,0,6+
website_organic,working_professional,career_advancement,data_analysis,busy_call_back,3,3.0,1,2-3
google_ads,parent_enrolling,study_abroad,kids_english,busy_call_back,2,14.0,0,2-3
referral,working_professional,career_advancement,frontend,busy_call_back,2,0.0,1,2-3
tiktok,student_y3_y4,hobby,backend_nodejs,not_answering,2,1.0,0,2-3
facebook,unemployed,study_abroad,backend_nodejs,positive_interaction,1,7.0,1,1
website_organic,student_y3_y4,hobby,toeic,interested_need_time,1,4.0,1,1
google_ads,unemployed,hobby,toeic,positive_interaction,2,7.0,0,2-3
facebook,student_y1_y2,career_advancement,toeic,rejected,3,31.0,0,2-3
facebook,student_y1_y2,pass_exam,toeic,busy_call_back,4,35.0,0,4-5
tiktok,student_y3_y4,pass_exam,ielts,wrong_number,4,2.0,0,4-5
facebook,student_y1_y2,career_advancement,toeic,busy_call_back,3,8.0,0,2-3
facebook,parent_enrolling,hobby,kids_english,busy_call_back,1,3.0,1,1
facebook,student_y1_y2,study_abroad,ielts,interested_need_time,2,19.0,0,2-3
google_ads,working_professional,career_advancement,data_analysis,not_answering,4,0.0,0,4-5
google_ads,student_y1_y2,career_advancement,communication_english,not_answering,4,,0,4-5
google_ads,,pass_exam,kids_english,interested_need_time,2,19.0,1,2-3
facebook,,pass_exam,toeic,not_answering,6,5.0,0,6+
facebook,student_y1_y2,study_abroad,communication_english,not_answering,4,13.0,0,4-5
google_ads,student_y1_y2,hobby,toeic,positive_interaction,5,1.0,0,4-5
facebook,working_professional,hobby,toeic,busy_call_back,4,19.0,0,4-5
tiktok,parent_enrolling,study_abroad,ielts,not_answering,2,18.0,0,2-3
facebook,parent_enrolling,hobby,ielts,not_answering,6,1.0,0,6+
facebook,student_y3_y4,career_advancement,toeic,rejected,6,1.0,0,6+
facebook,student_y3_y4,hobby,frontend,rejected,5,11.0,0,4-5
google_ads,student_y1_y2,study_abroad,ielts,interested_need_time,5,,1,4-5
facebook,student_y3_y4,pass_exam,ielts,not_answering,6,,0,6+
website_organic,working_professional,pass_exam,frontend,busy_call_back,4,4.0,1,4-5
facebook,student_y3_y4,pass_exam,toeic,busy_call_back,2,12.0,1,2-3
google_ads,working_professional,career_advancement,toeic,positive_interaction,3,4.0,1,2-3
google_ads,unemployed,career_advancement,communication_english,interested_need_time,3,4.0,0,2-3
facebook,student_y1_y2,pass_exam,toeic,positive_interaction,4,9.0,1,4-5
google_ads,student_y1_y2,career_advancement,toeic,busy_call_back,3,1.0,0,2-3
facebook,student_y1_y2,study_abroad,ielts,wrong_number,3,1.0,0,2-3
google_ads,student_y1_y2,hobby,communication_english,busy_call_back,8,6.0,0,6+
facebook,student_y1_y2,study_abroad,communication_english,busy_call_back,3,1.0,0,2-3
tiktok,working_professional,company_training,data_analysis,busy_call_back,1,3.0,1,1
referral,student_y1_y2,study_abroad,ielts,interested_need_time,4,2.0,1,4-5
facebook,working_professional,career_advancement,toeic,wrong_number,2,7.0,0,2-3
google_ads,unemployed,career_advancement,communication_english,busy_call_back,2,8.0,1,2-3
tiktok,parent_enrolling,pass_exam,kids_english,rejected,3,6.0,0,2-3
facebook,working_professional,career_advancement,communication_english,busy_call_back,7,,0,6+
tiktok,student_y1_y2,pass_exam,toeic,busy_call_back,2,9.0,1,2-3
google_ads,student_y1_y2,career_advancement,toeic,not_answering,2,12.0,1,2-3
referral,student_y1_y2,pass_exam,toeic,not_answering,3,3.0,0,2-3
other,parent_enrolling,pass_exam,kids_english,positive_interaction,4,2.0,1,4-5
facebook,,pass_exam,kids_english,not_answering,2,14.0,0,2-3
google_ads,student_y3_y4,hobby,communication_english,busy_call_back,2,0.0,0,2-3
google_ads,student_y3_y4,pass_exam,toeic,not_answering,4,0.0,0,4-5
facebook,student_y3_y4,career_advancement,toeic,positive_interaction,8,6.0,1,6+
facebook,student_y3_y4,hobby,communication_english,rejected,2,21.0,0,2-3
other,parent_enrolling,pass_exam,kids_english,positive_interaction,3,14.0,1,2-3
facebook,student_y1_y2,hobby,backend_nodejs,busy_call_back,4,14.0,0,4-5
google_ads,student_y3_y4,hobby,toeic,busy_call_back,2,6.0,1,2-3
website_organic,student_y3_y4,career_advancement,toeic,not_answering,5,9.0,0,4-5
facebook,student_y1_y2,pass_exam,communication_english,rejected,2,8.0,0,2-3
google_ads,student_y3_y4,hobby,toeic,not_answering,1,8.0,1,1
referral,unemployed,career_advancement,communication_english,rejected,1,29.0,0,1
google_ads,student_y1_y2,study_abroad,ielts,positive_interaction,1,22.0,1,1
facebook,working_professional,hobby,communication_english,positive_interaction,4,1.0,1,4-5
facebook,student_y3_y4,study_abroad,ielts,positive_interaction,4,8.0,1,4-5
referral,student_y1_y2,study_abroad,ielts,busy_call_back,4,,0,4-5
facebook,student_y1_y2,study_abroad,ielts,not_answering,4,1.0,1,4-5
google_ads,student_y3_y4,study_abroad,toeic,busy_call_back,2,5.0,1,2-3
facebook,student_y1_y2,pass_exam,communication_english,not_answering,6,8.0,0,6+
google_ads,student_y3_y4,hobby,toeic,positive_interaction,5,0.0,1,4-5
referral,unemployed,study_abroad,toeic,busy_call_back,2,1.0,1,2-3
google_ads,working_professional,hobby,data_analysis,wrong_number,4,6.0,0,4-5
referral,parent_enrolling,hobby,kids_english,wrong_number,5,4.0,0,4-5
facebook,,study_abroad,toeic,not_answering,3,9.0,1,2-3
google_ads,working_professional,career_advancement,data_analysis,not_answering,1,5.0,0,1
website_organic,working_professional,career_advancement,communication_english,busy_call_back,2,31.0,1,2-3
google_ads,student_y1_y2,study_abroad,communication_english,not_answering,8,8.0,0,6+
facebook,student_y3_y4,study_abroad,communication_english,positive_interaction,4,2.0,1,4-5
website_organic,student_y3_y4,pass_exam,frontend,positive_interaction,4,,1,4-5
facebook,working_professional,company_training,frontend,positive_interaction,6,1.0,1,6+
google_ads,student_y3_y4,pass_exam,toeic,busy_call_back,2,6.0,1,2-3
referral,student_y1_y2,hobby,toeic,positive_interaction,7,13.0,0,6+
facebook,parent_enrolling,pass_exam,kids_english,interested_need_time,3,2.0,0,2-3
facebook,student_y1_y2,career_advancement,ielts,rejected,4,11.0,0,4-5
facebook,parent_enrolling,hobby,communication_english,positive_interaction,2,2.0,1,2-3
facebook,unemployed,career_advancement,backend_nodejs,positive_interaction,2,4.0,0,2-3
facebook,unemployed,study_abroad,backend_nodejs,not_answering,2,36.0,0,2-3
tiktok,working_professional,career_advancement,toeic,positive_interaction,2,4.0,1,2-3
facebook,student_y1_y2,study_abroad,communication_english,busy_call_back,1,11.0,0,1
tiktok,working_professional,career_advancement,data_analysis,busy_call_back,2,2.0,0,2-3
facebook,working_professional,hobby,communication_english,busy_call_back,3,,0,2-3
facebook,working_professional,company_training,data_analysis,busy_call_back,6,7.0,0,6+
facebook,student_y3_y4,pass_exam,toeic,not_answering,1,2.0,1,1
tiktok,student_y1_y2,study_abroad,communication_english,not_answering,1,0.0,1,1
google_ads,student_y3_y4,study_abroad,ielts,positive_interaction,3,2.0,1,2-3
facebook,student_y3_y4,study_abroad,communication_english,positive_interaction,4,14.0,1,4-5
website_organic,working_professional,career_advancement,toeic,rejected,3,10.0,0,2-3
google_ads,unemployed,study_abroad,communication_english,positive_interaction,7,8.0,0,6+
facebook,working_professional,career_advancement,toeic,busy_call_back,2,,0,2-3
referral,working_professional,company_training,frontend,positive_interaction,3,,1,2-3
facebook,student_y3_y4,pass_exam,communication_english,interested_need_time,6,32.0,0,6+
facebook,student_y3_y4,career_advancement,ielts,not_answering,3,6.0,0,2-3
google_ads,student_y3_y4,hobby,communication_english,rejected,3,17.0,0,2-3
facebook,student_y1_y2,pass_exam,toeic,rejected,6,6.0,0,6+
facebook,student_y1_y2,hobby,communication_english,not_answering,2,13.0,0,2-3
tiktok,student_y3_y4,study_abroad,toeic,positive_interaction,1,8.0,1,1
facebook,student_y3_y4,hobby,communication_english,not_answering,1,14.0,0,1
website_organic,working_professional,hobby,communication_english,rejected,5,18.0,0,4-5
referral,student_y1_y2,career_advancement,backend_nodejs,interested_need_time,5,6.0,1,4-5
google_ads,student_y3_y4,pass_exam,toeic,not_answering,2,8.0,1,2-3
tiktok,student_y1_y2,career_advancement,communication_english,positive_interaction,3,3.0,1,2-3
tiktok,working_professional,career_advancement,communication_english,interested_need_time,3,4.0,0,2-3
other,working_professional,career_advancement,toeic,not_answering,1,66.0,0,1
facebook,student_y3_y4,hobby,communication_english,positive_interaction,5,10.0,1,4-5
facebook,,career_advancement,toeic,positive_interaction,2,0.0,1,2-3
google_ads,parent_enrolling,pass_exam,kids_english,busy_call_back,5,0.0,1,4-5
google_ads,working_professional,hobby,ielts,positive_interaction,4,13.0,0,4-5
facebook,working_professional,career_advancement,ielts,not_answering,2,2.0,0,2-3
google_ads,student_y3_y4,pass_exam,toeic,busy_call_back,4,6.0,1,4-5
facebook,unemployed,hobby,communication_english,positive_interaction,4,20.0,0,4-5
referral,unemployed,study_abroad,communication_english,not_answering,2,7.0,0,2-3
facebook,,career_advancement,toeic,busy_call_back,2,22.0,0,2-3
facebook,working_professional,career_advancement,toeic,rejected,5,30.0,0,4-5
facebook,student_y1_y2,hobby,communication_english,positive_interaction,4,0.0,0,4-5
facebook,working_professional,company_training,communication_english,interested_need_time,4,11.0,0,4-5
facebook,student_y3_y4,pass_exam,toeic,interested_need_time,2,6.0,0,2-3
facebook,student_y1_y2,career_advancement,toeic,wrong_number,4,6.0,0,4-5
facebook,parent_enrolling,pass_exam,kids_english,wrong_number,4,4.0,0,4-5
facebook,unemployed,hobby,frontend,not_answering,2,12.0,0,2-3
facebook,student_y3_y4,pass_exam,toeic,busy_call_back,2,17.0,1,2-3
facebook,parent_enrolling,hobby,kids_english,not_answering,2,,0,2-3
facebook,student_y3_y4,career_advancement,toeic,not_answering,4,16.0,0,4-5
facebook,student_y3_y4,hobby,backend_nodejs,not_answering,1,0.0,0,1
facebook,unemployed,career_advancement,frontend,interested_need_time,5,3.0,1,4-5
facebook,student_y3_y4,study_abroad,communication_english,positive_interaction,2,13.0,1,2-3
facebook,student_y3_y4,study_abroad,communication_english,rejected,5,4.0,1,4-5
tiktok,working_professional,career_advancement,communication_english,busy_call_back,1,13.0,1,1
other,student_y1_y2,study_abroad,communication_english,busy_call_back,4,45.0,0,4-5
referral,student_y3_y4,career_advancement,ielts,not_answering,3,10.0,0,2-3
google_ads,student_y3_y4,study_abroad,ielts,not_answering,4,3.0,1,4-5
google_ads,working_professional,pass_exam,frontend,not_answering,7,3.0,1,6+
facebook,student_y1_y2,hobby,backend_nodejs,rejected,1,8.0,0,1
tiktok,student_y1_y2,study_abroad,communication_english,not_answering,1,9.0,0,1
tiktok,working_professional,company_training,communication_english,positive_interaction,1,1.0,1,1
website_organic,student_y1_y2,study_abroad,ielts,busy_call_back,3,4.0,0,2-3
website_organic,student_y3_y4,study_abroad,ielts,interested_need_time,5,2.0,1,4-5
google_ads,working_professional,company_training,data_analysis,wrong_number,1,2.0,0,1
tiktok,,career_advancement,communication_english,rejected,4,20.0,0,4-5
website_organic,student_y1_y2,study_abroad,ielts,not_answering,2,6.0,0,2-3
facebook,unemployed,career_advancement,communication_english,rejected,6,13.0,0,6+
referral,working_professional,hobby,toeic,not_answering,2,3.0,0,2-3
facebook,student_y3_y4,study_abroad,communication_english,positive_interaction,8,17.0,0,6+
other,working_professional,career_advancement,frontend,not_answering,3,3.0,1,2-3
tiktok,working_professional,career_advancement,toeic,interested_need_time,8,6.0,0,6+
facebook,working_professional,career_advancement,data_analysis,positive_interaction,3,8.0,1,2-3
tiktok,working_professional,pass_exam,data_analysis,positive_interaction,2,35.0,1,2-3
facebook,working_professional,company_training,communication_english,positive_interaction,5,2.0,0,4-5
tiktok,parent_enrolling,hobby,kids_english,not_answering,3,16.0,0,2-3
tiktok,working_professional,career_advancement,ielts,wrong_number,2,14.0,0,2-3
google_ads,unemployed,career_advancement,communication_english,busy_call_back,3,1.0,1,2-3
website_organic,working_professional,career_advancement,communication_english,not_answering,5,8.0,0,4-5
facebook,unemployed,study_abroad,frontend,not_answering,4,4.0,0,4-5
facebook,parent_enrolling,hobby,kids_english,not_answering,1,0.0,1,1
google_ads,student_y1_y2,study_abroad,communication_english,not_answering,5,15.0,1,4-5
facebook,student_y1_y2,study_abroad,ielts,positive_interaction,2,19.0,1,2-3
google_ads,working_professional,career_advancement,data_analysis,not_answering,1,0.0,0,1
facebook,student_y3_y4,hobby,toeic,interested_need_time,1,3.0,0,1
facebook,working_professional,career_advancement,data_analysis,not_answering,1,1.0,0,1
google_ads,working_professional,career_advancement,communication_english,positive_interaction,4,7.0,1,4-5
website_organic,parent_enrolling,hobby,kids_english,not_answering,2,3.0,0,2-3
facebook,student_y3_y4,pass_exam,communication_english,busy_call_back,1,1.0,0,1
website_organic,working_professional,career_advancement,communication_english,interested_need_time,2,7.0,1,2-3
google_ads,student_y1_y2,pass_exam,toeic,rejected,5,11.0,0,4-5
facebook,student_y3_y4,study_abroad,communication_english,rejected,3,5.0,0,2-3
google_ads,student_y1_y2,pass_exam,toeic,busy_call_back,3,17.0,0,2-3
google_ads,student_y3_y4,study_abroad,ielts,rejected,4,0.0,0,4-5
facebook,student_y3_y4,study_abroad,ielts,interested_need_time,1,0.0,1,1
google_ads,working_professional,career_advancement,toeic,rejected,5,1.0,0,4-5
facebook,working_professional,career_advancement,frontend,not_answering,1,0.0,0,1
facebook,student_y3_y4,hobby,ielts,not_answering,1,2.0,0,1
google_ads,student_y1_y2,pass_exam,communication_english,not_answering,2,0.0,0,2-3
google_ads,student_y1_y2,study_abroad,ielts,positive_interaction,1,15.0,1,1
website_organic,parent_enrolling,hobby,kids_english,not_answering,1,2.0,0,1
facebook,parent_enrolling,pass_exam,communication_english,not_answering,4,0.0,1,4-5
referral,student_y3_y4,pass_exam,toeic,interested_need_time,2,21.0,1,2-3
tiktok,student_y3_y4,pass_exam,toeic,rejected,1,1.0,1,1
referral,student_y3_y4,hobby,communication_english,interested_need_time,3,1.0,1,2-3
website_organic,working_professional,career_advancement,data_analysis,positive_interaction,4,12.0,1,4-5
facebook,student_y3_y4,hobby,frontend,not_answering,6,1.0,0,6+
google_ads,student_y1_y2,hobby,frontend,rejected,1,6.0,0,1
facebook,,study_abroad,ielts,not_answering,5,11.0,1,4-5
website_organic,student_y3_y4,hobby,toeic,not_answering,4,,0,4-5
google_ads,student_y3_y4,pass_exam,toeic,busy_call_back,3,2.0,1,2-3
facebook,student_y1_y2,pass_exam,communication_english,not_answering,2,12.0,1,2-3
referral,working_professional,pass_exam,toeic,positive_interaction,3,6.0,1,2-3
facebook,student_y3_y4,study_abroad,ielts,positive_interaction,1,24.0,1,1
google_ads,student_y3_y4,career_advancement,toeic,not_answering,4,1.0,0,4-5
tiktok,working_professional,career_advancement,data_analysis,not_answering,4,6.0,0,4-5
facebook,student_y3_y4,study_abroad,ielts,not_answering,1,7.0,1,1
google_ads,working_professional,career_advancement,communication_english,not_answering,2,13.0,1,2-3
website_organic,parent_enrolling,study_abroad,kids_english,rejected,6,0.0,0,6+
facebook,student_y1_y2,study_abroad,communication_english,interested_need_time,3,7.0,1,2-3
google_ads,unemployed,hobby,communication_english,not_answering,3,8.0,0,2-3
facebook,working_professional,company_training,communication_english,not_answering,7,1.0,0,6+
tiktok,working_professional,career_advancement,data_analysis,positive_interaction,2,0.0,1,2-3
facebook,student_y3_y4,pass_exam,toeic,positive_interaction,3,0.0,1,2-3
referral,student_y3_y4,hobby,communication_english,rejected,4,2.0,1,4-5
website_organic,student_y1_y2,hobby,ielts,not_answering,2,30.0,0,2-3
facebook,parent_enrolling,pass_exam,kids_english,interested_need_time,2,1.0,1,2-3
facebook,working_professional,career_advancement,data_analysis,not_answering,5,41.0,0,4-5
google_ads,student_y3_y4,pass_exam,toeic,positive_interaction,1,27.0,0,1
tiktok,student_y3_y4,pass_exam,communication_english,busy_call_back,1,15.0,0,1
google_ads,student_y1_y2,pass_exam,communication_english,positive_interaction,2,6.0,1,2-3
facebook,student_y1_y2,hobby,communication_english,not_answering,4,28.0,0,4-5
facebook,working_professional,career_advancement,communication_english,positive_interaction,3,27.0,1,2-3
other,student_y3_y4,hobby,communication_english,not_answering,2,27.0,1,2-3
google_ads,working_professional,career_advancement,ielts,positive_interaction,2,17.0,1,2-3
website_organic,working_professional,career_advancement,toeic,not_answering,2,9.0,1,2-3
google_ads,working_professional,career_advancement,communication_english,positive_interaction,4,4.0,1,4-5
referral,unemployed,career_advancement,backend_nodejs,not_answering,5,6.0,1,4-5
facebook,student_y1_y2,pass_exam,communication_english,positive_interaction,2,1.0,1,2-3
facebook,working_professional,hobby,frontend,positive_interaction,4,1.0,1,4-5
referral,working_professional,career_advancement,data_analysis,busy_call_back,4,4.0,1,4-5
referral,student_y3_y4,pass_exam,communication_english,not_answering,4,12.0,1,4-5
facebook,student_y1_y2,pass_exam,communication_english,busy_call_back,3,4.0,1,2-3
facebook,student_y1_y2,pass_exam,communication_english,not_answering,1,17.0,0,1
google_ads,student_y1_y2,pass_exam,toeic,interested_need_time,4,1.0,1,4-5
google_ads,student_y3_y4,study_abroad,ielts,not_answering,3,1.0,1,2-3
facebook,student_y1_y2,career_advancement,communication_english,not_answering,3,15.0,0,2-3
website_organic,working_professional,company_training,data_analysis,not_answering,2,3.0,1,2-3
facebook,student_y1_y2,career_advancement,frontend,not_answering,1,1.0,1,1
tiktok,student_y1_y2,pass_exam,communication_english,not_answering,1,1.0,0,1
facebook,student_y3_y4,career_advancement,toeic,positive_interaction,2,8.0,0,2-3
facebook,,pass_exam,toeic,not_answering,1,0.0,0,1
tiktok,parent_enrolling,study_abroad,kids_english,rejected,2,,0,2-3
facebook,student_y3_y4,study_abroad,communication_english,positive_interaction,1,3.0,1,1
tiktok,student_y1_y2,study_abroad,ielts,busy_call_back,2,0.0,1,2-3
facebook,student_y1_y2,career_advancement,communication_english,wrong_number,8,0.0,0,6+
referral,student_y3_y4,pass_exam,toeic,interested_need_time,3,0.0,1,2-3
tiktok,working_professional,career_advancement,ielts,interested_need_time,2,4.0,0,2-3
website_organic,working_professional,career_advancement,communication_english,busy_call_back,4,7.0,1,4-5
facebook,student_y3_y4,pass_exam,toeic,positive_interaction,3,5.0,1,2-3
facebook,working_professional,career_advancement,data_analysis,not_answering,1,,0,1
facebook,student_y3_y4,study_abroad,communication_english,interested_need_time,3,5.0,1,2-3
google_ads,unemployed,career_advancement,frontend,not_answering,2,6.0,0,2-3
facebook,working_professional,company_training,data_analysis,busy_call_back,3,23.0,0,2-3
facebook,student_y3_y4,hobby,toeic,interested_need_time,1,19.0,1,1
facebook,working_professional,career_advancement,data_analysis,not_answering,3,8.0,0,2-3
facebook,unemployed,career_advancement,data_analysis,not_answering,1,2.0,0,1
facebook,,pass_exam,toeic,positive_interaction,2,6.0,1,2-3
facebook,parent_enrolling,hobby,kids_english,not_answering,4,8.0,0,4-5
facebook,unemployed,study_abroad,data_analysis,not_answering,2,12.0,0,2-3
google_ads,student_y1_y2,pass_exam,communication_english,busy_call_back,2,,1,2-3
facebook,working_professional,pass_exam,communication_english,rejected,1,3.0,0,1
facebook,working_professional,career_advancement,ielts,positive_interaction,4,26.0,1,4-5
google_ads,student_y3_y4,pass_exam,frontend,interested_need_time,3,8.0,0,2-3
tiktok,student_y3_y4,study_abroad,communication_english,positive_interaction,5,,1,4-5
facebook,unemployed,hobby,backend_nodejs,positive_interaction,3,0.0,1,2-3
google_ads,working_professional,company_training,communication_english,positive_interaction,8,36.0,1,6+
referral,student_y3_y4,study_abroad,toeic,positive_interaction,2,1.0,1,2-3
google_ads,student_y1_y2,hobby,backend_nodejs,wrong_number,4,2.0,0,4-5
referral,student_y3_y4,study_abroad,communication_english,interested_need_time,2,5.0,1,2-3
tiktok,parent_enrolling,study_abroad,kids_english,not_answering,2,0.0,0,2-3
facebook,working_professional,company_training,communication_english,not_answering,4,3.0,0,4-5
google_ads,student_y1_y2,pass_exam,communication_english,not_answering,7,41.0,0,6+
tiktok,unemployed,career_advancement,communication_english,interested_need_time,4,7.0,0,4-5
other,unemployed,career_advancement,data_analysis,rejected,2,3.0,0,2-3
google_ads,student_y3_y4,hobby,communication_english,positive_interaction,3,,1,2-3
facebook,student_y1_y2,hobby,ielts,positive_interaction,2,1.0,0,2-3
google_ads,working_professional,career_advancement,communication_english,positive_interaction,3,8.0,1,2-3
facebook,student_y1_y2,pass_exam,toeic,rejected,2,2.0,0,2-3
tiktok,student_y3_y4,study_abroad,ielts,positive_interaction,2,20.0,0,2-3
google_ads,working_professional,pass_exam,data_analysis,not_answering,1,12.0,0,1
tiktok,parent_enrolling,pass_exam,communication_english,busy_call_back,6,1.0,1,6+
website_organic,student_y3_y4,hobby,communication_english,busy_call_back,1,21.0,1,1
google_ads,unemployed,hobby,toeic,not_answering,2,0.0,0,2-3
google_ads,parent_enrolling,study_abroad,ielts,not_answering,1,,0,1
tiktok,student_y1_y2,pass_exam,communication_english,not_answering,3,11.0,0,2-3
website_organic,student_y1_y2,study_abroad,ielts,not_answering,1,2.0,0,1
website_organic,working_professional,career_advancement,communication_english,not_answering,4,49.0,0,4-5
facebook,working_professional,career_advancement,communication_english,rejected,2,0.0,0,2-3
google_ads,student_y3_y4,study_abroad,communication_english,busy_call_back,1,7.0,1,1
facebook,working_professional,company_training,data_analysis,positive_interaction,2,3.0,1,2-3
website_organic,working_professional,career_advancement,frontend,not_answering,2,15.0,0,2-3
google_ads,working_professional,career_advancement,toeic,rejected,3,5.0,0,2-3
google_ads,working_professional,career_advancement,ielts,positive_interaction,2,3.0,1,2-3
facebook,student_y1_y2,hobby,communication_english,rejected,4,14.0,0,4-5
facebook,student_y1_y2,career_advancement,communication_english,interested_need_time,2,,1,2-3
tiktok,student_y1_y2,study_abroad,ielts,interested_need_time,1,8.0,0,1
facebook,,pass_exam,communication_english,busy_call_back,2,,0,2-3
facebook,parent_enrolling,hobby,kids_english,busy_call_back,3,9.0,0,2-3
website_organic,working_professional,career_advancement,communication_english,positive_interaction,2,10.0,1,2-3
tiktok,student_y1_y2,study_abroad,ielts,not_answering,3,5.0,0,2-3
facebook,working_professional,company_training,communication_english,not_answering,5,18.0,0,4-5
facebook,student_y1_y2,pass_exam,toeic,wrong_number,1,0.0,0,1
referral,student_y3_y4,career_advancement,toeic,not_answering,2,6.0,0,2-3
tiktok,student_y3_y4,study_abroad,communication_english,positive_interaction,2,14.0,1,2-3
google_ads,unemployed,hobby,communication_english,not_answering,2,2.0,0,2-3
facebook,student_y1_y2,career_advancement,toeic,busy_call_back,2,11.0,0,2-3
facebook,working_professional,company_training,toeic,not_answering,3,12.0,0,2-3
facebook,parent_enrolling,hobby,communication_english,busy_call_back,3,4.0,1,2-3
tiktok,working_professional,company_training,ielts,positive_interaction,4,2.0,0,4-5
facebook,student_y1_y2,pass_exam,communication_english,wrong_number,1,13.0,0,1
facebook,parent_enrolling,pass_exam,kids_english,not_answering,3,0.0,0,2-3
tiktok,working_professional,career_advancement,data_analysis,busy_call_back,4,26.0,0,4-5
referral,student_y3_y4,career_advancement,ielts,positive_interaction,3,0.0,1,2-3
tiktok,working_professional,career_advancement,ielts,not_answering,4,2.0,0,4-5
google_ads,unemployed,study_abroad,data_analysis,not_answering,3,7.0,0,2-3
google_ads,student_y3_y4,pass_exam,communication_english,busy_call_back,3,3.0,1,2-3
google_ads,student_y3_y4,career_advancement,backend_nodejs,positive_interaction,1,,1,1
facebook,student_y3_y4,pass_exam,toeic,busy_call_back,3,2.0,1,2-3
google_ads,student_y1_y2,pass_exam,toeic,not_answering,3,0.0,1,2-3
google_ads,working_professional,hobby,communication_english,rejected,1,8.0,1,1
google_ads,student_y1_y2,pass_exam,communication_english,rejected,2,,0,2-3
website_organic,student_y3_y4,study_abroad,ielts,positive_interaction,1,2.0,1,1
other,student_y3_y4,study_abroad,ielts,positive_interaction,3,0.0,1,2-3
facebook,student_y3_y4,hobby,communication_english,rejected,1,4.0,0,1
facebook,student_y3_y4,hobby,toeic,interested_need_time,5,8.0,0,4-5
facebook,working_professional,company_training,data_analysis,positive_interaction,6,2.0,0,6+
facebook,student_y3_y4,career_advancement,toeic,busy_call_back,7,2.0,0,6+
facebook,student_y1_y2,pass_exam,toeic,not_answering,2,14.0,0,2-3
facebook,unemployed,study_abroad,data_analysis,positive_interaction,3,0.0,1,2-3
tiktok,parent_enrolling,pass_exam,kids_english,positive_interaction,5,14.0,0,4-5
google_ads,student_y3_y4,career_advancement,communication_english,not_answering,4,13.0,0,4-5
referral,student_y3_y4,pass_exam,ielts,interested_need_time,2,13.0,1,2-3
facebook,student_y1_y2,study_abroad,communication_english,positive_interaction,5,0.0,1,4-5
facebook,student_y1_y2,study_abroad,communication_english,not_answering,3,6.0,0,2-3
google_ads,student_y3_y4,pass_exam,frontend,positive_interaction,4,9.0,1,4-5
facebook,parent_enrolling,pass_exam,ielts,not_answering,7,11.0,1,6+
facebook,working_professional,hobby,data_analysis,interested_need_time,8,13.0,0,6+
other,student_y3_y4,study_abroad,ielts,rejected,3,23.0,0,2-3
facebook,parent_enrolling,pass_exam,kids_english,wrong_number,1,8.0,1,1
facebook,student_y3_y4,pass_exam,toeic,wrong_number,3,9.0,0,2-3
google_ads,student_y3_y4,hobby,toeic,positive_interaction,3,0.0,1,2-3
google_ads,student_y3_y4,pass_exam,toeic,busy_call_back,3,6.0,1,2-3
google_ads,student_y1_y2,study_abroad,ielts,positive_interaction,2,5.0,1,2-3
facebook,unemployed,hobby,frontend,busy_call_back,3,3.0,0,2-3
website_organic,student_y3_y4,pass_exam,toeic,interested_need_time,3,12.0,1,2-3
facebook,working_professional,career_advancement,frontend,interested_need_time,6,5.0,0,6+
google_ads,student_y3_y4,pass_exam,toeic,interested_need_time,5,3.0,1,4-5
tiktok,parent_enrolling,pass_exam,kids_english,busy_call_back,2,3.0,0,2-3
website_organic,working_professional,career_advancement,toeic,busy_call_back,3,24.0,0,2-3
facebook,student_y3_y4,hobby,toeic,busy_call_back,3,23.0,0,2-3
google_ads,student_y1_y2,study_abroad,communication_english,not_answering,3,9.0,0,2-3
facebook,parent_enrolling,pass_exam,kids_english,busy_call_back,1,20.0,1,1
facebook,student_y3_y4,hobby,communication_english,not_answering,4,20.0,0,4-5
facebook,student_y3_y4,hobby,communication_english,rejected,4,6.0,0,4-5
tiktok,,career_advancement,toeic,not_answering,3,1.0,0,2-3
facebook,student_y1_y2,pass_exam,communication_english,positive_interaction,6,14.0,0,6+
tiktok,student_y3_y4,career_advancement,ielts,not_answering,8,17.0,0,6+
facebook,student_y3_y4,hobby,toeic,wrong_number,5,4.0,0,4-5
website_organic,,career_advancement,toeic,positive_interaction,6,31.0,1,6+
website_organic,student_y3_y4,career_advancement,communication_english,rejected,3,18.0,1,2-3
facebook,student_y3_y4,pass_exam,ielts,wrong_number,6,6.0,0,6+
facebook,student_y1_y2,study_abroad,ielts,positive_interaction,6,3.0,0,6+
facebook,student_y1_y2,hobby,communication_english,not_answering,3,14.0,0,2-3
website_organic,student_y1_y2,study_abroad,ielts,interested_need_time,1,13.0,0,1
facebook,parent_enrolling,pass_exam,kids_english,busy_call_back,1,31.0,1,1
google_ads,working_professional,career_advancement,toeic,wrong_number,3,0.0,0,2-3
google_ads,student_y3_y4,study_abroad,communication_english,wrong_number,4,2.0,0,4-5
tiktok,student_y3_y4,pass_exam,communication_english,busy_call_back,3,1.0,1,2-3
google_ads,working_professional,pass_exam,communication_english,positive_interaction,4,9.0,1,4-5
google_ads,student_y1_y2,study_abroad,ielts,busy_call_back,4,,0,4-5
other,student_y3_y4,study_abroad,communication_english,positive_interaction,2,21.0,1,2-3
facebook,working_professional,career_advancement,toeic,interested_need_time,1,24.0,1,1
website_organic,student_y3_y4,hobby,toeic,interested_need_time,4,0.0,1,4-5
facebook,working_professional,company_training,data_analysis,wrong_number,2,15.0,0,2-3
google_ads,unemployed,career_advancement,backend_nodejs,not_answering,6,11.0,0,6+
website_organic,unemployed,hobby,communication_english,positive_interaction,5,5.0,1,4-5
tiktok,student_y1_y2,hobby,toeic,positive_interaction,3,47.0,0,2-3
tiktok,student_y1_y2,career_advancement,toeic,not_answering,3,0.0,0,2-3
facebook,student_y1_y2,pass_exam,communication_english,busy_call_back,5,9.0,0,4-5
google_ads,working_professional,company_training,communication_english,not_answering,5,1.0,0,4-5
facebook,parent_enrolling,hobby,kids_english,interested_need_time,3,6.0,0,2-3
google_ads,parent_enrolling,pass_exam,kids_english,wrong_number,7,10.0,0,6+
google_ads,student_y3_y4,study_abroad,ielts,not_answering,3,16.0,1,2-3
facebook,unemployed,hobby,frontend,not_answering,1,2.0,0,1
facebook,student_y3_y4,hobby,ielts,busy_call_back,3,4.0,0,2-3
facebook,unemployed,career_advancement,frontend,not_answering,4,0.0,0,4-5
facebook,student_y3_y4,hobby,ielts,not_answering,8,0.0,0,6+
facebook,student_y1_y2,pass_exam,toeic,interested_need_time,1,1.0,1,1
website_organic,student_y1_y2,pass_exam,ielts,busy_call_back,2,0.0,1,2-3
google_ads,parent_enrolling,hobby,ielts,positive_interaction,3,13.0,1,2-3
facebook,student_y3_y4,pass_exam,ielts,busy_call_back,5,1.0,1,4-5
tiktok,student_y3_y4,pass_exam,toeic,interested_need_time,4,9.0,1,4-5
website_organic,student_y3_y4,pass_exam,communication_english,busy_call_back,2,17.0,0,2-3
facebook,student_y3_y4,study_abroad,ielts,not_answering,5,0.0,0,4-5
facebook,parent_enrolling,pass_exam,ielts,busy_call_back,4,10.0,0,4-5
facebook,student_y1_y2,pass_exam,toeic,positive_interaction,5,5.0,1,4-5
facebook,student_y1_y2,pass_exam,toeic,rejected,5,3.0,0,4-5
tiktok,working_professional,career_advancement,data_analysis,not_answering,1,5.0,1,1
other,student_y3_y4,study_abroad,ielts,interested_need_time,7,7.0,0,6+
facebook,student_y1_y2,career_advancement,toeic,interested_need_time,3,11.0,1,2-3
tiktok,student_y1_y2,career_advancement,toeic,not_answering,8,1.0,0,6+
facebook,,hobby,toeic,positive_interaction,1,16.0,0,1
google_ads,student_y3_y4,study_abroad,communication_english,not_answering,4,11.0,0,4-5
tiktok,student_y1_y2,study_abroad,communication_english,wrong_number,2,5.0,0,2-3
facebook,student_y1_y2,pass_exam,toeic,interested_need_time,1,0.0,0,1
facebook,working_professional,hobby,frontend,not_answering,8,8.0,0,6+
google_ads,unemployed,career_advancement,frontend,positive_interaction,2,9.0,0,2-3
other,unemployed,hobby,backend_nodejs,not_answering,1,7.0,0,1
facebook,student_y3_y4,hobby,ielts,positive_interaction,5,1.0,1,4-5
facebook,student_y3_y4,study_abroad,communication_english,positive_interaction,2,1.0,1,2-3
facebook,parent_enrolling,pass_exam,kids_english,interested_need_time,3,31.0,0,2-3
google_ads,working_professional,hobby,data_analysis,not_answering,8,,0,6+
google_ads,student_y3_y4,pass_exam,communication_english,busy_call_back,3,14.0,1,2-3
tiktok,student_y3_y4,pass_exam,toeic,interested_need_time,1,25.0,1,1
tiktok,student_y3_y4,study_abroad,communication_english,positive_interaction,4,8.0,1,4-5
website_organic,student_y3_y4,study_abroad,ielts,interested_need_time,4,6.0,0,4-5
website_organic,,study_abroad,ielts,busy_call_back,1,13.0,1,1
facebook,student_y1_y2,hobby,toeic,positive_interaction,3,,1,2-3
google_ads,parent_enrolling,hobby,kids_english,positive_interaction,2,4.0,1,2-3
facebook,working_professional,career_advancement,toeic,positive_interaction,1,0.0,1,1
facebook,working_professional,company_training,ielts,not_answering,2,12.0,0,2-3
referral,student_y1_y2,study_abroad,ielts,busy_call_back,6,1.0,0,6+
tiktok,working_professional,career_advancement,data_analysis,busy_call_back,2,5.0,1,2-3
referral,working_professional,career_advancement,ielts,positive_interaction,2,18.0,1,2-3
google_ads,student_y1_y2,study_abroad,communication_english,positive_interaction,6,1.0,1,6+
google_ads,working_professional,hobby,communication_english,wrong_number,2,8.0,0,2-3
google_ads,working_professional,career_advancement,frontend,not_answering,6,13.0,0,6+
facebook,unemployed,career_advancement,frontend,positive_interaction,5,10.0,0,4-5
facebook,student_y1_y2,hobby,toeic,wrong_number,3,45.0,0,2-3
google_ads,unemployed,study_abroad,communication_english,not_answering,2,5.0,0,2-3
facebook,student_y3_y4,study_abroad,ielts,not_answering,1,4.0,1,1
referral,student_y1_y2,study_abroad,ielts,not_answering,1,13.0,0,1
facebook,student_y1_y2,pass_exam,toeic,interested_need_time,2,2.0,0,2-3
facebook,student_y1_y2,pass_exam,communication_english,busy_call_back,3,8.0,0,2-3
tiktok,student_y3_y4,pass_exam,toeic,not_answering,2,2.0,0,2-3
facebook,student_y3_y4,pass_exam,toeic,interested_need_time,5,17.0,0,4-5
referral,working_professional,career_advancement,communication_english,positive_interaction,2,6.0,1,2-3
tiktok,student_y1_y2,study_abroad,communication_english,wrong_number,2,13.0,0,2-3
facebook,parent_enrolling,study_abroad,kids_english,positive_interaction,1,0.0,1,1
tiktok,student_y1_y2,hobby,communication_english,wrong_number,2,43.0,1,2-3
google_ads,,company_training,communication_english,interested_need_time,4,7.0,0,4-5
tiktok,parent_enrolling,pass_exam,kids_english,positive_interaction,4,4.0,0,4-5
website_organic,unemployed,career_advancement,backend_nodejs,busy_call_back,2,33.0,0,2-3
tiktok,working_professional,career_advancement,communication_english,wrong_number,3,2.0,0,2-3
google_ads,working_professional,career_advancement,communication_english,wrong_number,3,5.0,0,2-3
facebook,student_y1_y2,study_abroad,ielts,positive_interaction,5,5.0,1,4-5
tiktok,student_y1_y2,study_abroad,ielts,busy_call_back,2,7.0,0,2-3
referral,student_y3_y4,study_abroad,toeic,not_answering,4,13.0,1,4-5
google_ads,student_y1_y2,hobby,communication_english,busy_call_back,2,8.0,0,2-3
tiktok,student_y3_y4,study_abroad,communication_english,not_answering,2,4.0,0,2-3
google_ads,student_y1_y2,hobby,toeic,not_answering,3,2.0,0,2-3
tiktok,parent_enrolling,pass_exam,kids_english,busy_call_back,1,33.0,1,1
other,unemployed,career_advancement,backend_nodejs,not_answering,3,60.0,0,2-3
facebook,unemployed,career_advancement,communication_english,wrong_number,3,3.0,0,2-3
facebook,working_professional,company_training,data_analysis,interested_need_time,1,2.0,0,1
google_ads,student_y1_y2,study_abroad,communication_english,positive_interaction,8,41.0,0,6+
google_ads,student_y1_y2,hobby,toeic,busy_call_back,1,,0,1
google_ads,working_professional,pass_exam,toeic,not_answering,5,5.0,1,4-5
facebook,working_professional,career_advancement,frontend,not_answering,3,5.0,0,2-3
google_ads,student_y3_y4,study_abroad,communication_english,wrong_number,2,,0,2-3
google_ads,student_y3_y4,pass_exam,toeic,not_answering,1,32.0,1,1
google_ads,student_y3_y4,pass_exam,communication_english,positive_interaction,4,13.0,1,4-5
tiktok,student_y1_y2,career_advancement,toeic,not_answering,4,7.0,0,4-5
tiktok,,pass_exam,toeic,busy_call_back,4,1.0,0,4-5
google_ads,student_y3_y4,pass_exam,communication_english,not_answering,2,5.0,1,2-3
tiktok,working_professional,company_training,communication_english,busy_call_back,1,0.0,1,1
google_ads,parent_enrolling,pass_exam,kids_english,not_answering,4,1.0,0,4-5
google_ads,student_y3_y4,pass_exam,toeic,wrong_number,5,1.0,1,4-5
google_ads,working_professional,company_training,toeic,not_answering,2,6.0,1,2-3
facebook,unemployed,career_advancement,communication_english,not_answering,5,0.0,0,4-5
facebook,student_y1_y2,career_advancement,toeic,not_answering,3,,0,2-3
google_ads,working_professional,hobby,toeic,rejected,3,3.0,0,2-3
website_organic,student_y3_y4,study_abroad,communication_english,interested_need_time,3,3.0,1,2-3
tiktok,working_professional,career_advancement,communication_english,interested_need_time,1,0.0,1,1
facebook,student_y1_y2,pass_exam,communication_english,interested_need_time,1,17.0,1,1
google_ads,parent_enrolling,pass_exam,ielts,wrong_number,4,16.0,0,4-5
facebook,parent_enrolling,pass_exam,kids_english,not_answering,7,22.0,0,6+
tiktok,student_y1_y2,pass_exam,toeic,positive_interaction,3,15.0,0,2-3
website_organic,student_y1_y2,career_advancement,toeic,positive_interaction,1,1.0,1,1
google_ads,student_y1_y2,hobby,toeic,not_answering,1,9.0,1,1
google_ads,working_professional,career_advancement,communication_english,not_answering,3,18.0,0,2-3
facebook,working_professional,company_training,communication_english,interested_need_time,4,2.0,1,4-5
google_ads,,study_abroad,toeic,not_answering,1,14.0,0,1
website_organic,unemployed,hobby,communication_english,not_answering,1,2.0,1,1
tiktok,student_y3_y4,career_advancement,toeic,busy_call_back,4,38.0,0,4-5
google_ads,student_y3_y4,pass_exam,toeic,not_answering,1,19.0,1,1
facebook,student_y3_y4,career_advancement,toeic,positive_interaction,2,19.0,0,2-3
facebook,student_y3_y4,career_advancement,communication_english,busy_call_back,4,7.0,0,4-5
facebook,student_y3_y4,study_abroad,ielts,interested_need_time,1,8.0,1,1
facebook,student_y3_y4,career_advancement,toeic,busy_call_back,2,9.0,0,2-3
facebook,student_y3_y4,pass_exam,toeic,busy_call_back,1,3.0,1,1
referral,parent_enrolling,hobby,kids_english,busy_call_back,2,1.0,1,2-3
google_ads,student_y3_y4,pass_exam,toeic,wrong_number,6,54.0,0,6+
facebook,parent_enrolling,pass_exam,communication_english,busy_call_back,4,3.0,0,4-5
facebook,working_professional,career_advancement,data_analysis,interested_need_time,1,1.0,1,1
facebook,working_professional,company_training,toeic,positive_interaction,1,8.0,1,1
website_organic,student_y3_y4,career_advancement,backend_nodejs,interested_need_time,2,10.0,0,2-3
facebook,working_professional,company_training,data_analysis,not_answering,5,7.0,1,4-5
tiktok,student_y3_y4,study_abroad,communication_english,not_answering,4,1.0,1,4-5
website_organic,student_y1_y2,pass_exam,communication_english,interested_need_time,3,14.0,0,2-3
facebook,student_y1_y2,pass_exam,communication_english,positive_interaction,1,2.0,1,1
google_ads,student_y1_y2,hobby,communication_english,positive_interaction,6,2.0,0,6+
referral,parent_enrolling,pass_exam,kids_english,positive_interaction,5,15.0,1,4-5
google_ads,parent_enrolling,hobby,kids_english,not_answering,2,12.0,1,2-3
facebook,working_professional,hobby,frontend,positive_interaction,2,3.0,1,2-3
referral,student_y1_y2,hobby,toeic,interested_need_time,2,3.0,0,2-3
website_organic,unemployed,career_advancement,data_analysis,rejected,3,4.0,0,2-3
google_ads,working_professional,pass_exam,communication_english,positive_interaction,2,8.0,1,2-3
google_ads,student_y3_y4,pass_exam,toeic,busy_call_back,2,4.0,1,2-3
facebook,student_y3_y4,career_advancement,ielts,positive_interaction,4,5.0,0,4-5
website_organic,working_professional,career_advancement,communication_english,interested_need_time,4,2.0,1,4-5
google_ads,student_y1_y2,pass_exam,ielts,busy_call_back,2,10.0,1,2-3
facebook,student_y3_y4,pass_exam,toeic,interested_need_time,3,0.0,1,2-3
tiktok,working_professional,career_advancement,frontend,not_answering,1,0.0,1,1
referral,student_y1_y2,study_abroad,ielts,not_answering,3,0.0,1,2-3
website_organic,student_y3_y4,pass_exam,backend_nodejs,positive_interaction,5,3.0,0,4-5
facebook,student_y3_y4,study_abroad,ielts,busy_call_back,3,,0,2-3
facebook,working_professional,career_advancement,toeic,positive_interaction,6,2.0,0,6+
referral,parent_enrolling,hobby,kids_english,busy_call_back,4,23.0,0,4-5
referral,unemployed,career_advancement,data_analysis,positive_interaction,4,6.0,1,4-5
google_ads,working_professional,career_advancement,frontend,positive_interaction,3,1.0,0,2-3
google_ads,working_professional,career_advancement,toeic,positive_interaction,1,3.0,1,1
google_ads,working_professional,hobby,ielts,busy_call_back,6,11.0,0,6+
google_ads,student_y3_y4,career_advancement,communication_english,rejected,4,2.0,0,4-5
facebook,student_y1_y2,career_advancement,communication_english,busy_call_back,6,0.0,0,6+
facebook,working_professional,career_advancement,toeic,positive_interaction,3,0.0,1,2-3
facebook,working_professional,company_training,data_analysis,busy_call_back,3,12.0,0,2-3
website_organic,student_y3_y4,hobby,toeic,not_answering,1,1.0,1,1
facebook,unemployed,career_advancement,communication_english,interested_need_time,2,20.0,0,2-3
facebook,working_professional,hobby,communication_english,busy_call_back,3,28.0,0,2-3
google_ads,,hobby,toeic,not_answering,6,,0,6+
facebook,student_y1_y2,pass_exam,ielts,busy_call_back,5,5.0,0,4-5
facebook,student_y1_y2,study_abroad,communication_english,not_answering,3,0.0,1,2-3
google_ads,,pass_exam,communication_english,rejected,2,9.0,1,2-3
facebook,student_y3_y4,study_abroad,communication_english,interested_need_time,1,21.0,0,1
google_ads,student_y1_y2,pass_exam,toeic,not_answering,2,3.0,0,2-3
referral,student_y1_y2,study_abroad,toeic,positive_interaction,8,7.0,1,6+
facebook,student_y1_y2,career_advancement,ielts,interested_need_time,4,1.0,0,4-5
referral,working_professional,career_advancement,data_analysis,positive_interaction,3,15.0,1,2-3
referral,working_professional,hobby,frontend,interested_need_time,5,5.0,1,4-5
website_organic,student_y3_y4,career_advancement,ielts,not_answering,1,22.0,0,1
google_ads,student_y1_y2,hobby,toeic,not_answering,7,10.0,0,6+
google_ads,student_y1_y2,pass_exam,backend_nodejs,positive_interaction,4,6.0,1,4-5
google_ads,student_y1_y2,study_abroad,ielts,positive_interaction,1,13.0,0,1
tiktok,student_y3_y4,study_abroad,communication_english,positive_interaction,4,13.0,1,4-5
facebook,student_y1_y2,career_advancement,ielts,not_answering,1,0.0,0,1
referral,student_y3_y4,pass_exam,toeic,positive_interaction,3,,1,2-3
google_ads,parent_enrolling,pass_exam,ielts,busy_call_back,2,1.0,1,2-3
tiktok,student_y3_y4,pass_exam,communication_english,positive_interaction,2,10.0,0,2-3
facebook,unemployed,hobby,backend_nodejs,not_answering,3,1.0,0,2-3
facebook,student_y1_y2,study_abroad,communication_english,positive_interaction,2,4.0,1,2-3
google_ads,student_y3_y4,study_abroad,ielts,rejected,1,12.0,1,1
google_ads,parent_enrolling,pass_exam,kids_english,not_answering,5,2.0,0,4-5
google_ads,student_y3_y4,pass_exam,communication_english,positive_interaction,2,18.0,1,2-3
facebook,working_professional,career_advancement,frontend,interested_need_time,3,6.0,0,2-3
facebook,parent_enrolling,pass_exam,kids_english,not_answering,3,2.0,0,2-3
google_ads,working_professional,career_advancement,data_analysis,not_answering,1,3.0,0,1
facebook,student_y3_y4,pass_exam,communication_english,positive_interaction,8,11.0,0,6+
referral,student_y3_y4,pass_exam,communication_english,not_answering,2,4.0,1,2-3
facebook,student_y1_y2,study_abroad,toeic,not_answering,2,47.0,0,2-3
facebook,student_y1_y2,career_advancement,communication_english,wrong_number,2,2.0,0,2-3
facebook,student_y1_y2,career_advancement,toeic,interested_need_time,3,1.0,1,2-3
google_ads,unemployed,hobby,communication_english,positive_interaction,1,12.0,0,1
google_ads,working_professional,company_training,communication_english,interested_need_time,2,16.0,1,2-3
google_ads,,study_abroad,communication_english,interested_need_time,3,5.0,1,2-3
referral,,study_abroad,ielts,positive_interaction,4,1.0,1,4-5
facebook,working_professional,career_advancement,frontend,not_answering,2,5.0,1,2-3
tiktok,parent_enrolling,pass_exam,kids_english,busy_call_back,2,0.0,1,2-3
facebook,student_y3_y4,hobby,frontend,interested_need_time,2,11.0,1,2-3
facebook,student_y3_y4,pass_exam,communication_english,rejected,2,30.0,0,2-3
google_ads,unemployed,career_advancement,toeic,busy_call_back,4,0.0,1,4-5
facebook,unemployed,career_advancement,frontend,rejected,2,5.0,0,2-3
google_ads,parent_enrolling,pass_exam,kids_english,positive_interaction,2,18.0,0,2-3
tiktok,student_y3_y4,pass_exam,communication_english,busy_call_back,2,0.0,1,2-3
tiktok,student_y1_y2,study_abroad,ielts,busy_call_back,3,24.0,0,2-3
google_ads,student_y3_y4,career_advancement,toeic,not_answering,3,25.0,0,2-3
google_ads,student_y3_y4,pass_exam,toeic,interested_need_time,2,0.0,1,2-3
facebook,unemployed,hobby,communication_english,not_answering,3,1.0,0,2-3
facebook,student_y1_y2,career_advancement,communication_english,busy_call_back,3,77.0,0,2-3
facebook,working_professional,career_advancement,data_analysis,not_answering,1,21.0,0,1
tiktok,parent_enrolling,pass_exam,kids_english,rejected,2,16.0,0,2-3
other,parent_enrolling,hobby,kids_english,busy_call_back,2,7.0,0,2-3
facebook,working_professional,career_advancement,ielts,busy_call_back,5,24.0,1,4-5
google_ads,parent_enrolling,pass_exam,kids_english,busy_call_back,2,4.0,1,2-3
tiktok,student_y1_y2,pass_exam,toeic,not_answering,2,11.0,0,2-3
website_organic,student_y3_y4,hobby,backend_nodejs,busy_call_back,3,5.0,1,2-3
google_ads,student_y1_y2,pass_exam,frontend,positive_interaction,3,1.0,1,2-3
google_ads,parent_enrolling,pass_exam,communication_english,interested_need_time,5,1.0,1,4-5
tiktok,parent_enrolling,hobby,kids_english,busy_call_back,2,7.0,0,2-3
website_organic,student_y1_y2,study_abroad,communication_english,positive_interaction,2,9.0,1,2-3
facebook,student_y1_y2,pass_exam,toeic,not_answering,3,35.0,0,2-3
referral,student_y3_y4,study_abroad,ielts,positive_interaction,4,7.0,1,4-5
facebook,student_y3_y4,pass_exam,toeic,not_answering,8,19.0,0,6+
website_organic,unemployed,hobby,communication_english,wrong_number,3,1.0,0,2-3
facebook,student_y1_y2,study_abroad,ielts,rejected,3,15.0,0,2-3
facebook,working_professional,career_advancement,data_analysis,positive_interaction,1,14.0,1,1
facebook,working_professional,career_advancement,data_analysis,not_answering,8,,0,6+
google_ads,student_y3_y4,study_abroad,communication_english,interested_need_time,4,3.0,1,4-5
facebook,student_y1_y2,pass_exam,ielts,positive_interaction,1,5.0,0,1
facebook,parent_enrolling,pass_exam,ielts,interested_need_time,3,2.0,0,2-3
google_ads,working_professional,career_advancement,communication_english,busy_call_back,3,1.0,1,2-3
google_ads,student_y3_y4,study_abroad,ielts,busy_call_back,2,14.0,1,2-3
tiktok,student_y3_y4,study_abroad,communication_english,not_answering,4,0.0,0,4-5
website_organic,parent_enrolling,hobby,kids_english,busy_call_back,4,3.0,0,4-5
tiktok,,study_abroad,frontend,not_answering,2,0.0,0,2-3
facebook,unemployed,career_advancement,data_analysis,interested_need_time,8,0.0,0,6+
facebook,working_professional,career_advancement,communication_english,busy_call_back,6,1.0,0,6+
referral,unemployed,career_advancement,communication_english,not_answering,2,10.0,1,2-3
facebook,student_y3_y4,pass_exam,toeic,not_answering,2,12.0,1,2-3
google_ads,working_professional,career_advancement,data_analysis,rejected,5,4.0,0,4-5
referral,student_y3_y4,hobby,toeic,interested_need_time,2,21.0,1,2-3
referral,working_professional,career_advancement,data_analysis,interested_need_time,7,6.0,1,6+
google_ads,,pass_exam,kids_english,positive_interaction,2,7.0,1,2-3
tiktok,parent_enrolling,study_abroad,kids_english,interested_need_time,4,1.0,1,4-5
google_ads,student_y3_y4,pass_exam,communication_english,busy_call_back,3,24.0,1,2-3
tiktok,working_professional,company_training,frontend,interested_need_time,2,11.0,0,2-3
facebook,unemployed,career_advancement,backend_nodejs,not_answering,4,37.0,0,4-5
facebook,parent_enrolling,hobby,kids_english,interested_need_time,1,0.0,0,1
google_ads,working_professional,company_training,data_analysis,not_answering,2,42.0,0,2-3
facebook,student_y1_y2,pass_exam,toeic,rejected,2,2.0,1,2-3
tiktok,student_y3_y4,study_abroad,communication_english,interested_need_time,1,7.0,1,1
facebook,unemployed,career_advancement,frontend,not_answering,1,20.0,0,1
website_organic,working_professional,career_advancement,data_analysis,interested_need_time,2,,1,2-3
website_organic,working_professional,company_training,data_analysis,not_answering,2,,0,2-3
google_ads,,career_advancement,toeic,busy_call_back,1,19.0,1,1
tiktok,student_y3_y4,pass_exam,communication_english,wrong_number,1,10.0,0,1
facebook,student_y3_y4,pass_exam,communication_english,positive_interaction,5,1.0,1,4-5
google_ads,unemployed,hobby,data_analysis,positive_interaction,1,5.0,0,1
facebook,student_y3_y4,pass_exam,communication_english,busy_call_back,4,32.0,1,4-5
website_organic,working_professional,career_advancement,ielts,busy_call_back,1,3.0,1,1
website_organic,working_professional,company_training,data_analysis,not_answering,1,48.0,0,1
referral,,hobby,communication_english,interested_need_time,2,8.0,0,2-3
website_organic,student_y3_y4,study_abroad,communication_english,interested_need_time,2,16.0,1,2-3
referral,working_professional,career_advancement,ielts,not_answering,3,0.0,1,2-3
facebook,student_y1_y2,hobby,backend_nodejs,not_answering,4,11.0,0,4-5
referral,student_y1_y2,career_advancement,toeic,not_answering,2,22.0,0,2-3
google_ads,student_y3_y4,study_abroad,ielts,not_answering,1,6.0,1,1
google_ads,student_y1_y2,career_advancement,toeic,not_answering,5,4.0,0,4-5
google_ads,parent_enrolling,hobby,kids_english,busy_call_back,1,7.0,0,1
facebook,parent_enrolling,pass_exam,kids_english,busy_call_back,4,6.0,1,4-5
facebook,student_y1_y2,career_advancement,toeic,busy_call_back,3,35.0,0,2-3
facebook,unemployed,career_advancement,communication_english,not_answering,2,20.0,0,2-3
facebook,student_y3_y4,pass_exam,frontend,interested_need_time,2,21.0,0,2-3
google_ads,working_professional,career_advancement,communication_english,positive_interaction,2,9.0,1,2-3
website_organic,unemployed,career_advancement,communication_english,not_answering,3,60.0,0,2-3
google_ads,working_professional,career_advancement,communication_english,busy_call_back,7,20.0,0,6+
google_ads,student_y1_y2,pass_exam,toeic,interested_need_time,2,14.0,0,2-3
google_ads,student_y1_y2,pass_exam,communication_english,not_answering,6,6.0,0,6+
google_ads,,pass_exam,communication_english,busy_call_back,2,3.0,1,2-3
facebook,parent_enrolling,study_abroad,ielts,busy_call_back,1,22.0,0,1
website_organic,working_professional,career_advancement,data_analysis,busy_call_back,3,9.0,0,2-3
facebook,student_y3_y4,hobby,backend_nodejs,positive_interaction,7,2.0,1,6+
tiktok,student_y1_y2,career_advancement,toeic,positive_interaction,3,7.0,1,2-3
tiktok,parent_enrolling,hobby,ielts,busy_call_back,4,1.0,0,4-5
google_ads,student_y3_y4,pass_exam,toeic,busy_call_back,3,3.0,1,2-3
website_organic,working_professional,pass_exam,communication_english,rejected,5,4.0,0,4-5
facebook,working_professional,company_training,toeic,interested_need_time,5,6.0,1,4-5
website_organic,student_y3_y4,career_advancement,toeic,rejected,4,29.0,0,4-5
tiktok,student_y1_y2,career_advancement,communication_english,positive_interaction,3,3.0,1,2-3
tiktok,student_y3_y4,hobby,toeic,not_answering,3,8.0,0,2-3
tiktok,student_y3_y4,pass_exam,toeic,not_answering,7,0.0,1,6+
website_organic,,career_advancement,ielts,not_answering,3,11.0,0,2-3
other,unemployed,career_advancement,communication_english,positive_interaction,2,15.0,1,2-3
google_ads,,career_advancement,toeic,busy_call_back,5,7.0,1,4-5
website_organic,student_y3_y4,pass_exam,communication_english,positive_interaction,4,4.0,0,4-5
tiktok,,pass_exam,ielts,interested_need_time,3,25.0,0,2-3
google_ads,student_y1_y2,study_abroad,ielts,positive_interaction,4,9.0,0,4-5
referral,working_professional,career_advancement,frontend,positive_interaction,2,0.0,1,2-3
facebook,working_professional,career_advancement,data_analysis,not_answering,2,21.0,0,2-3
google_ads,working_professional,career_advancement,data_analysis,busy_call_back,1,2.0,1,1
facebook,student_y1_y2,career_advancement,toeic,interested_need_time,5,8.0,0,4-5
facebook,working_professional,career_advancement,communication_english,positive_interaction,4,4.0,1,4-5
website_organic,student_y3_y4,career_advancement,communication_english,positive_interaction,5,6.0,1,4-5
facebook,parent_enrolling,pass_exam,kids_english,interested_need_time,2,8.0,1,2-3
facebook,working_professional,pass_exam,toeic,positive_interaction,8,15.0,0,6+
facebook,parent_enrolling,pass_exam,kids_english,busy_call_back,2,14.0,1,2-3
google_ads,student_y1_y2,study_abroad,ielts,not_answering,2,2.0,0,2-3
website_organic,student_y3_y4,career_advancement,communication_english,wrong_number,7,5.0,0,6+
website_organic,working_professional,career_advancement,data_analysis,interested_need_time,4,15.0,0,4-5
facebook,student_y3_y4,pass_exam,toeic,positive_interaction,6,6.0,0,6+
google_ads,working_professional,company_training,communication_english,busy_call_back,3,13.0,0,2-3
google_ads,student_y3_y4,hobby,communication_english,interested_need_time,2,,1,2-3
google_ads,parent_enrolling,pass_exam,communication_english,busy_call_back,2,33.0,0,2-3
google_ads,student_y1_y2,study_abroad,ielts,busy_call_back,5,7.0,1,4-5
facebook,parent_enrolling,study_abroad,communication_english,not_answering,3,1.0,1,2-3
google_ads,student_y3_y4,study_abroad,ielts,positive_interaction,4,3.0,1,4-5
google_ads,student_y3_y4,study_abroad,ielts,not_answering,1,18.0,1,1
google_ads,student_y3_y4,pass_exam,communication_english,busy_call_back,2,3.0,1,2-3
google_ads,student_y3_y4,hobby,communication_english,busy_call_back,5,6.0,0,4-5
website_organic,parent_enrolling,pass_exam,kids_english,busy_call_back,6,9.0,0,6+
tiktok,parent_enrolling,pass_exam,kids_english,interested_need_time,2,1.0,1,2-3
facebook,parent_enrolling,study_abroad,kids_english,positive_interaction,1,1.0,1,1
website_organic,parent_enrolling,hobby,kids_english,positive_interaction,1,13.0,1,1
website_organic,working_professional,company_training,frontend,busy_call_back,1,8.0,0,1
facebook,student_y3_y4,study_abroad,communication_english,busy_call_back,5,24.0,0,4-5
google_ads,unemployed,study_abroad,frontend,not_answering,3,8.0,0,2-3
facebook,student_y1_y2,pass_exam,toeic,interested_need_time,2,13.0,1,2-3
tiktok,unemployed,study_abroad,communication_english,wrong_number,4,2.0,1,4-5
facebook,student_y3_y4,hobby,toeic,busy_call_back,4,2.0,0,4-5
tiktok,working_professional,company_training,toeic,rejected,2,11.0,0,2-3
facebook,student_y3_y4,hobby,toeic,not_answering,6,12.0,0,6+
google_ads,student_y3_y4,pass_exam,ielts,positive_interaction,3,1.0,1,2-3
referral,student_y1_y2,pass_exam,toeic,positive_interaction,2,12.0,0,2-3
facebook,student_y3_y4,hobby,ielts,positive_interaction,5,9.0,1,4-5
website_organic,,pass_exam,communication_english,positive_interaction,1,8.0,1,1
other,,pass_exam,toeic,not_answering,8,32.0,0,6+
website_organic,student_y1_y2,study_abroad,ielts,positive_interaction,3,13.0,1,2-3
facebook,working_professional,career_advancement,communication_english,busy_call_back,6,5.0,0,6+
website_organic,student_y3_y4,hobby,communication_english,interested_need_time,1,0.0,0,1
facebook,unemployed,career_advancement,toeic,not_answering,2,5.0,0,2-3
facebook,student_y1_y2,career_advancement,toeic,not_answering,5,23.0,0,4-5
website_organic,working_professional,pass_exam,communication_english,rejected,5,1.0,0,4-5
tiktok,student_y1_y2,pass_exam,toeic,busy_call_back,5,7.0,0,4-5
google_ads,student_y3_y4,pass_exam,communication_english,busy_call_back,2,2.0,1,2-3
facebook,working_professional,career_advancement,frontend,not_answering,3,23.0,0,2-3
website_organic,working_professional,career_advancement,communication_english,interested_need_time,2,5.0,1,2-3
tiktok,student_y3_y4,pass_exam,toeic,positive_interaction,2,3.0,1,2-3
google_ads,student_y3_y4,hobby,communication_english,rejected,3,2.0,1,2-3
website_organic,student_y1_y2,career_advancement,communication_english,interested_need_time,4,0.0,1,4-5
facebook,student_y3_y4,pass_exam,toeic,not_answering,3,1.0,1,2-3
facebook,student_y3_y4,study_abroad,communication_english,not_answering,2,4.0,1,2-3
google_ads,working_professional,career_advancement,communication_english,not_answering,5,,0,4-5
referral,student_y3_y4,study_abroad,ielts,interested_need_time,7,0.0,1,6+
facebook,working_professional,career_advancement,communication_english,rejected,2,22.0,0,2-3
facebook,student_y3_y4,study_abroad,ielts,not_answering,5,1.0,0,4-5
facebook,student_y1_y2,hobby,communication_english,busy_call_back,5,10.0,0,4-5
website_organic,student_y3_y4,pass_exam,communication_english,positive_interaction,2,4.0,1,2-3
facebook,student_y1_y2,career_advancement,communication_english,interested_need_time,4,20.0,1,4-5
google_ads,student_y3_y4,hobby,ielts,positive_interaction,6,5.0,1,6+
other,unemployed,career_advancement,communication_english,busy_call_back,4,3.0,0,4-5
facebook,working_professional,career_advancement,data_analysis,not_answering,1,2.0,0,1
google_ads,student_y3_y4,hobby,communication_english,busy_call_back,3,7.0,1,2-3
google_ads,student_y1_y2,pass_exam,frontend,busy_call_back,4,0.0,1,4-5
website_organic,unemployed,hobby,communication_english,positive_interaction,3,37.0,0,2-3
facebook,student_y1_y2,hobby,toeic,not_answering,1,18.0,0,1
google_ads,student_y3_y4,study_abroad,ielts,busy_call_back,1,6.0,1,1
facebook,unemployed,study_abroad,communication_english,rejected,5,6.0,0,4-5
tiktok,student_y3_y4,pass_exam,communication_english,interested_need_time,3,1.0,1,2-3
tiktok,student_y1_y2,hobby,toeic,not_answering,7,13.0,0,6+
facebook,student_y3_y4,pass_exam,frontend,rejected,2,,1,2-3
facebook,working_professional,company_training,toeic,not_answering,5,5.0,1,4-5
website_organic,student_y1_y2,pass_exam,toeic,positive_interaction,1,10.0,1,1
facebook,working_professional,company_training,data_analysis,not_answering,5,11.0,0,4-5
facebook,student_y3_y4,career_advancement,toeic,wrong_number,5,10.0,0,4-5
google_ads,student_y3_y4,career_advancement,toeic,not_answering,2,1.0,1,2-3
facebook,student_y1_y2,hobby,toeic,busy_call_back,2,8.0,0,2-3
facebook,unemployed,career_advancement,communication_english,rejected,6,4.0,0,6+
google_ads,student_y3_y4,pass_exam,toeic,interested_need_time,4,21.0,1,4-5
facebook,working_professional,company_training,frontend,not_answering,3,1.0,1,2-3
google_ads,student_y3_y4,study_abroad,ielts,not_answering,2,12.0,1,2-3
tiktok,student_y1_y2,pass_exam,ielts,not_answering,6,30.0,0,6+
google_ads,student_y3_y4,pass_exam,toeic,not_answering,4,1.0,0,4-5
facebook,student_y3_y4,pass_exam,toeic,interested_need_time,2,18.0,1,2-3
website_organic,student_y3_y4,study_abroad,ielts,busy_call_back,3,29.0,0,2-3
facebook,unemployed,career_advancement,data_analysis,rejected,1,52.0,0,1
tiktok,parent_enrolling,pass_exam,kids_english,positive_interaction,5,7.0,0,4-5
facebook,working_professional,career_advancement,frontend,rejected,5,7.0,0,4-5
tiktok,working_professional,company_training,communication_english,interested_need_time,2,9.0,1,2-3
facebook,student_y3_y4,hobby,toeic,busy_call_back,2,17.0,0,2-3
facebook,working_professional,career_advancement,data_analysis,interested_need_time,2,17.0,1,2-3
google_ads,student_y3_y4,career_advancement,toeic,busy_call_back,1,15.0,0,1
facebook,unemployed,career_advancement,communication_english,not_answering,6,6.0,0,6+
facebook,unemployed,hobby,toeic,positive_interaction,4,5.0,0,4-5
tiktok,student_y3_y4,study_abroad,toeic,positive_interaction,2,1.0,1,2-3
website_organic,parent_enrolling,pass_exam,kids_english,busy_call_back,1,2.0,1,1
facebook,unemployed,study_abroad,backend_nodejs,busy_call_back,1,12.0,1,1
website_organic,student_y3_y4,pass_exam,toeic,not_answering,4,9.0,0,4-5
tiktok,parent_enrolling,pass_exam,kids_english,interested_need_time,2,4.0,1,2-3
website_organic,student_y1_y2,hobby,toeic,busy_call_back,2,8.0,0,2-3
tiktok,student_y1_y2,pass_exam,toeic,wrong_number,7,15.0,0,6+
tiktok,student_y3_y4,study_abroad,ielts,interested_need_time,3,6.0,0,2-3
google_ads,working_professional,career_advancement,data_analysis,busy_call_back,5,4.0,0,4-5
tiktok,student_y3_y4,pass_exam,communication_english,positive_interaction,1,33.0,1,1
referral,parent_enrolling,pass_exam,kids_english,rejected,2,2.0,1,2-3
facebook,student_y3_y4,study_abroad,communication_english,positive_interaction,5,2.0,1,4-5
facebook,student_y3_y4,study_abroad,communication_english,busy_call_back,5,6.0,1,4-5
facebook,working_professional,career_advancement,communication_english,busy_call_back,4,3.0,1,4-5
referral,student_y1_y2,hobby,frontend,positive_interaction,3,5.0,1,2-3
google_ads,working_professional,career_advancement,ielts,positive_interaction,2,16.0,0,2-3
tiktok,,career_advancement,toeic,rejected,3,34.0,0,2-3
website_organic,parent_enrolling,study_abroad,kids_english,busy_call_back,1,0.0,1,1
other,working_professional,career_advancement,ielts,positive_interaction,2,2.0,1,2-3
facebook,student_y1_y2,pass_exam,communication_english,not_answering,3,16.0,0,2-3
tiktok,,pass_exam,communication_english,not_answering,1,22.0,0,1
website_organic,student_y1_y2,career_advancement,toeic,not_answering,2,9.0,0,2-3
facebook,parent_enrolling,study_abroad,kids_english,not_answering,1,0.0,1,1
tiktok,working_professional,company_training,data_analysis,interested_need_time,2,13.0,0,2-3
facebook,student_y3_y4,study_abroad,ielts,busy_call_back,5,9.0,1,4-5
google_ads,student_y1_y2,study_abroad,communication_english,positive_interaction,6,8.0,1,6+
google_ads,unemployed,hobby,frontend,interested_need_time,1,24.0,0,1
facebook,student_y1_y2,hobby,toeic,not_answering,2,8.0,0,2-3
facebook,working_professional,career_advancement,ielts,positive_interaction,5,5.0,1,4-5
facebook,working_professional,career_advancement,ielts,not_answering,1,61.0,0,1
facebook,student_y3_y4,study_abroad,toeic,not_answering,4,6.0,0,4-5
google_ads,student_y3_y4,study_abroad,communication_english,rejected,1,0.0,0,1
facebook,,career_advancement,communication_english,not_answering,3,4.0,0,2-3
facebook,student_y3_y4,pass_exam,toeic,busy_call_back,2,36.0,0,2-3
tiktok,parent_enrolling,pass_exam,communication_english,interested_need_time,4,12.0,0,4-5
tiktok,working_professional,career_advancement,data_analysis,busy_call_back,3,11.0,0,2-3
google_ads,unemployed,hobby,communication_english,busy_call_back,1,4.0,0,1
referral,student_y3_y4,hobby,toeic,positive_interaction,2,5.0,1,2-3
facebook,student_y1_y2,study_abroad,ielts,interested_need_time,3,2.0,1,2-3
website_organic,working_professional,career_advancement,communication_english,interested_need_time,8,16.0,0,6+
facebook,student_y3_y4,study_abroad,ielts,wrong_number,3,,0,2-3
tiktok,student_y1_y2,career_advancement,communication_english,not_answering,1,4.0,0,1
other,student_y3_y4,pass_exam,toeic,busy_call_back,3,11.0,1,2-3
website_organic,working_professional,career_advancement,data_analysis,not_answering,2,14.0,0,2-3
google_ads,working_professional,career_advancement,communication_english,not_answering,5,7.0,0,4-5
google_ads,student_y1_y2,study_abroad,ielts,rejected,5,11.0,0,4-5
facebook,unemployed,hobby,communication_english,positive_interaction,1,3.0,1,1
tiktok,student_y3_y4,pass_exam,toeic,not_answering,3,3.0,0,2-3
tiktok,student_y3_y4,study_abroad,communication_english,busy_call_back,4,2.0,1,4-5
other,student_y1_y2,pass_exam,toeic,not_answering,2,4.0,0,2-3
google_ads,unemployed,hobby,communication_english,positive_interaction,3,4.0,0,2-3
facebook,student_y3_y4,study_abroad,ielts,busy_call_back,3,0.0,0,2-3
google_ads,student_y3_y4,pass_exam,communication_english,rejected,3,15.0,0,2-3
facebook,student_y1_y2,pass_exam,communication_english,not_answering,3,22.0,0,2-3
facebook,working_professional,career_advancement,toeic,busy_call_back,3,0.0,0,2-3
facebook,working_professional,career_advancement,communication_english,rejected,4,32.0,0,4-5
tiktok,student_y3_y4,study_abroad,communication_english,wrong_number,3,23.0,0,2-3
facebook,parent_enrolling,hobby,kids_english,not_answering,4,6.0,0,4-5
facebook,student_y1_y2,pass_exam,toeic,busy_call_back,3,2.0,0,2-3
facebook,student_y1_y2,hobby,toeic,wrong_number,4,2.0,0,4-5
website_organic,working_professional,career_advancement,data_analysis,positive_interaction,2,16.0,1,2-3
tiktok,working_professional,career_advancement,data_analysis,interested_need_time,3,1.0,1,2-3
facebook,student_y3_y4,study_abroad,communication_english,positive_interaction,3,5.0,1,2-3
facebook,working_professional,company_training,toeic,rejected,2,10.0,0,2-3
google_ads,student_y3_y4,study_abroad,ielts,interested_need_time,1,16.0,1,1
facebook,working_professional,career_advancement,frontend,not_answering,3,4.0,1,2-3
google_ads,working_professional,company_training,ielts,busy_call_back,1,0.0,1,1
google_ads,parent_enrolling,hobby,kids_english,positive_interaction,2,15.0,0,2-3
referral,student_y3_y4,study_abroad,ielts,busy_call_back,2,2.0,1,2-3
facebook,working_professional,career_advancement,toeic,busy_call_back,3,19.0,1,2-3
tiktok,working_professional,career_advancement,communication_english,positive_interaction,8,5.0,1,6+
facebook,student_y3_y4,career_advancement,toeic,busy_call_back,5,39.0,0,4-5
referral,student_y3_y4,study_abroad,communication_english,rejected,7,2.0,0,6+
other,parent_enrolling,study_abroad,kids_english,busy_call_back,7,,0,6+
tiktok,student_y1_y2,study_abroad,communication_english,positive_interaction,1,25.0,1,1
google_ads,working_professional,hobby,toeic,interested_need_time,2,2.0,1,2-3
facebook,student_y1_y2,pass_exam,communication_english,not_answering,2,,1,2-3
website_organic,unemployed,career_advancement,backend_nodejs,busy_call_back,1,1.0,1,1
tiktok,student_y1_y2,study_abroad,communication_english,not_answering,5,9.0,0,4-5
facebook,parent_enrolling,hobby,kids_english,positive_interaction,5,10.0,1,4-5
google_ads,working_professional,pass_exam,data_analysis,positive_interaction,3,19.0,1,2-3
google_ads,student_y1_y2,pass_exam,communication_english,not_answering,5,12.0,0,4-5
website_organic,working_professional,company_training,ielts,busy_call_back,4,,0,4-5
tiktok,working_professional,career_advancement,toeic,rejected,2,,0,2-3
google_ads,student_y3_y4,career_advancement,toeic,not_answering,1,7.0,1,1
google_ads,student_y3_y4,study_abroad,ielts,rejected,7,28.0,0,6+
facebook,working_professional,career_advancement,communication_english,not_answering,4,3.0,0,4-5
facebook,working_professional,hobby,communication_english,not_answering,2,1.0,0,2-3
facebook,student_y3_y4,career_advancement,communication_english,interested_need_time,1,5.0,0,1
tiktok,unemployed,hobby,frontend,not_answering,4,9.0,0,4-5
google_ads,student_y3_y4,pass_exam,ielts,wrong_number,5,5.0,0,4-5
google_ads,student_y1_y2,pass_exam,toeic,positive_interaction,3,1.0,1,2-3
facebook,working_professional,pass_exam,toeic,positive_interaction,8,34.0,0,6+
facebook,student_y1_y2,pass_exam,backend_nodejs,positive_interaction,2,11.0,1,2-3
google_ads,student_y3_y4,pass_exam,toeic,positive_interaction,6,,0,6+
facebook,student_y3_y4,study_abroad,communication_english,positive_interaction,3,2.0,1,2-3
facebook,student_y3_y4,hobby,communication_english,positive_interaction,4,8.0,0,4-5
tiktok,student_y1_y2,hobby,toeic,positive_interaction,6,2.0,0,6+
facebook,working_professional,company_training,communication_english,interested_need_time,5,6.0,0,4-5
facebook,student_y3_y4,hobby,frontend,busy_call_back,2,10.0,0,2-3
google_ads,unemployed,career_advancement,data_analysis,busy_call_back,5,2.0,0,4-5
website_organic,working_professional,company_training,communication_english,busy_call_back,3,2.0,1,2-3
facebook,student_y3_y4,study_abroad,toeic,busy_call_back,1,13.0,1,1
tiktok,student_y3_y4,pass_exam,toeic,busy_call_back,4,2.0,1,4-5
referral,working_professional,pass_exam,toeic,busy_call_back,3,18.0,1,2-3
tiktok,student_y1_y2,study_abroad,communication_english,not_answering,3,18.0,0,2-3
google_ads,student_y1_y2,study_abroad,ielts,positive_interaction,2,17.0,1,2-3
tiktok,unemployed,career_advancement,data_analysis,positive_interaction,1,9.0,0,1
google_ads,working_professional,career_advancement,data_analysis,busy_call_back,1,3.0,1,1
google_ads,working_professional,hobby,communication_english,rejected,4,8.0,0,4-5
google_ads,,hobby,communication_english,rejected,2,11.0,0,2-3
facebook,student_y1_y2,hobby,toeic,wrong_number,3,7.0,0,2-3
facebook,student_y3_y4,pass_exam,communication_english,not_answering,3,47.0,0,2-3
google_ads,working_professional,pass_exam,ielts,busy_call_back,2,0.0,1,2-3
facebook,student_y3_y4,study_abroad,ielts,busy_call_back,2,27.0,0,2-3
google_ads,student_y1_y2,pass_exam,communication_english,positive_interaction,2,,1,2-3
google_ads,student_y1_y2,career_advancement,communication_english,interested_need_time,5,22.0,0,4-5
referral,working_professional,career_advancement,ielts,positive_interaction,6,18.0,1,6+
facebook,working_professional,career_advancement,toeic,positive_interaction,2,0.0,1,2-3
google_ads,student_y1_y2,study_abroad,ielts,rejected,1,9.0,0,1
google_ads,student_y1_y2,career_advancement,communication_english,interested_need_time,3,12.0,1,2-3
facebook,student_y3_y4,pass_exam,toeic,rejected,2,5.0,0,2-3
facebook,student_y1_y2,study_abroad,communication_english,positive_interaction,3,2.0,1,2-3
facebook,student_y3_y4,study_abroad,ielts,busy_call_back,2,21.0,0,2-3
facebook,student_y1_y2,pass_exam,communication_english,positive_interaction,4,,0,4-5
facebook,working_professional,career_advancement,data_analysis,not_answering,2,13.0,1,2-3
google_ads,working_professional,career_advancement,communication_english,not_answering,5,8.0,0,4-5
google_ads,parent_enrolling,pass_exam,kids_english,rejected,2,29.0,0,2-3
facebook,parent_enrolling,hobby,kids_english,busy_call_back,2,12.0,0,2-3
facebook,student_y3_y4,pass_exam,backend_nodejs,busy_call_back,6,0.0,0,6+
facebook,student_y1_y2,pass_exam,communication_english,rejected,2,,0,2-3
google_ads,student_y3_y4,pass_exam,toeic,busy_call_back,1,1.0,0,1
facebook,working_professional,career_advancement,frontend,not_answering,1,11.0,0,1
google_ads,student_y1_y2,study_abroad,communication_english,not_answering,4,,0,4-5
facebook,student_y3_y4,hobby,toeic,interested_need_time,3,0.0,1,2-3
facebook,student_y3_y4,study_abroad,ielts,not_answering,3,0.0,1,2-3
referral,student_y1_y2,study_abroad,communication_english,not_answering,1,1.0,1,1
facebook,working_professional,career_advancement,ielts,positive_interaction,1,1.0,1,1
facebook,working_professional,career_advancement,toeic,busy_call_back,2,5.0,1,2-3
facebook,student_y3_y4,pass_exam,communication_english,interested_need_time,2,3.0,0,2-3
other,parent_enrolling,pass_exam,kids_english,not_answering,2,3.0,0,2-3
google_ads,student_y1_y2,study_abroad,ielts,interested_need_time,3,0.0,0,2-3
google_ads,student_y1_y2,hobby,toeic,interested_need_time,4,9.0,0,4-5
other,student_y3_y4,study_abroad,communication_english,busy_call_back,3,8.0,0,2-3
facebook,working_professional,company_training,frontend,busy_call_back,3,25.0,0,2-3
referral,working_professional,pass_exam,communication_english,busy_call_back,3,1.0,1,2-3
facebook,student_y1_y2,pass_exam,communication_english,not_answering,2,1.0,1,2-3
google_ads,parent_enrolling,pass_exam,kids_english,not_answering,3,13.0,0,2-3
google_ads,student_y3_y4,pass_exam,frontend,busy_call_back,1,6.0,1,1
facebook,student_y3_y4,career_advancement,communication_english,not_answering,4,16.0,0,4-5
referral,working_professional,career_advancement,ielts,not_answering,3,8.0,0,2-3
facebook,parent_enrolling,hobby,ielts,not_answering,3,5.0,0,2-3
other,working_professional,hobby,communication_english,positive_interaction,5,0.0,1,4-5
facebook,parent_enrolling,pass_exam,kids_english,busy_call_back,2,,0,2-3
google_ads,student_y1_y2,study_abroad,communication_english,interested_need_time,1,12.0,1,1
referral,working_professional,career_advancement,ielts,interested_need_time,5,9.0,1,4-5
facebook,unemployed,career_advancement,backend_nodejs,busy_call_back,2,9.0,0,2-3
referral,student_y3_y4,study_abroad,ielts,not_answering,2,4.0,1,2-3
google_ads,student_y3_y4,pass_exam,communication_english,busy_call_back,2,,1,2-3
tiktok,parent_enrolling,hobby,kids_english,interested_need_time,2,0.0,0,2-3
facebook,student_y1_y2,study_abroad,communication_english,busy_call_back,3,14.0,0,2-3
google_ads,student_y3_y4,pass_exam,communication_english,not_answering,5,3.0,0,4-5
tiktok,unemployed,career_advancement,data_analysis,rejected,4,7.0,0,4-5
google_ads,,hobby,kids_english,positive_interaction,3,2.0,1,2-3
facebook,parent_enrolling,hobby,kids_english,not_answering,4,51.0,0,4-5
facebook,unemployed,study_abroad,backend_nodejs,rejected,5,11.0,0,4-5
website_organic,student_y1_y2,pass_exam,communication_english,not_answering,1,8.0,0,1
facebook,parent_enrolling,pass_exam,ielts,not_answering,3,17.0,0,2-3
tiktok,student_y3_y4,hobby,communication_english,not_answering,1,1.0,1,1
other,working_professional,career_advancement,data_analysis,rejected,2,5.0,0,2-3
facebook,student_y3_y4,study_abroad,ielts,not_answering,4,6.0,1,4-5
facebook,unemployed,study_abroad,communication_english,positive_interaction,4,11.0,0,4-5
tiktok,working_professional,career_advancement,communication_english,interested_need_time,5,8.0,1,4-5
facebook,unemployed,study_abroad,toeic,interested_need_time,3,5.0,0,2-3
google_ads,student_y1_y2,pass_exam,toeic,busy_call_back,1,9.0,1,1
tiktok,student_y1_y2,career_advancement,toeic,not_answering,1,1.0,1,1
google_ads,,hobby,frontend,positive_interaction,2,6.0,1,2-3
facebook,student_y1_y2,career_advancement,toeic,busy_call_back,2,9.0,0,2-3
tiktok,working_professional,company_training,ielts,interested_need_time,3,16.0,0,2-3
google_ads,student_y3_y4,pass_exam,ielts,not_answering,3,6.0,0,2-3
facebook,working_professional,career_advancement,ielts,positive_interaction,1,30.0,1,1
google_ads,student_y1_y2,study_abroad,ielts,positive_interaction,1,11.0,1,1
website_organic,student_y1_y2,study_abroad,ielts,interested_need_time,1,,1,1
tiktok,working_professional,career_advancement,ielts,busy_call_back,4,10.0,0,4-5
google_ads,student_y3_y4,pass_exam,backend_nodejs,busy_call_back,2,0.0,0,2-3
facebook,student_y1_y2,pass_exam,communication_english,busy_call_back,1,6.0,0,1
facebook,student_y1_y2,hobby,communication_english,not_answering,2,14.0,0,2-3
facebook,student_y1_y2,hobby,backend_nodejs,positive_interaction,2,41.0,0,2-3
facebook,working_professional,company_training,data_analysis,not_answering,2,5.0,0,2-3
other,,pass_exam,toeic,not_answering,5,23.0,0,4-5
facebook,student_y3_y4,pass_exam,ielts,not_answering,2,30.0,1,2-3
website_organic,working_professional,company_training,data_analysis,not_answering,1,2.0,1,1
facebook,student_y3_y4,hobby,toeic,interested_need_time,2,13.0,0,2-3
facebook,working_professional,pass_exam,communication_english,positive_interaction,1,14.0,0,1
google_ads,,pass_exam,communication_english,busy_call_back,6,0.0,0,6+
facebook,parent_enrolling,pass_exam,kids_english,busy_call_back,4,7.0,1,4-5
tiktok,student_y3_y4,career_advancement,ielts,interested_need_time,3,0.0,1,2-3
referral,student_y3_y4,pass_exam,toeic,interested_need_time,3,2.0,1,2-3
website_organic,parent_enrolling,pass_exam,kids_english,positive_interaction,2,1.0,1,2-3
facebook,working_professional,career_advancement,toeic,positive_interaction,2,11.0,1,2-3
tiktok,working_professional,hobby,ielts,positive_interaction,2,0.0,1,2-3
facebook,unemployed,study_abroad,communication_english,positive_interaction,5,8.0,0,4-5
referral,student_y1_y2,study_abroad,ielts,wrong_number,4,8.0,0,4-5
google_ads,unemployed,career_advancement,frontend,interested_need_time,2,8.0,1,2-3
facebook,working_professional,pass_exam,data_analysis,interested_need_time,4,13.0,0,4-5
facebook,student_y3_y4,pass_exam,communication_english,positive_interaction,1,,1,1
facebook,student_y3_y4,hobby,toeic,not_answering,2,3.0,0,2-3
facebook,student_y1_y2,career_advancement,toeic,busy_call_back,1,0.0,1,1
referral,parent_enrolling,pass_exam,ielts,rejected,2,8.0,0,2-3
tiktok,student_y1_y2,pass_exam,communication_english,interested_need_time,2,0.0,0,2-3
referral,student_y3_y4,pass_exam,communication_english,not_answering,6,11.0,0,6+
facebook,working_professional,company_training,frontend,busy_call_back,2,,1,2-3
google_ads,working_professional,hobby,data_analysis,not_answering,2,0.0,0,2-3
facebook,student_y1_y2,pass_exam,toeic,busy_call_back,1,55.0,0,1
google_ads,unemployed,hobby,frontend,interested_need_time,1,1.0,1,1
facebook,student_y3_y4,pass_exam,backend_nodejs,interested_need_time,2,5.0,1,2-3
facebook,unemployed,career_advancement,communication_english,busy_call_back,1,7.0,0,1
google_ads,student_y1_y2,hobby,communication_english,not_answering,2,9.0,0,2-3
facebook,student_y1_y2,career_advancement,toeic,busy_call_back,1,21.0,0,1
google_ads,working_professional,career_advancement,data_analysis,not_answering,1,2.0,0,1
tiktok,student_y1_y2,pass_exam,communication_english,busy_call_back,3,,0,2-3
facebook,student_y3_y4,pass_exam,toeic,interested_need_time,6,,0,6+
referral,student_y1_y2,pass_exam,toeic,not_answering,1,9.0,0,1
google_ads,working_professional,career_advancement,data_analysis,rejected,4,1.0,0,4-5
website_organic,unemployed,hobby,communication_english,interested_need_time,4,0.0,1,4-5
tiktok,unemployed,hobby,communication_english,not_answering,3,3.0,0,2-3
tiktok,parent_enrolling,pass_exam,ielts,busy_call_back,4,0.0,1,4-5
tiktok,parent_enrolling,hobby,kids_english,not_answering,3,9.0,0,2-3
website_organic,student_y3_y4,pass_exam,toeic,not_answering,6,5.0,0,6+
google_ads,student_y3_y4,career_advancement,communication_english,rejected,1,47.0,0,1
facebook,unemployed,hobby,toeic,positive_interaction,3,5.0,1,2-3
facebook,parent_enrolling,pass_exam,ielts,positive_interaction,4,4.0,0,4-5
google_ads,parent_enrolling,study_abroad,kids_english,interested_need_time,6,18.0,0,6+
facebook,working_professional,career_advancement,data_analysis,rejected,3,3.0,0,2-3
facebook,student_y1_y2,pass_exam,communication_english,wrong_number,7,1.0,1,6+
facebook,parent_enrolling,hobby,kids_english,not_answering,4,6.0,0,4-5
google_ads,parent_enrolling,study_abroad,kids_english,not_answering,4,9.0,0,4-5
facebook,working_professional,career_advancement,frontend,busy_call_back,5,2.0,1,4-5
google_ads,unemployed,career_advancement,toeic,busy_call_back,4,14.0,0,4-5
tiktok,,career_advancement,communication_english,interested_need_time,3,39.0,0,2-3
website_organic,parent_enrolling,hobby,kids_english,not_answering,4,30.0,0,4-5
facebook,student_y1_y2,pass_exam,toeic,positive_interaction,1,4.0,0,1
google_ads,unemployed,hobby,frontend,not_answering,6,0.0,0,6+
google_ads,student_y1_y2,pass_exam,toeic,positive_interaction,5,14.0,1,4-5
google_ads,student_y3_y4,pass_exam,backend_nodejs,busy_call_back,3,19.0,1,2-3
tiktok,student_y1_y2,pass_exam,communication_english,not_answering,1,,1,1
facebook,student_y3_y4,study_abroad,ielts,positive_interaction,2,2.0,1,2-3
referral,student_y1_y2,hobby,toeic,busy_call_back,2,14.0,0,2-3
facebook,parent_enrolling,hobby,kids_english,positive_interaction,2,13.0,0,2-3
website_organic,working_professional,company_training,toeic,wrong_number,4,8.0,0,4-5
google_ads,,career_advancement,communication_english,not_answering,5,0.0,1,4-5
facebook,student_y3_y4,pass_exam,backend_nodejs,not_answering,4,4.0,0,4-5
tiktok,student_y1_y2,career_advancement,toeic,not_answering,2,5.0,0,2-3
facebook,working_professional,career_advancement,data_analysis,not_answering,7,1.0,0,6+
tiktok,working_professional,career_advancement,toeic,rejected,5,8.0,0,4-5
google_ads,student_y3_y4,career_advancement,toeic,positive_interaction,4,5.0,0,4-5
facebook,unemployed,hobby,communication_english,busy_call_back,2,11.0,1,2-3
facebook,unemployed,career_advancement,backend_nodejs,positive_interaction,4,0.0,1,4-5
tiktok,working_professional,company_training,ielts,rejected,2,10.0,0,2-3
facebook,parent_enrolling,pass_exam,kids_english,not_answering,1,32.0,0,1
website_organic,,pass_exam,data_analysis,not_answering,3,,1,2-3
tiktok,working_professional,pass_exam,ielts,positive_interaction,4,19.0,0,4-5
tiktok,student_y3_y4,career_advancement,backend_nodejs,positive_interaction,2,37.0,1,2-3
facebook,student_y1_y2,study_abroad,ielts,not_answering,6,41.0,0,6+
tiktok,student_y1_y2,hobby,ielts,busy_call_back,5,2.0,0,4-5
referral,working_professional,career_advancement,toeic,not_answering,3,5.0,1,2-3
facebook,working_professional,career_advancement,frontend,interested_need_time,1,18.0,0,1
facebook,student_y3_y4,pass_exam,toeic,interested_need_time,1,10.0,1,1
facebook,working_professional,career_advancement,communication_english,not_answering,3,13.0,0,2-3
facebook,student_y1_y2,hobby,toeic,positive_interaction,5,2.0,0,4-5
tiktok,student_y3_y4,pass_exam,toeic,busy_call_back,3,9.0,0,2-3
google_ads,parent_enrolling,hobby,kids_english,positive_interaction,1,9.0,1,1
google_ads,student_y3_y4,study_abroad,ielts,interested_need_time,1,3.0,1,1
facebook,student_y1_y2,hobby,communication_english,busy_call_back,2,4.0,1,2-3
facebook,student_y3_y4,career_advancement,toeic,not_answering,3,4.0,0,2-3
facebook,student_y3_y4,hobby,communication_english,not_answering,3,4.0,0,2-3
website_organic,working_professional,career_advancement,ielts,positive_interaction,1,3.0,1,1
google_ads,parent_enrolling,hobby,kids_english,interested_need_time,3,2.0,0,2-3
facebook,working_professional,company_training,toeic,not_answering,5,14.0,0,4-5
tiktok,working_professional,career_advancement,communication_english,rejected,2,4.0,0,2-3
facebook,student_y3_y4,study_abroad,ielts,positive_interaction,1,28.0,1,1
facebook,working_professional,career_advancement,ielts,not_answering,3,6.0,0,2-3
facebook,student_y3_y4,pass_exam,ielts,not_answering,6,45.0,0,6+
other,student_y1_y2,pass_exam,toeic,interested_need_time,1,4.0,1,1
tiktok,unemployed,career_advancement,frontend,not_answering,1,3.0,0,1
google_ads,student_y3_y4,study_abroad,ielts,rejected,3,16.0,1,2-3
facebook,student_y3_y4,study_abroad,ielts,interested_need_time,2,22.0,1,2-3
facebook,student_y1_y2,pass_exam,toeic,not_answering,5,5.0,0,4-5
google_ads,unemployed,career_advancement,communication_english,busy_call_back,4,3.0,0,4-5
facebook,student_y1_y2,pass_exam,communication_english,not_answering,1,,1,1
referral,student_y3_y4,study_abroad,communication_english,busy_call_back,5,13.0,0,4-5
tiktok,unemployed,hobby,frontend,not_answering,3,13.0,0,2-3
google_ads,student_y3_y4,pass_exam,toeic,positive_interaction,3,3.0,1,2-3
tiktok,parent_enrolling,study_abroad,kids_english,positive_interaction,2,24.0,1,2-3
referral,student_y1_y2,pass_exam,backend_nodejs,rejected,3,9.0,0,2-3
google_ads,working_professional,career_advancement,communication_english,not_answering,5,,0,4-5
google_ads,parent_enrolling,hobby,kids_english,busy_call_back,1,7.0,0,1
referral,student_y3_y4,pass_exam,toeic,positive_interaction,2,1.0,1,2-3
facebook,working_professional,career_advancement,ielts,busy_call_back,6,20.0,0,6+
website_organic,student_y3_y4,study_abroad,ielts,busy_call_back,2,4.0,1,2-3
facebook,working_professional,career_advancement,toeic,rejected,1,10.0,0,1
google_ads,parent_enrolling,study_abroad,kids_english,positive_interaction,1,5.0,1,1
tiktok,working_professional,career_advancement,data_analysis,wrong_number,4,33.0,0,4-5
google_ads,parent_enrolling,hobby,communication_english,busy_call_back,4,0.0,0,4-5
google_ads,working_professional,hobby,data_analysis,interested_need_time,1,4.0,0,1
google_ads,working_professional,company_training,ielts,busy_call_back,2,11.0,0,2-3
facebook,student_y3_y4,pass_exam,toeic,busy_call_back,3,6.0,1,2-3
facebook,working_professional,career_advancement,ielts,not_answering,4,8.0,0,4-5
facebook,unemployed,study_abroad,data_analysis,positive_interaction,1,0.0,1,1
google_ads,working_professional,career_advancement,ielts,busy_call_back,3,18.0,0,2-3
google_ads,student_y1_y2,pass_exam,toeic,interested_need_time,3,1.0,1,2-3
facebook,student_y3_y4,study_abroad,communication_english,wrong_number,1,9.0,0,1
website_organic,working_professional,hobby,toeic,positive_interaction,2,7.0,1,2-3
facebook,parent_enrolling,pass_exam,kids_english,not_answering,6,3.0,0,6+
google_ads,student_y1_y2,pass_exam,ielts,interested_need_time,5,3.0,1,4-5
google_ads,student_y1_y2,pass_exam,toeic,busy_call_back,2,,0,2-3
facebook,student_y3_y4,study_abroad,communication_english,not_answering,5,4.0,1,4-5
tiktok,student_y1_y2,hobby,toeic,not_answering,3,30.0,0,2-3
google_ads,parent_enrolling,pass_exam,communication_english,interested_need_time,8,4.0,1,6+
facebook,student_y3_y4,study_abroad,ielts,positive_interaction,7,13.0,1,6+
referral,student_y3_y4,pass_exam,backend_nodejs,rejected,3,0.0,1,2-3
website_organic,,career_advancement,toeic,busy_call_back,3,2.0,0,2-3
tiktok,student_y3_y4,pass_exam,toeic,busy_call_back,1,33.0,1,1
website_organic,parent_enrolling,pass_exam,kids_english,not_answering,3,3.0,0,2-3
referral,student_y3_y4,pass_exam,toeic,rejected,2,5.0,0,2-3
facebook,student_y1_y2,pass_exam,toeic,positive_interaction,3,22.0,0,2-3
google_ads,student_y1_y2,study_abroad,communication_english,rejected,1,24.0,0,1
google_ads,parent_enrolling,pass_exam,ielts,busy_call_back,5,,0,4-5
facebook,parent_enrolling,hobby,communication_english,not_answering,7,5.0,0,6+
facebook,student_y1_y2,pass_exam,toeic,interested_need_time,2,1.0,1,2-3
facebook,working_professional,company_training,communication_english,busy_call_back,3,3.0,1,2-3
tiktok,student_y1_y2,pass_exam,toeic,busy_call_back,5,3.0,0,4-5
tiktok,working_professional,company_training,frontend,not_answering,3,12.0,1,2-3
tiktok,student_y1_y2,pass_exam,frontend,not_answering,6,2.0,0,6+
facebook,unemployed,hobby,communication_english,busy_call_back,3,0.0,0,2-3
facebook,parent_enrolling,pass_exam,kids_english,rejected,2,1.0,0,2-3
google_ads,student_y1_y2,hobby,communication_english,positive_interaction,3,19.0,0,2-3
google_ads,student_y3_y4,study_abroad,communication_english,positive_interaction,3,3.0,1,2-3
referral,student_y1_y2,pass_exam,frontend,not_answering,2,4.0,0,2-3
website_organic,student_y3_y4,hobby,communication_english,positive_interaction,4,15.0,0,4-5
referral,student_y1_y2,study_abroad,ielts,busy_call_back,3,3.0,1,2-3
website_organic,student_y3_y4,pass_exam,toeic,not_answering,2,4.0,0,2-3
referral,parent_enrolling,study_abroad,kids_english,busy_call_back,2,1.0,0,2-3
google_ads,student_y1_y2,hobby,toeic,not_answering,2,10.0,0,2-3
facebook,unemployed,career_advancement,communication_english,wrong_number,2,27.0,0,2-3
facebook,student_y1_y2,hobby,communication_english,positive_interaction,3,6.0,1,2-3
facebook,student_y3_y4,study_abroad,ielts,not_answering,2,23.0,0,2-3
facebook,student_y3_y4,study_abroad,ielts,interested_need_time,5,2.0,1,4-5
facebook,parent_enrolling,pass_exam,kids_english,busy_call_back,6,8.0,0,6+
referral,student_y1_y2,pass_exam,communication_english,not_answering,3,13.0,0,2-3
facebook,student_y1_y2,pass_exam,communication_english,interested_need_time,4,8.0,1,4-5
referral,working_professional,career_advancement,data_analysis,positive_interaction,6,9.0,1,6+
tiktok,working_professional,pass_exam,toeic,positive_interaction,1,10.0,1,1
google_ads,working_professional,company_training,communication_english,not_answering,1,4.0,0,1
tiktok,student_y1_y2,career_advancement,communication_english,interested_need_time,1,3.0,0,1
facebook,student_y3_y4,pass_exam,toeic,not_answering,2,12.0,0,2-3
google_ads,unemployed,hobby,backend_nodejs,not_answering,2,1.0,0,2-3
facebook,working_professional,company_training,toeic,not_answering,3,6.0,0,2-3
referral,working_professional,company_training,data_analysis,not_answering,3,0.0,1,2-3
facebook,student_y3_y4,pass_exam,communication_english,busy_call_back,1,6.0,1,1
facebook,student_y3_y4,study_abroad,communication_english,busy_call_back,2,3.0,1,2-3
tiktok,parent_enrolling,pass_exam,kids_english,positive_interaction,1,7.0,0,1
tiktok,working_professional,pass_exam,frontend,busy_call_back,3,4.0,0,2-3
google_ads,student_y1_y2,pass_exam,frontend,not_answering,2,13.0,0,2-3
google_ads,parent_enrolling,pass_exam,ielts,rejected,1,3.0,0,1
facebook,working_professional,career_advancement,toeic,wrong_number,1,10.0,0,1
tiktok,student_y3_y4,hobby,toeic,not_answering,4,20.0,0,4-5
facebook,student_y3_y4,career_advancement,toeic,busy_call_back,2,3.0,0,2-3
facebook,working_professional,career_advancement,ielts,not_answering,4,16.0,0,4-5
facebook,student_y3_y4,study_abroad,communication_english,rejected,5,30.0,0,4-5
facebook,,hobby,communication_english,busy_call_back,3,0.0,0,2-3
facebook,working_professional,career_advancement,toeic,not_answering,1,4.0,0,1
google_ads,student_y1_y2,study_abroad,ielts,positive_interaction,3,28.0,0,2-3
facebook,parent_enrolling,pass_exam,ielts,positive_interaction,1,37.0,0,1
facebook,student_y3_y4,pass_exam,communication_english,not_answering,5,7.0,1,4-5
google_ads,student_y3_y4,study_abroad,ielts,busy_call_back,4,0.0,0,4-5
facebook,working_professional,career_advancement,communication_english,busy_call_back,2,2.0,1,2-3
tiktok,working_professional,company_training,communication_english,not_answering,2,23.0,0,2-3
referral,student_y3_y4,career_advancement,ielts,not_answering,4,34.0,0,4-5
google_ads,working_professional,career_advancement,frontend,positive_interaction,3,0.0,1,2-3
referral,parent_enrolling,hobby,kids_english,positive_interaction,1,1.0,1,1
facebook,unemployed,study_abroad,communication_english,positive_interaction,4,14.0,1,4-5
facebook,,hobby,communication_english,positive_interaction,2,0.0,0,2-3
tiktok,student_y3_y4,career_advancement,ielts,interested_need_time,5,21.0,0,4-5
tiktok,student_y3_y4,hobby,backend_nodejs,busy_call_back,5,6.0,1,4-5
website_organic,working_professional,career_advancement,data_analysis,positive_interaction,2,1.0,1,2-3
facebook,student_y1_y2,pass_exam,toeic,not_answering,2,22.0,1,2-3
tiktok,working_professional,career_advancement,ielts,not_answering,2,17.0,0,2-3
facebook,student_y3_y4,study_abroad,ielts,not_answering,5,2.0,0,4-5
facebook,student_y3_y4,hobby,ielts,positive_interaction,1,6.0,0,1
facebook,student_y3_y4,pass_exam,toeic,interested_need_time,2,7.0,1,2-3
other,student_y3_y4,career_advancement,communication_english,busy_call_back,4,6.0,1,4-5
facebook,student_y3_y4,study_abroad,ielts,busy_call_back,1,10.0,0,1
website_organic,working_professional,career_advancement,data_analysis,positive_interaction,1,11.0,1,1
google_ads,working_professional,career_advancement,communication_english,not_answering,4,9.0,0,4-5
tiktok,student_y3_y4,pass_exam,communication_english,busy_call_back,3,31.0,0,2-3
tiktok,student_y1_y2,study_abroad,ielts,positive_interaction,3,4.0,0,2-3
website_organic,unemployed,career_advancement,toeic,positive_interaction,2,3.0,1,2-3
facebook,student_y1_y2,pass_exam,toeic,busy_call_back,3,0.0,0,2-3
facebook,student_y3_y4,pass_exam,communication_english,not_answering,3,2.0,0,2-3
google_ads,student_y3_y4,study_abroad,ielts,rejected,2,4.0,0,2-3
facebook,working_professional,hobby,data_analysis,busy_call_back,7,33.0,0,6+
facebook,unemployed,hobby,frontend,wrong_number,1,13.0,0,1
facebook,working_professional,pass_exam,ielts,positive_interaction,2,0.0,0,2-3
facebook,parent_enrolling,hobby,kids_english,wrong_number,5,10.0,1,4-5
facebook,unemployed,study_abroad,toeic,not_answering,2,,0,2-3
facebook,student_y1_y2,pass_exam,backend_nodejs,busy_call_back,6,27.0,0,6+
referral,student_y1_y2,career_advancement,communication_english,not_answering,2,7.0,0,2-3
facebook,student_y3_y4,study_abroad,ielts,not_answering,1,8.0,1,1
other,student_y3_y4,career_advancement,communication_english,not_answering,1,0.0,1,1
referral,working_professional,career_advancement,data_analysis,busy_call_back,2,4.0,1,2-3
facebook,student_y1_y2,pass_exam,toeic,busy_call_back,6,7.0,0,6+
tiktok,student_y1_y2,study_abroad,communication_english,interested_need_time,6,0.0,0,6+
google_ads,student_y3_y4,pass_exam,toeic,busy_call_back,3,15.0,1,2-3
tiktok,working_professional,career_advancement,data_analysis,not_answering,1,18.0,1,1
facebook,working_professional,pass_exam,data_analysis,busy_call_back,3,8.0,1,2-3
facebook,parent_enrolling,hobby,kids_english,positive_interaction,2,0.0,1,2-3
facebook,student_y1_y2,pass_exam,ielts,not_answering,2,0.0,0,2-3
google_ads,student_y3_y4,study_abroad,ielts,positive_interaction,1,8.0,1,1
other,parent_enrolling,study_abroad,kids_english,busy_call_back,2,7.0,0,2-3
tiktok,working_professional,career_advancement,communication_english,interested_need_time,2,16.0,1,2-3
tiktok,working_professional,company_training,communication_english,positive_interaction,4,7.0,1,4-5
other,student_y3_y4,study_abroad,communication_english,interested_need_time,2,,1,2-3
tiktok,student_y1_y2,hobby,toeic,interested_need_time,1,15.0,0,1
facebook,unemployed,career_advancement,frontend,rejected,1,0.0,0,1
website_organic,working_professional,career_advancement,frontend,not_answering,4,16.0,0,4-5
facebook,working_professional,company_training,toeic,busy_call_back,4,3.0,0,4-5
facebook,student_y3_y4,career_advancement,toeic,rejected,1,3.0,0,1
google_ads,student_y3_y4,study_abroad,toeic,positive_interaction,5,13.0,1,4-5
referral,student_y3_y4,pass_exam,toeic,interested_need_time,4,2.0,0,4-5
facebook,working_professional,hobby,toeic,not_answering,1,1.0,0,1
google_ads,student_y3_y4,pass_exam,toeic,busy_call_back,2,17.0,0,2-3
facebook,student_y1_y2,study_abroad,ielts,wrong_number,7,17.0,0,6+
facebook,student_y3_y4,study_abroad,ielts,positive_interaction,2,3.0,1,2-3
facebook,parent_enrolling,pass_exam,kids_english,not_answering,2,6.0,0,2-3
tiktok,student_y3_y4,hobby,communication_english,not_answering,3,4.0,0,2-3
website_organic,student_y3_y4,study_abroad,communication_english,positive_interaction,2,5.0,1,2-3
facebook,working_professional,career_advancement,toeic,interested_need_time,4,8.0,1,4-5
facebook,unemployed,career_advancement,communication_english,rejected,4,9.0,0,4-5
facebook,working_professional,pass_exam,toeic,busy_call_back,5,16.0,1,4-5
facebook,unemployed,study_abroad,communication_english,busy_call_back,3,1.0,1,2-3
google_ads,student_y1_y2,study_abroad,ielts,not_answering,4,12.0,1,4-5
tiktok,parent_enrolling,pass_exam,kids_english,busy_call_back,2,21.0,0,2-3
google_ads,parent_enrolling,study_abroad,kids_english,busy_call_back,5,8.0,0,4-5
facebook,student_y3_y4,career_advancement,frontend,not_answering,1,2.0,1,1
google_ads,working_professional,career_advancement,ielts,busy_call_back,2,,0,2-3
facebook,student_y1_y2,pass_exam,toeic,not_answering,8,,0,6+
facebook,student_y3_y4,study_abroad,ielts,positive_interaction,7,1.0,1,6+
referral,student_y1_y2,study_abroad,ielts,not_answering,3,14.0,0,2-3
tiktok,student_y1_y2,hobby,toeic,busy_call_back,3,15.0,0,2-3
referral,parent_enrolling,hobby,kids_english,positive_interaction,1,12.0,1,1
referral,student_y3_y4,study_abroad,ielts,not_answering,4,8.0,0,4-5
google_ads,working_professional,career_advancement,toeic,interested_need_time,1,13.0,1,1
referral,student_y3_y4,career_advancement,toeic,positive_interaction,2,21.0,1,2-3
google_ads,student_y3_y4,pass_exam,communication_english,interested_need_time,2,9.0,0,2-3
facebook,student_y3_y4,study_abroad,toeic,busy_call_back,5,36.0,0,4-5
facebook,student_y3_y4,study_abroad,communication_english,positive_interaction,7,4.0,1,6+
facebook,working_professional,career_advancement,data_analysis,rejected,7,19.0,0,6+
facebook,parent_enrolling,pass_exam,kids_english,positive_interaction,4,17.0,1,4-5
facebook,student_y3_y4,hobby,communication_english,busy_call_back,2,16.0,0,2-3
tiktok,parent_enrolling,study_abroad,kids_english,interested_need_time,1,9.0,1,1
tiktok,working_professional,company_training,communication_english,interested_need_time,2,10.0,0,2-3
google_ads,working_professional,career_advancement,communication_english,busy_call_back,2,0.0,1,2-3
facebook,student_y1_y2,pass_exam,toeic,busy_call_back,4,7.0,0,4-5
tiktok,student_y1_y2,career_advancement,toeic,positive_interaction,2,4.0,1,2-3
facebook,unemployed,study_abroad,toeic,busy_call_back,5,8.0,0,4-5
facebook,working_professional,career_advancement,data_analysis,wrong_number,2,0.0,0,2-3
facebook,student_y3_y4,study_abroad,toeic,rejected,2,0.0,0,2-3
facebook,unemployed,career_advancement,communication_english,busy_call_back,4,9.0,0,4-5
facebook,student_y3_y4,pass_exam,frontend,not_answering,3,9.0,0,2-3
website_organic,working_professional,career_advancement,frontend,rejected,2,10.0,1,2-3
tiktok,student_y3_y4,pass_exam,communication_english,not_answering,4,2.0,0,4-5
tiktok,parent_enrolling,pass_exam,kids_english,positive_interaction,3,18.0,1,2-3
facebook,student_y3_y4,pass_exam,toeic,not_answering,1,3.0,0,1
website_organic,student_y1_y2,career_advancement,communication_english,not_answering,3,24.0,0,2-3
tiktok,working_professional,career_advancement,toeic,not_answering,6,6.0,1,6+
facebook,student_y1_y2,pass_exam,communication_english,not_answering,2,4.0,0,2-3
google_ads,parent_enrolling,hobby,ielts,rejected,2,12.0,0,2-3
google_ads,working_professional,hobby,toeic,not_answering,2,6.0,1,2-3
google_ads,,pass_exam,ielts,not_answering,3,9.0,0,2-3
facebook,student_y1_y2,pass_exam,toeic,positive_interaction,7,45.0,0,6+
google_ads,parent_enrolling,pass_exam,kids_english,rejected,2,20.0,0,2-3
facebook,working_professional,company_training,ielts,busy_call_back,5,0.0,1,4-5
facebook,unemployed,career_advancement,communication_english,positive_interaction,5,0.0,0,4-5
facebook,student_y1_y2,pass_exam,communication_english,not_answering,2,13.0,0,2-3
referral,parent_enrolling,pass_exam,communication_english,positive_interaction,4,32.0,1,4-5
facebook,student_y3_y4,study_abroad,communication_english,positive_interaction,8,5.0,1,6+
facebook,working_professional,hobby,toeic,wrong_number,7,1.0,0,6+
facebook,student_y3_y4,career_advancement,toeic,interested_need_time,3,14.0,1,2-3
website_organic,student_y1_y2,career_advancement,ielts,rejected,1,1.0,0,1
google_ads,parent_enrolling,study_abroad,kids_english,busy_call_back,1,2.0,1,1
referral,parent_enrolling,hobby,communication_english,positive_interaction,2,1.0,1,2-3
facebook,student_y3_y4,study_abroad,toeic,positive_interaction,3,5.0,1,2-3
facebook,parent_enrolling,study_abroad,kids_english,not_answering,2,0.0,0,2-3
google_ads,student_y1_y2,study_abroad,ielts,rejected,4,,0,4-5
facebook,student_y1_y2,study_abroad,communication_english,positive_interaction,4,1.0,0,4-5
website_organic,student_y1_y2,pass_exam,toeic,wrong_number,1,12.0,0,1
website_organic,student_y3_y4,career_advancement,communication_english,busy_call_back,6,19.0,1,6+
google_ads,student_y1_y2,hobby,toeic,positive_interaction,1,13.0,0,1
referral,student_y3_y4,career_advancement,toeic,busy_call_back,2,15.0,1,2-3
google_ads,student_y1_y2,pass_exam,communication_english,rejected,5,0.0,0,4-5
facebook,working_professional,career_advancement,data_analysis,not_answering,1,4.0,0,1
google_ads,unemployed,career_advancement,communication_english,interested_need_time,2,10.0,1,2-3
facebook,working_professional,career_advancement,communication_english,not_answering,7,0.0,0,6+
website_organic,student_y1_y2,pass_exam,toeic,positive_interaction,6,0.0,0,6+
facebook,working_professional,career_advancement,data_analysis,busy_call_back,5,0.0,1,4-5
facebook,student_y1_y2,pass_exam,communication_english,wrong_number,1,12.0,0,1
google_ads,working_professional,career_advancement,data_analysis,wrong_number,2,10.0,0,2-3
facebook,working_professional,career_advancement,data_analysis,busy_call_back,2,22.0,0,2-3
facebook,student_y3_y4,hobby,toeic,positive_interaction,1,17.0,1,1
tiktok,student_y1_y2,career_advancement,toeic,positive_interaction,7,0.0,0,6+
facebook,unemployed,career_advancement,frontend,busy_call_back,1,11.0,1,1
google_ads,parent_enrolling,pass_exam,kids_english,busy_call_back,4,,0,4-5
facebook,working_professional,career_advancement,communication_english,not_answering,1,10.0,1,1
facebook,parent_enrolling,study_abroad,kids_english,not_answering,3,6.0,0,2-3
facebook,parent_enrolling,hobby,ielts,interested_need_time,1,3.0,0,1
tiktok,student_y1_y2,pass_exam,toeic,interested_need_time,1,3.0,0,1
referral,working_professional,career_advancement,frontend,busy_call_back,2,13.0,1,2-3
facebook,student_y3_y4,pass_exam,toeic,rejected,6,,0,6+
referral,student_y3_y4,hobby,toeic,not_answering,3,4.0,1,2-3
google_ads,student_y1_y2,pass_exam,ielts,wrong_number,4,9.0,0,4-5
google_ads,parent_enrolling,hobby,kids_english,positive_interaction,2,0.0,1,2-3
tiktok,working_professional,career_advancement,toeic,positive_interaction,4,15.0,0,4-5
tiktok,student_y3_y4,pass_exam,toeic,interested_need_time,4,1.0,0,4-5
website_organic,,pass_exam,communication_english,not_answering,3,4.0,1,2-3
google_ads,student_y3_y4,career_advancement,backend_nodejs,wrong_number,4,8.0,0,4-5
google_ads,working_professional,hobby,communication_english,positive_interaction,5,13.0,0,4-5
facebook,parent_enrolling,pass_exam,kids_english,positive_interaction,7,12.0,0,6+
facebook,student_y3_y4,pass_exam,toeic,not_answering,8,16.0,0,6+
tiktok,student_y3_y4,career_advancement,toeic,interested_need_time,3,9.0,1,2-3
facebook,working_professional,career_advancement,data_analysis,busy_call_back,1,7.0,1,1
facebook,student_y3_y4,hobby,communication_english,interested_need_time,2,18.0,0,2-3
facebook,student_y3_y4,pass_exam,communication_english,positive_interaction,1,25.0,0,1
facebook,student_y1_y2,hobby,toeic,not_answering,2,20.0,0,2-3
google_ads,student_y1_y2,study_abroad,communication_english,not_answering,2,3.0,0,2-3
google_ads,student_y3_y4,career_advancement,toeic,not_answering,4,0.0,1,4-5
google_ads,parent_enrolling,hobby,kids_english,not_answering,3,7.0,0,2-3
facebook,student_y3_y4,pass_exam,toeic,not_answering,3,12.0,0,2-3
google_ads,student_y1_y2,study_abroad,ielts,not_answering,7,15.0,0,6+
facebook,working_professional,company_training,frontend,busy_call_back,1,1.0,1,1
tiktok,parent_enrolling,pass_exam,ielts,positive_interaction,1,0.0,1,1
google_ads,student_y3_y4,hobby,toeic,positive_interaction,4,3.0,1,4-5
google_ads,student_y1_y2,career_advancement,backend_nodejs,busy_call_back,3,4.0,1,2-3
google_ads,working_professional,company_training,data_analysis,not_answering,3,4.0,0,2-3
referral,student_y3_y4,hobby,communication_english,positive_interaction,5,2.0,1,4-5
tiktok,working_professional,career_advancement,communication_english,busy_call_back,1,0.0,1,1
google_ads,student_y3_y4,study_abroad,ielts,not_answering,3,12.0,0,2-3
google_ads,student_y1_y2,pass_exam,toeic,busy_call_back,6,24.0,0,6+
facebook,student_y3_y4,career_advancement,communication_english,rejected,2,0.0,0,2-3
referral,working_professional,career_advancement,communication_english,busy_call_back,3,5.0,1,2-3
facebook,student_y3_y4,pass_exam,toeic,rejected,1,22.0,0,1
facebook,student_y1_y2,study_abroad,ielts,not_answering,2,13.0,0,2-3
other,student_y3_y4,hobby,toeic,not_answering,1,2.0,0,1
tiktok,working_professional,career_advancement,frontend,not_answering,3,11.0,1,2-3
facebook,student_y1_y2,pass_exam,toeic,positive_interaction,3,4.0,1,2-3
facebook,working_professional,career_advancement,data_analysis,interested_need_time,7,3.0,0,6+
facebook,working_professional,career_advancement,frontend,interested_need_time,3,9.0,0,2-3
google_ads,student_y3_y4,study_abroad,communication_english,rejected,1,5.0,0,1
facebook,parent_enrolling,study_abroad,kids_english,interested_need_time,5,2.0,0,4-5
referral,unemployed,hobby,frontend,not_answering,2,3.0,0,2-3
referral,student_y3_y4,study_abroad,communication_english,positive_interaction,4,9.0,1,4-5
google_ads,student_y1_y2,pass_exam,communication_english,not_answering,2,,0,2-3
google_ads,student_y3_y4,pass_exam,communication_english,interested_need_time,4,1.0,0,4-5
facebook,student_y1_y2,pass_exam,toeic,wrong_number,6,18.0,0,6+
facebook,student_y3_y4,pass_exam,toeic,busy_call_back,1,13.0,0,1
tiktok,parent_enrolling,pass_exam,kids_english,busy_call_back,3,3.0,1,2-3
facebook,unemployed,hobby,frontend,interested_need_time,3,13.0,0,2-3
facebook,student_y3_y4,hobby,ielts,not_answering,2,1.0,0,2-3
facebook,student_y3_y4,pass_exam,toeic,busy_call_back,2,31.0,0,2-3
facebook,student_y1_y2,study_abroad,ielts,interested_need_time,4,21.0,0,4-5
google_ads,student_y3_y4,study_abroad,communication_english,not_answering,2,3.0,1,2-3
tiktok,student_y1_y2,study_abroad,ielts,not_answering,1,0.0,0,1
website_organic,parent_enrolling,hobby,kids_english,interested_need_time,4,2.0,1,4-5
google_ads,,study_abroad,toeic,busy_call_back,3,19.0,0,2-3
website_organic,student_y1_y2,pass_exam,communication_english,busy_call_back,2,5.0,0,2-3
google_ads,working_professional,hobby,toeic,rejected,7,2.0,0,6+
website_organic,working_professional,career_advancement,data_analysis,not_answering,5,9.0,0,4-5
google_ads,unemployed,career_advancement,communication_english,not_answering,7,8.0,0,6+
facebook,student_y3_y4,study_abroad,ielts,wrong_number,3,10.0,0,2-3
referral,student_y1_y2,pass_exam,backend_nodejs,not_answering,2,35.0,1,2-3
facebook,working_professional,career_advancement,data_analysis,rejected,1,26.0,0,1
facebook,,study_abroad,ielts,positive_interaction,6,16.0,1,6+
facebook,working_professional,company_training,data_analysis,interested_need_time,5,12.0,0,4-5
facebook,student_y1_y2,study_abroad,ielts,not_answering,4,4.0,0,4-5
facebook,working_professional,pass_exam,ielts,busy_call_back,3,10.0,0,2-3
google_ads,unemployed,career_advancement,communication_english,positive_interaction,2,31.0,1,2-3
website_organic,student_y1_y2,study_abroad,toeic,not_answering,4,1.0,1,4-5
facebook,student_y3_y4,career_advancement,toeic,positive_interaction,1,9.0,1,1
google_ads,working_professional,hobby,toeic,positive_interaction,3,8.0,0,2-3
facebook,student_y1_y2,pass_exam,communication_english,positive_interaction,4,2.0,1,4-5
website_organic,working_professional,career_advancement,data_analysis,not_answering,4,2.0,0,4-5
facebook,working_professional,career_advancement,data_analysis,positive_interaction,3,8.0,1,2-3
facebook,student_y3_y4,hobby,toeic,positive_interaction,4,0.0,1,4-5
google_ads,unemployed,hobby,backend_nodejs,not_answering,1,,0,1
tiktok,student_y3_y4,pass_exam,communication_english,wrong_number,2,4.0,0,2-3
tiktok,working_professional,career_advancement,communication_english,not_answering,1,1.0,1,1
google_ads,student_y1_y2,hobby,toeic,rejected,2,12.0,0,2-3
tiktok,student_y1_y2,pass_exam,toeic,not_answering,2,0.0,1,2-3
facebook,student_y1_y2,career_advancement,frontend,not_answering,2,11.0,0,2-3
facebook,parent_enrolling,pass_exam,kids_english,positive_interaction,3,0.0,0,2-3
facebook,unemployed,career_advancement,backend_nodejs,not_answering,2,21.0,0,2-3
facebook,unemployed,career_advancement,frontend,not_answering,3,17.0,0,2-3
facebook,student_y1_y2,pass_exam,toeic,not_answering,4,2.0,1,4-5
google_ads,student_y3_y4,study_abroad,ielts,positive_interaction,1,0.0,1,1
facebook,working_professional,career_advancement,toeic,not_answering,2,9.0,0,2-3
google_ads,working_professional,career_advancement,data_analysis,interested_need_time,1,0.0,1,1
google_ads,student_y1_y2,pass_exam,toeic,interested_need_time,1,27.0,0,1
tiktok,unemployed,hobby,communication_english,interested_need_time,3,11.0,0,2-3
tiktok,student_y1_y2,study_abroad,ielts,busy_call_back,5,3.0,0,4-5
facebook,student_y1_y2,pass_exam,communication_english,not_answering,2,28.0,0,2-3
facebook,parent_enrolling,pass_exam,kids_english,rejected,2,8.0,0,2-3
google_ads,student_y3_y4,career_advancement,toeic,positive_interaction,2,31.0,1,2-3
google_ads,,hobby,toeic,rejected,1,,0,1
facebook,working_professional,hobby,frontend,positive_interaction,5,6.0,0,4-5
facebook,parent_enrolling,pass_exam,kids_english,positive_interaction,3,3.0,1,2-3
tiktok,student_y1_y2,study_abroad,ielts,rejected,4,0.0,0,4-5
google_ads,working_professional,career_advancement,ielts,busy_call_back,5,8.0,0,4-5
facebook,student_y3_y4,career_advancement,backend_nodejs,rejected,3,5.0,1,2-3
google_ads,student_y1_y2,career_advancement,ielts,not_answering,1,2.0,0,1
website_organic,student_y3_y4,career_advancement,communication_english,not_answering,4,,0,4-5
facebook,student_y3_y4,hobby,communication_english,busy_call_back,4,16.0,0,4-5
website_organic,student_y1_y2,pass_exam,communication_english,busy_call_back,2,13.0,0,2-3
facebook,student_y3_y4,pass_exam,frontend,busy_call_back,3,28.0,0,2-3
google_ads,working_professional,company_training,data_analysis,interested_need_time,3,,1,2-3
google_ads,working_professional,career_advancement,data_analysis,interested_need_time,2,5.0,1,2-3
facebook,working_professional,career_advancement,data_analysis,wrong_number,4,5.0,0,4-5
referral,unemployed,hobby,frontend,busy_call_back,2,4.0,0,2-3
google_ads,student_y3_y4,pass_exam,communication_english,busy_call_back,2,7.0,1,2-3
referral,student_y3_y4,study_abroad,communication_english,positive_interaction,2,2.0,1,2-3
facebook,student_y3_y4,hobby,communication_english,interested_need_time,3,0.0,1,2-3
website_organic,working_professional,career_advancement,communication_english,positive_interaction,5,24.0,1,4-5
referral,student_y1_y2,hobby,backend_nodejs,busy_call_back,3,,0,2-3
google_ads,student_y3_y4,pass_exam,communication_english,not_answering,4,0.0,0,4-5
facebook,student_y1_y2,study_abroad,ielts,rejected,2,2.0,1,2-3
tiktok,student_y3_y4,hobby,frontend,not_answering,3,7.0,0,2-3
google_ads,parent_enrolling,hobby,kids_english,positive_interaction,1,4.0,1,1
referral,working_professional,career_advancement,frontend,busy_call_back,3,5.0,1,2-3
google_ads,student_y3_y4,study_abroad,ielts,busy_call_back,4,0.0,0,4-5
facebook,working_professional,career_advancement,communication_english,positive_interaction,1,5.0,1,1
facebook,working_professional,company_training,frontend,busy_call_back,6,8.0,0,6+
tiktok,student_y3_y4,pass_exam,toeic,not_answering,2,9.0,0,2-3
referral,student_y3_y4,study_abroad,ielts,positive_interaction,4,11.0,1,4-5
facebook,working_professional,career_advancement,communication_english,not_answering,3,5.0,0,2-3
tiktok,student_y1_y2,career_advancement,toeic,not_answering,4,9.0,0,4-5
referral,student_y3_y4,study_abroad,ielts,interested_need_time,3,23.0,1,2-3
facebook,student_y3_y4,study_abroad,ielts,busy_call_back,1,15.0,1,1
facebook,working_professional,company_training,data_analysis,interested_need_time,6,6.0,0,6+
tiktok,parent_enrolling,study_abroad,kids_english,busy_call_back,4,0.0,1,4-5
google_ads,working_professional,career_advancement,toeic,busy_call_back,3,3.0,1,2-3
facebook,student_y3_y4,study_abroad,ielts,busy_call_back,4,32.0,0,4-5
website_organic,student_y1_y2,pass_exam,communication_english,wrong_number,2,6.0,0,2-3
google_ads,working_professional,career_advancement,ielts,not_answering,4,3.0,0,4-5
referral,unemployed,hobby,communication_english,rejected,2,1.0,0,2-3
website_organic,parent_enrolling,study_abroad,kids_english,busy_call_back,5,7.0,0,4-5
website_organic,unemployed,study_abroad,toeic,busy_call_back,2,10.0,1,2-3
google_ads,student_y1_y2,career_advancement,communication_english,positive_interaction,4,13.0,0,4-5
facebook,working_professional,pass_exam,data_analysis,busy_call_back,6,6.0,0,6+
google_ads,unemployed,study_abroad,communication_english,interested_need_time,8,10.0,0,6+
facebook,working_professional,pass_exam,data_analysis,rejected,4,3.0,0,4-5
tiktok,working_professional,career_advancement,ielts,positive_interaction,4,2.0,1,4-5
facebook,student_y3_y4,study_abroad,toeic,interested_need_time,3,8.0,1,2-3
google_ads,working_professional,career_advancement,data_analysis,positive_interaction,1,3.0,1,1
facebook,student_y3_y4,career_advancement,toeic,busy_call_back,3,2.0,0,2-3
facebook,student_y1_y2,career_advancement,communication_english,positive_interaction,3,4.0,1,2-3
facebook,unemployed,career_advancement,backend_nodejs,not_answering,1,16.0,0,1
google_ads,parent_enrolling,pass_exam,ielts,not_answering,4,1.0,0,4-5
tiktok,unemployed,study_abroad,frontend,interested_need_time,1,9.0,0,1
facebook,student_y3_y4,study_abroad,ielts,not_answering,3,9.0,1,2-3
website_organic,student_y1_y2,pass_exam,ielts,positive_interaction,3,4.0,1,2-3
website_organic,student_y3_y4,pass_exam,toeic,not_answering,5,9.0,1,4-5
facebook,unemployed,career_advancement,backend_nodejs,not_answering,2,4.0,0,2-3
tiktok,working_professional,hobby,communication_english,positive_interaction,1,1.0,1,1
google_ads,parent_enrolling,pass_exam,kids_english,interested_need_time,3,22.0,0,2-3
facebook,student_y3_y4,pass_exam,toeic,rejected,3,0.0,0,2-3
google_ads,working_professional,company_training,data_analysis,not_answering,1,9.0,0,1
facebook,working_professional,career_advancement,data_analysis,not_answering,3,1.0,0,2-3
website_organic,student_y1_y2,career_advancement,toeic,not_answering,6,3.0,1,6+
referral,parent_enrolling,pass_exam,kids_english,busy_call_back,4,2.0,1,4-5
website_organic,working_professional,career_advancement,frontend,not_answering,2,15.0,0,2-3
google_ads,student_y1_y2,career_advancement,ielts,positive_interaction,2,3.0,1,2-3
google_ads,student_y1_y2,pass_exam,toeic,not_answering,3,0.0,0,2-3
other,unemployed,study_abroad,frontend,rejected,4,,0,4-5
facebook,working_professional,career_advancement,data_analysis,interested_need_time,7,6.0,0,6+
facebook,working_professional,career_advancement,data_analysis,positive_interaction,1,8.0,1,1
google_ads,working_professional,pass_exam,data_analysis,not_answering,3,3.0,1,2-3
facebook,student_y3_y4,study_abroad,toeic,not_answering,8,3.0,0,6+
facebook,working_professional,company_training,communication_english,busy_call_back,1,,1,1
facebook,parent_enrolling,study_abroad,kids_english,interested_need_time,7,,1,6+
google_ads,student_y1_y2,pass_exam,communication_english,interested_need_time,3,1.0,1,2-3
facebook,working_professional,career_advancement,communication_english,busy_call_back,4,24.0,0,4-5
facebook,student_y3_y4,study_abroad,ielts,not_answering,2,7.0,1,2-3
facebook,student_y3_y4,study_abroad,ielts,rejected,5,13.0,0,4-5
facebook,student_y3_y4,study_abroad,communication_english,not_answering,6,10.0,0,6+
website_organic,unemployed,career_advancement,backend_nodejs,not_answering,1,2.0,0,1
facebook,student_y1_y2,pass_exam,toeic,busy_call_back,4,18.0,0,4-5
tiktok,student_y3_y4,pass_exam,toeic,busy_call_back,1,3.0,1,1
tiktok,working_professional,career_advancement,data_analysis,busy_call_back,2,9.0,0,2-3
facebook,student_y1_y2,career_advancement,backend_nodejs,interested_need_time,3,2.0,0,2-3
website_organic,working_professional,pass_exam,toeic,interested_need_time,3,10.0,1,2-3
tiktok,parent_enrolling,pass_exam,kids_english,positive_interaction,2,3.0,0,2-3
google_ads,student_y1_y2,study_abroad,communication_english,not_answering,2,11.0,0,2-3
facebook,student_y1_y2,pass_exam,toeic,not_answering,1,,0,1
facebook,parent_enrolling,pass_exam,ielts,positive_interaction,2,2.0,1,2-3
other,student_y1_y2,study_abroad,communication_english,not_answering,1,11.0,1,1
tiktok,student_y1_y2,study_abroad,ielts,busy_call_back,2,9.0,0,2-3
referral,parent_enrolling,pass_exam,kids_english,busy_call_back,5,3.0,0,4-5
referral,unemployed,hobby,frontend,positive_interaction,2,1.0,1,2-3
facebook,working_professional,career_advancement,communication_english,not_answering,6,0.0,0,6+
tiktok,working_professional,career_advancement,communication_english,rejected,2,2.0,0,2-3
google_ads,parent_enrolling,pass_exam,kids_english,busy_call_back,3,10.0,1,2-3
tiktok,working_professional,hobby,data_analysis,rejected,1,20.0,0,1
facebook,working_professional,company_training,ielts,not_answering,1,21.0,0,1
facebook,unemployed,study_abroad,communication_english,positive_interaction,3,10.0,1,2-3
tiktok,working_professional,career_advancement,communication_english,busy_call_back,2,4.0,0,2-3
tiktok,,hobby,toeic,positive_interaction,2,9.0,0,2-3
google_ads,student_y3_y4,pass_exam,communication_english,busy_call_back,2,24.0,1,2-3
facebook,student_y3_y4,study_abroad,ielts,wrong_number,4,1.0,0,4-5
facebook,student_y3_y4,career_advancement,communication_english,positive_interaction,2,11.0,1,2-3
referral,student_y3_y4,hobby,toeic,interested_need_time,1,7.0,1,1
google_ads,student_y3_y4,hobby,communication_english,not_answering,2,1.0,1,2-3
google_ads,unemployed,career_advancement,toeic,not_answering,3,7.0,0,2-3
google_ads,student_y3_y4,hobby,ielts,rejected,8,9.0,0,6+
google_ads,student_y1_y2,hobby,toeic,rejected,1,11.0,0,1
google_ads,student_y3_y4,pass_exam,toeic,not_answering,2,1.0,1,2-3
google_ads,student_y1_y2,hobby,ielts,not_answering,3,8.0,0,2-3
website_organic,working_professional,pass_exam,frontend,not_answering,6,1.0,1,6+
referral,student_y3_y4,study_abroad,ielts,not_answering,1,7.0,1,1
referral,student_y3_y4,pass_exam,toeic,not_answering,4,6.0,0,4-5
google_ads,unemployed,hobby,communication_english,positive_interaction,4,4.0,1,4-5
google_ads,student_y1_y2,hobby,communication_english,not_answering,2,7.0,0,2-3
tiktok,student_y1_y2,pass_exam,ielts,wrong_number,4,1.0,1,4-5
website_organic,unemployed,hobby,backend_nodejs,rejected,3,21.0,0,2-3
google_ads,working_professional,career_advancement,toeic,not_answering,1,0.0,1,1
tiktok,working_professional,career_advancement,data_analysis,busy_call_back,2,2.0,1,2-3
tiktok,unemployed,hobby,toeic,interested_need_time,2,12.0,0,2-3
tiktok,parent_enrolling,hobby,kids_english,not_answering,2,11.0,0,2-3
tiktok,student_y1_y2,hobby,toeic,positive_interaction,4,8.0,0,4-5
facebook,working_professional,career_advancement,data_analysis,interested_need_time,4,3.0,0,4-5
google_ads,working_professional,pass_exam,ielts,not_answering,5,12.0,0,4-5
google_ads,student_y1_y2,career_advancement,toeic,wrong_number,3,8.0,0,2-3
facebook,parent_enrolling,pass_exam,kids_english,busy_call_back,2,10.0,0,2-3
website_organic,student_y3_y4,study_abroad,ielts,not_answering,1,,0,1
google_ads,unemployed,career_advancement,frontend,rejected,4,8.0,1,4-5
facebook,working_professional,career_advancement,data_analysis,not_answering,1,2.0,1,1
website_organic,student_y3_y4,study_abroad,ielts,not_answering,2,14.0,0,2-3
tiktok,student_y1_y2,study_abroad,communication_english,not_answering,4,6.0,0,4-5
tiktok,parent_enrolling,pass_exam,kids_english,busy_call_back,4,7.0,0,4-5
facebook,working_professional,pass_exam,data_analysis,busy_call_back,1,1.0,0,1
website_organic,student_y1_y2,pass_exam,communication_english,positive_interaction,3,24.0,1,2-3
google_ads,student_y1_y2,study_abroad,ielts,busy_call_back,1,0.0,1,1
google_ads,working_professional,career_advancement,ielts,interested_need_time,4,1.0,0,4-5
facebook,student_y1_y2,study_abroad,ielts,not_answering,4,1.0,0,4-5
google_ads,working_professional,company_training,toeic,busy_call_back,4,13.0,1,4-5
tiktok,working_professional,company_training,communication_english,rejected,1,30.0,0,1
google_ads,student_y3_y4,pass_exam,toeic,positive_interaction,3,29.0,0,2-3
google_ads,working_professional,pass_exam,data_analysis,positive_interaction,2,,1,2-3
website_organic,student_y1_y2,career_advancement,toeic,busy_call_back,3,1.0,0,2-3
tiktok,parent_enrolling,hobby,kids_english,busy_call_back,8,1.0,0,6+
facebook,unemployed,hobby,communication_english,positive_interaction,1,6.0,0,1
referral,student_y3_y4,study_abroad,ielts,wrong_number,3,6.0,0,2-3
tiktok,student_y3_y4,pass_exam,communication_english,positive_interaction,1,2.0,1,1
other,student_y3_y4,pass_exam,toeic,busy_call_back,3,4.0,1,2-3
referral,parent_enrolling,hobby,kids_english,not_answering,3,4.0,1,2-3
referral,,study_abroad,communication_english,not_answering,3,5.0,1,2-3
tiktok,working_professional,company_training,communication_english,not_answering,3,0.0,0,2-3
google_ads,parent_enrolling,study_abroad,kids_english,busy_call_back,7,11.0,0,6+
facebook,student_y1_y2,pass_exam,communication_english,not_answering,5,28.0,0,4-5
google_ads,working_professional,pass_exam,communication_english,busy_call_back,7,7.0,0,6+
tiktok,student_y1_y2,pass_exam,communication_english,interested_need_time,1,10.0,1,1
google_ads,working_professional,career_advancement,data_analysis,interested_need_time,8,0.0,0,6+
website_organic,student_y3_y4,pass_exam,toeic,interested_need_time,2,13.0,1,2-3
facebook,,study_abroad,communication_english,not_answering,1,2.0,1,1
facebook,student_y3_y4,pass_exam,ielts,interested_need_time,2,3.0,1,2-3
google_ads,student_y1_y2,pass_exam,toeic,rejected,2,20.0,0,2-3
google_ads,unemployed,hobby,communication_english,busy_call_back,4,14.0,0,4-5
facebook,unemployed,hobby,communication_english,wrong_number,1,7.0,0,1
facebook,working_professional,career_advancement,communication_english,busy_call_back,3,0.0,1,2-3
website_organic,working_professional,hobby,ielts,interested_need_time,2,4.0,0,2-3
google_ads,student_y3_y4,study_abroad,ielts,busy_call_back,2,3.0,1,2-3
facebook,working_professional,pass_exam,communication_english,positive_interaction,5,11.0,1,4-5
facebook,student_y1_y2,career_advancement,communication_english,wrong_number,3,4.0,0,2-3
google_ads,student_y1_y2,hobby,toeic,busy_call_back,2,7.0,0,2-3
facebook,parent_enrolling,pass_exam,kids_english,positive_interaction,4,30.0,1,4-5
tiktok,working_professional,career_advancement,communication_english,wrong_number,5,2.0,0,4-5
tiktok,student_y1_y2,hobby,toeic,positive_interaction,2,8.0,0,2-3
facebook,student_y1_y2,pass_exam,toeic,not_answering,1,46.0,1,1
google_ads,parent_enrolling,pass_exam,kids_english,not_answering,8,11.0,1,6+
facebook,,pass_exam,communication_english,wrong_number,2,19.0,0,2-3
facebook,student_y3_y4,career_advancement,toeic,positive_interaction,2,44.0,0,2-3
website_organic,student_y1_y2,career_advancement,toeic,rejected,1,11.0,0,1
google_ads,student_y1_y2,study_abroad,toeic,not_answering,1,1.0,1,1
website_organic,student_y3_y4,hobby,toeic,positive_interaction,6,25.0,0,6+
facebook,parent_enrolling,pass_exam,kids_english,positive_interaction,6,0.0,1,6+
facebook,student_y3_y4,study_abroad,communication_english,wrong_number,3,0.0,1,2-3
google_ads,student_y3_y4,pass_exam,frontend,positive_interaction,4,8.0,1,4-5
google_ads,working_professional,company_training,communication_english,not_answering,5,3.0,1,4-5
other,working_professional,hobby,data_analysis,positive_interaction,3,2.0,1,2-3
facebook,working_professional,career_advancement,data_analysis,interested_need_time,4,1.0,0,4-5
website_organic,working_professional,hobby,ielts,busy_call_back,7,13.0,0,6+
website_organic,working_professional,career_advancement,data_analysis,not_answering,1,10.0,0,1
google_ads,working_professional,hobby,ielts,wrong_number,1,16.0,0,1
facebook,working_professional,career_advancement,data_analysis,not_answering,4,1.0,0,4-5
google_ads,working_professional,hobby,communication_english,busy_call_back,4,11.0,0,4-5
facebook,,career_advancement,data_analysis,interested_need_time,1,6.0,1,1
tiktok,student_y1_y2,study_abroad,communication_english,rejected,2,0.0,1,2-3
google_ads,working_professional,career_advancement,data_analysis,positive_interaction,4,11.0,1,4-5
referral,working_professional,career_advancement,frontend,busy_call_back,3,1.0,1,2-3
google_ads,student_y3_y4,study_abroad,ielts,not_answering,5,16.0,0,4-5
google_ads,unemployed,study_abroad,backend_nodejs,busy_call_back,5,19.0,0,4-5
tiktok,student_y3_y4,pass_exam,toeic,not_answering,3,20.0,0,2-3
google_ads,student_y1_y2,study_abroad,toeic,positive_interaction,4,15.0,1,4-5
referral,unemployed,career_advancement,toeic,busy_call_back,3,5.0,1,2-3
facebook,student_y1_y2,pass_exam,communication_english,not_answering,1,1.0,0,1
referral,student_y3_y4,pass_exam,toeic,wrong_number,2,19.0,0,2-3
website_organic,,hobby,toeic,not_answering,2,1.0,1,2-3
website_organic,,study_abroad,communication_english,not_answering,5,7.0,0,4-5
google_ads,student_y3_y4,pass_exam,frontend,busy_call_back,5,24.0,0,4-5
website_organic,working_professional,company_training,communication_english,not_answering,1,4.0,0,1
facebook,working_professional,career_advancement,communication_english,not_answering,5,10.0,0,4-5
tiktok,working_professional,hobby,communication_english,rejected,3,22.0,0,2-3
facebook,,study_abroad,kids_english,positive_interaction,1,,0,1
facebook,unemployed,hobby,toeic,positive_interaction,2,2.0,1,2-3
google_ads,student_y3_y4,career_advancement,toeic,positive_interaction,5,9.0,1,4-5
facebook,parent_enrolling,pass_exam,kids_english,not_answering,2,1.0,0,2-3
facebook,student_y3_y4,hobby,toeic,positive_interaction,4,,0,4-5
website_organic,student_y1_y2,study_abroad,ielts,busy_call_back,3,10.0,0,2-3
facebook,student_y3_y4,hobby,communication_english,not_answering,3,24.0,0,2-3
tiktok,working_professional,career_advancement,ielts,busy_call_back,3,14.0,0,2-3
facebook,student_y1_y2,hobby,communication_english,interested_need_time,3,23.0,1,2-3
tiktok,working_professional,company_training,data_analysis,not_answering,6,37.0,0,6+
tiktok,student_y3_y4,study_abroad,ielts,not_answering,2,24.0,1,2-3
google_ads,student_y3_y4,career_advancement,communication_english,busy_call_back,1,3.0,1,1
tiktok,student_y1_y2,pass_exam,toeic,busy_call_back,2,10.0,1,2-3
referral,unemployed,hobby,communication_english,not_answering,4,9.0,0,4-5
website_organic,student_y3_y4,study_abroad,communication_english,interested_need_time,3,2.0,1,2-3
facebook,student_y1_y2,pass_exam,toeic,not_answering,4,9.0,0,4-5
google_ads,student_y3_y4,pass_exam,toeic,interested_need_time,2,,1,2-3
tiktok,student_y3_y4,study_abroad,communication_english,not_answering,3,11.0,0,2-3
facebook,working_professional,hobby,communication_english,busy_call_back,5,4.0,0,4-5
website_organic,student_y3_y4,career_advancement,toeic,interested_need_time,3,4.0,1,2-3
facebook,student_y1_y2,career_advancement,toeic,positive_interaction,3,17.0,0,2-3
website_organic,unemployed,hobby,frontend,not_answering,4,6.0,0,4-5
facebook,student_y3_y4,pass_exam,backend_nodejs,interested_need_time,4,12.0,0,4-5
facebook,student_y1_y2,pass_exam,toeic,positive_interaction,2,19.0,1,2-3
other,working_professional,company_training,data_analysis,not_answering,3,0.0,1,2-3
website_organic,working_professional,career_advancement,toeic,interested_need_time,2,6.0,0,2-3
website_organic,working_professional,career_advancement,frontend,busy_call_back,2,14.0,1,2-3
referral,student_y3_y4,study_abroad,ielts,positive_interaction,3,2.0,1,2-3
google_ads,student_y3_y4,pass_exam,frontend,busy_call_back,2,7.0,0,2-3
facebook,student_y3_y4,hobby,toeic,rejected,1,1.0,0,1
facebook,student_y1_y2,study_abroad,ielts,positive_interaction,4,,0,4-5
google_ads,student_y3_y4,pass_exam,ielts,interested_need_time,3,9.0,0,2-3
facebook,parent_enrolling,hobby,kids_english,not_answering,1,0.0,1,1
referral,working_professional,hobby,data_analysis,interested_need_time,2,32.0,0,2-3
facebook,student_y3_y4,career_advancement,communication_english,not_answering,3,6.0,1,2-3
facebook,student_y1_y2,study_abroad,toeic,busy_call_back,3,54.0,1,2-3
facebook,working_professional,career_advancement,data_analysis,not_answering,4,19.0,0,4-5
facebook,student_y3_y4,pass_exam,ielts,positive_interaction,3,61.0,1,2-3
facebook,student_y1_y2,pass_exam,toeic,positive_interaction,5,9.0,0,4-5
tiktok,student_y1_y2,career_advancement,toeic,rejected,1,8.0,1,1
facebook,working_professional,career_advancement,communication_english,not_answering,3,3.0,0,2-3
google_ads,working_professional,company_training,communication_english,wrong_number,2,26.0,0,2-3
website_organic,student_y1_y2,study_abroad,ielts,positive_interaction,2,0.0,1,2-3
google_ads,student_y1_y2,hobby,communication_english,wrong_number,6,8.0,1,6+
tiktok,working_professional,career_advancement,frontend,positive_interaction,5,0.0,1,4-5
facebook,working_professional,hobby,data_analysis,not_answering,1,3.0,1,1
facebook,working_professional,career_advancement,communication_english,wrong_number,1,9.0,0,1
facebook,,career_advancement,communication_english,interested_need_time,5,15.0,0,4-5
referral,working_professional,career_advancement,communication_english,positive_interaction,1,2.0,1,1
google_ads,parent_enrolling,pass_exam,kids_english,not_answering,6,2.0,0,6+
facebook,working_professional,career_advancement,data_analysis,not_answering,2,1.0,1,2-3
google_ads,student_y1_y2,career_advancement,toeic,not_answering,2,6.0,0,2-3
website_organic,working_professional,career_advancement,communication_english,interested_need_time,1,0.0,1,1
tiktok,student_y3_y4,pass_exam,ielts,busy_call_back,3,15.0,0,2-3
google_ads,student_y1_y2,study_abroad,communication_english,wrong_number,1,5.0,0,1
website_organic,student_y3_y4,hobby,toeic,not_answering,2,3.0,0,2-3
tiktok,parent_enrolling,study_abroad,kids_english,not_answering,6,16.0,0,6+
google_ads,student_y3_y4,study_abroad,ielts,busy_call_back,2,2.0,1,2-3
facebook,unemployed,career_advancement,backend_nodejs,not_answering,3,0.0,0,2-3
facebook,student_y3_y4,study_abroad,ielts,busy_call_back,2,4.0,1,2-3
referral,student_y3_y4,pass_exam,communication_english,positive_interaction,3,4.0,1,2-3
google_ads,student_y1_y2,career_advancement,communication_english,rejected,2,8.0,1,2-3
google_ads,working_professional,career_advancement,communication_english,not_answering,4,9.0,1,4-5
google_ads,student_y1_y2,career_advancement,communication_english,not_answering,4,20.0,0,4-5
facebook,student_y3_y4,pass_exam,toeic,positive_interaction,5,16.0,1,4-5
website_organic,student_y3_y4,study_abroad,communication_english,not_answering,6,1.0,1,6+
facebook,student_y3_y4,pass_exam,communication_english,positive_interaction,2,3.0,1,2-3
website_organic,student_y3_y4,hobby,toeic,interested_need_time,1,,1,1
google_ads,student_y1_y2,pass_exam,toeic,wrong_number,1,7.0,0,1
facebook,student_y3_y4,pass_exam,frontend,not_answering,4,24.0,1,4-5
facebook,parent_enrolling,hobby,kids_english,rejected,1,8.0,0,1
website_organic,student_y1_y2,hobby,toeic,rejected,5,25.0,0,4-5
facebook,student_y3_y4,study_abroad,communication_english,not_answering,7,22.0,0,6+
facebook,student_y3_y4,pass_exam,communication_english,busy_call_back,1,14.0,1,1
tiktok,student_y3_y4,study_abroad,ielts,busy_call_back,2,3.0,1,2-3
facebook,working_professional,pass_exam,communication_english,not_answering,3,,0,2-3
facebook,student_y1_y2,pass_exam,frontend,rejected,2,0.0,0,2-3
facebook,student_y3_y4,study_abroad,ielts,not_answering,2,29.0,1,2-3
website_organic,,career_advancement,communication_english,not_answering,2,14.0,0,2-3
facebook,student_y3_y4,pass_exam,toeic,not_answering,5,13.0,0,4-5
facebook,parent_enrolling,study_abroad,kids_english,interested_need_time,4,32.0,0,4-5
facebook,parent_enrolling,hobby,communication_english,wrong_number,1,14.0,0,1
facebook,student_y1_y2,pass_exam,backend_nodejs,interested_need_time,1,1.0,1,1
facebook,student_y3_y4,hobby,frontend,positive_interaction,4,39.0,0,4-5
facebook,student_y1_y2,career_advancement,toeic,not_answering,1,,0,1
facebook,student_y1_y2,pass_exam,frontend,positive_interaction,5,3.0,1,4-5
google_ads,student_y3_y4,study_abroad,communication_english,busy_call_back,3,,1,2-3
website_organic,working_professional,company_training,communication_english,busy_call_back,6,19.0,0,6+
facebook,student_y3_y4,pass_exam,backend_nodejs,interested_need_time,4,11.0,0,4-5
facebook,student_y3_y4,pass_exam,communication_english,rejected,5,3.0,0,4-5
referral,student_y3_y4,hobby,toeic,positive_interaction,4,36.0,1,4-5
website_organic,parent_enrolling,pass_exam,kids_english,positive_interaction,3,2.0,1,2-3
tiktok,parent_enrolling,hobby,kids_english,busy_call_back,1,2.0,0,1
facebook,student_y1_y2,pass_exam,toeic,not_answering,4,25.0,0,4-5
google_ads,working_professional,career_advancement,toeic,interested_need_time,3,17.0,0,2-3
facebook,student_y3_y4,pass_exam,ielts,positive_interaction,3,3.0,0,2-3
facebook,working_professional,career_advancement,frontend,positive_interaction,3,0.0,1,2-3
facebook,working_professional,pass_exam,data_analysis,interested_need_time,2,10.0,0,2-3
google_ads,unemployed,hobby,communication_english,busy_call_back,2,3.0,0,2-3
facebook,student_y1_y2,study_abroad,ielts,not_answering,1,46.0,0,1
google_ads,student_y3_y4,pass_exam,communication_english,not_answering,2,4.0,1,2-3
facebook,parent_enrolling,pass_exam,kids_english,positive_interaction,3,11.0,1,2-3
facebook,student_y1_y2,study_abroad,ielts,rejected,5,3.0,0,4-5
tiktok,student_y1_y2,pass_exam,toeic,interested_need_time,3,,1,2-3
website_organic,working_professional,career_advancement,data_analysis,positive_interaction,6,2.0,1,6+
facebook,working_professional,career_advancement,communication_english,positive_interaction,7,7.0,1,6+
google_ads,working_professional,company_training,ielts,not_answering,1,13.0,0,1
facebook,working_professional,career_advancement,data_analysis,not_answering,3,12.0,0,2-3
facebook,working_professional,company_training,frontend,not_answering,2,5.0,1,2-3
tiktok,student_y1_y2,hobby,toeic,rejected,5,0.0,0,4-5
facebook,working_professional,career_advancement,communication_english,not_answering,3,1.0,1,2-3
google_ads,working_professional,company_training,communication_english,interested_need_time,1,9.0,0,1
google_ads,unemployed,study_abroad,communication_english,busy_call_back,2,22.0,0,2-3
facebook,student_y1_y2,study_abroad,ielts,positive_interaction,4,8.0,0,4-5
facebook,student_y1_y2,study_abroad,ielts,not_answering,1,0.0,0,1
facebook,working_professional,company_training,toeic,rejected,2,4.0,0,2-3
referral,student_y3_y4,study_abroad,communication_english,busy_call_back,5,3.0,1,4-5
google_ads,student_y1_y2,hobby,communication_english,rejected,1,2.0,0,1
facebook,unemployed,hobby,frontend,interested_need_time,4,7.0,1,4-5
facebook,student_y3_y4,hobby,toeic,busy_call_back,4,5.0,0,4-5
google_ads,student_y3_y4,hobby,ielts,positive_interaction,2,2.0,1,2-3
facebook,student_y1_y2,pass_exam,toeic,interested_need_time,1,7.0,0,1
google_ads,student_y1_y2,career_advancement,communication_english,not_answering,1,3.0,0,1
tiktok,working_professional,company_training,ielts,positive_interaction,7,25.0,0,6+
google_ads,student_y3_y4,study_abroad,ielts,interested_need_time,4,,1,4-5
facebook,student_y1_y2,study_abroad,ielts,interested_need_time,2,5.0,1,2-3
facebook,student_y3_y4,study_abroad,toeic,positive_interaction,5,10.0,1,4-5
facebook,student_y1_y2,pass_exam,ielts,positive_interaction,1,2.0,1,1
google_ads,student_y1_y2,career_advancement,toeic,busy_call_back,1,3.0,0,1
website_organic,student_y3_y4,career_advancement,communication_english,busy_call_back,1,19.0,1,1
facebook,student_y3_y4,study_abroad,ielts,not_answering,4,3.0,1,4-5
google_ads,student_y1_y2,pass_exam,communication_english,interested_need_time,2,3.0,0,2-3
tiktok,student_y3_y4,pass_exam,toeic,not_answering,3,2.0,1,2-3
facebook,student_y3_y4,hobby,communication_english,not_answering,2,16.0,0,2-3
facebook,student_y3_y4,career_advancement,backend_nodejs,positive_interaction,4,23.0,1,4-5
facebook,student_y1_y2,pass_exam,toeic,not_answering,5,46.0,0,4-5
tiktok,student_y1_y2,study_abroad,ielts,not_answering,2,7.0,0,2-3
google_ads,student_y1_y2,pass_exam,communication_english,positive_interaction,2,1.0,1,2-3
tiktok,student_y3_y4,pass_exam,communication_english,positive_interaction,3,25.0,1,2-3
website_organic,working_professional,career_advancement,data_analysis,positive_interaction,2,10.0,1,2-3
tiktok,student_y1_y2,pass_exam,toeic,busy_call_back,1,40.0,1,1
other,working_professional,hobby,ielts,interested_need_time,3,24.0,0,2-3
tiktok,working_professional,career_advancement,communication_english,rejected,3,1.0,0,2-3
website_organic,student_y1_y2,study_abroad,ielts,not_answering,4,14.0,0,4-5
website_organic,student_y1_y2,pass_exam,toeic,not_answering,2,1.0,0,2-3
tiktok,student_y1_y2,pass_exam,toeic,not_answering,2,0.0,1,2-3
website_organic,student_y1_y2,pass_exam,ielts,wrong_number,3,0.0,1,2-3
referral,student_y3_y4,study_abroad,ielts,not_answering,4,3.0,0,4-5
google_ads,student_y1_y2,pass_exam,ielts,busy_call_back,2,0.0,0,2-3
google_ads,unemployed,career_advancement,communication_english,interested_need_time,2,5.0,1,2-3
google_ads,student_y3_y4,study_abroad,communication_english,rejected,1,0.0,0,1
website_organic,working_professional,hobby,toeic,busy_call_back,3,4.0,0,2-3
google_ads,working_professional,career_advancement,communication_english,interested_need_time,7,0.0,0,6+
website_organic,student_y3_y4,study_abroad,ielts,rejected,1,,0,1
tiktok,parent_enrolling,pass_exam,kids_english,not_answering,3,7.0,0,2-3
referral,parent_enrolling,hobby,kids_english,interested_need_time,1,3.0,1,1
facebook,student_y3_y4,pass_exam,frontend,not_answering,2,1.0,1,2-3
tiktok,student_y1_y2,career_advancement,communication_english,not_answering,4,10.0,0,4-5
tiktok,student_y3_y4,study_abroad,ielts,not_answering,3,2.0,1,2-3
referral,student_y1_y2,career_advancement,toeic,busy_call_back,1,2.0,1,1
referral,student_y3_y4,hobby,toeic,not_answering,3,19.0,0,2-3
google_ads,student_y3_y4,study_abroad,ielts,positive_interaction,1,2.0,1,1
google_ads,student_y3_y4,pass_exam,toeic,busy_call_back,2,2.0,1,2-3
facebook,working_professional,company_training,communication_english,busy_call_back,4,11.0,0,4-5
referral,student_y3_y4,hobby,toeic,positive_interaction,2,1.0,1,2-3
facebook,student_y3_y4,study_abroad,communication_english,rejected,3,7.0,0,2-3
tiktok,student_y3_y4,study_abroad,communication_english,busy_call_back,3,3.0,1,2-3
tiktok,working_professional,company_training,data_analysis,not_answering,5,1.0,0,4-5
google_ads,working_professional,career_advancement,data_analysis,not_answering,1,,1,1
facebook,student_y1_y2,study_abroad,ielts,wrong_number,3,1.0,0,2-3
facebook,working_professional,career_advancement,data_analysis,positive_interaction,1,2.0,1,1
website_organic,student_y1_y2,hobby,toeic,busy_call_back,1,0.0,1,1
google_ads,working_professional,career_advancement,communication_english,not_answering,2,5.0,1,2-3
facebook,working_professional,career_advancement,data_analysis,interested_need_time,4,19.0,0,4-5
tiktok,student_y3_y4,career_advancement,communication_english,positive_interaction,1,2.0,1,1
facebook,working_professional,company_training,communication_english,busy_call_back,6,3.0,0,6+
website_organic,unemployed,hobby,communication_english,not_answering,2,37.0,0,2-3
facebook,working_professional,pass_exam,data_analysis,busy_call_back,5,10.0,0,4-5
facebook,student_y3_y4,pass_exam,toeic,positive_interaction,2,10.0,0,2-3
facebook,working_professional,career_advancement,ielts,rejected,2,0.0,1,2-3
google_ads,student_y3_y4,pass_exam,communication_english,not_answering,4,4.0,0,4-5
google_ads,working_professional,career_advancement,data_analysis,rejected,2,6.0,0,2-3
tiktok,unemployed,hobby,communication_english,busy_call_back,3,0.0,0,2-3
google_ads,student_y1_y2,career_advancement,toeic,positive_interaction,5,4.0,1,4-5
facebook,student_y1_y2,career_advancement,toeic,wrong_number,4,9.0,0,4-5
facebook,student_y3_y4,study_abroad,ielts,interested_need_time,5,13.0,1,4-5
facebook,student_y1_y2,study_abroad,ielts,not_answering,1,0.0,0,1
referral,student_y3_y4,study_abroad,ielts,not_answering,3,1.0,1,2-3
facebook,student_y1_y2,pass_exam,ielts,positive_interaction,3,2.0,1,2-3
other,working_professional,career_advancement,toeic,interested_need_time,3,14.0,1,2-3
facebook,student_y1_y2,study_abroad,ielts,busy_call_back,3,15.0,0,2-3
facebook,student_y3_y4,hobby,toeic,interested_need_time,4,6.0,0,4-5
facebook,working_professional,pass_exam,frontend,not_answering,5,5.0,0,4-5
facebook,student_y3_y4,study_abroad,ielts,not_answering,2,7.0,0,2-3
tiktok,student_y3_y4,study_abroad,communication_english,positive_interaction,1,20.0,1,1
google_ads,working_professional,career_advancement,communication_english,busy_call_back,1,15.0,1,1
facebook,parent_enrolling,pass_exam,kids_english,not_answering,1,6.0,1,1
tiktok,working_professional,company_training,communication_english,busy_call_back,4,35.0,0,4-5
google_ads,student_y1_y2,study_abroad,communication_english,rejected,2,0.0,0,2-3
referral,student_y1_y2,hobby,toeic,not_answering,2,0.0,0,2-3
referral,parent_enrolling,pass_exam,kids_english,not_answering,6,8.0,0,6+
tiktok,working_professional,company_training,communication_english,busy_call_back,6,4.0,0,6+
website_organic,working_professional,career_advancement,data_analysis,not_answering,3,25.0,1,2-3
tiktok,working_professional,career_advancement,communication_english,not_answering,3,4.0,0,2-3
google_ads,student_y1_y2,pass_exam,toeic,not_answering,2,15.0,0,2-3
tiktok,student_y3_y4,pass_exam,toeic,not_answering,3,0.0,0,2-3
facebook,working_professional,career_advancement,communication_english,interested_need_time,2,52.0,0,2-3
tiktok,unemployed,study_abroad,data_analysis,not_answering,1,1.0,1,1
referral,student_y1_y2,pass_exam,communication_english,busy_call_back,4,7.0,0,4-5
facebook,working_professional,career_advancement,frontend,positive_interaction,2,4.0,1,2-3
website_organic,student_y1_y2,hobby,communication_english,not_answering,2,1.0,0,2-3
referral,parent_enrolling,study_abroad,kids_english,not_answering,4,8.0,0,4-5
facebook,student_y3_y4,pass_exam,toeic,rejected,2,3.0,1,2-3
google_ads,working_professional,career_advancement,data_analysis,interested_need_time,2,0.0,1,2-3
referral,student_y1_y2,study_abroad,ielts,positive_interaction,2,34.0,0,2-3
referral,working_professional,career_advancement,data_analysis,interested_need_time,1,9.0,1,1
facebook,working_professional,career_advancement,data_analysis,rejected,3,8.0,0,2-3
facebook,student_y3_y4,career_advancement,toeic,not_answering,2,,0,2-3
tiktok,unemployed,hobby,frontend,not_answering,1,11.0,0,1
facebook,unemployed,career_advancement,toeic,positive_interaction,5,2.0,1,4-5
facebook,,career_advancement,communication_english,not_answering,5,9.0,0,4-5
facebook,student_y3_y4,pass_exam,backend_nodejs,interested_need_time,3,6.0,1,2-3
facebook,working_professional,hobby,communication_english,not_answering,5,,0,4-5
google_ads,working_professional,career_advancement,communication_english,busy_call_back,3,23.0,0,2-3
tiktok,working_professional,company_training,toeic,positive_interaction,1,8.0,1,1
google_ads,student_y3_y4,pass_exam,communication_english,interested_need_time,3,15.0,1,2-3
tiktok,working_professional,pass_exam,toeic,interested_need_time,2,6.0,1,2-3
google_ads,student_y1_y2,pass_exam,frontend,not_answering,3,14.0,0,2-3
facebook,student_y3_y4,pass_exam,toeic,not_answering,7,6.0,0,6+
facebook,student_y1_y2,study_abroad,ielts,positive_interaction,2,0.0,1,2-3
facebook,student_y3_y4,pass_exam,toeic,not_answering,2,7.0,1,2-3
facebook,student_y1_y2,pass_exam,communication_english,interested_need_time,1,21.0,0,1
facebook,student_y1_y2,career_advancement,toeic,interested_need_time,5,7.0,0,4-5
facebook,working_professional,company_training,toeic,busy_call_back,1,16.0,1,1
facebook,student_y3_y4,pass_exam,communication_english,busy_call_back,6,2.0,0,6+
tiktok,student_y1_y2,pass_exam,communication_english,positive_interaction,1,29.0,1,1
google_ads,working_professional,career_advancement,data_analysis,busy_call_back,4,12.0,0,4-5
referral,parent_enrolling,hobby,kids_english,not_answering,2,,0,2-3
tiktok,unemployed,study_abroad,communication_english,rejected,2,6.0,0,2-3
google_ads,unemployed,career_advancement,communication_english,not_answering,1,6.0,1,1
facebook,parent_enrolling,hobby,kids_english,positive_interaction,1,4.0,0,1
google_ads,working_professional,pass_exam,data_analysis,not_answering,1,10.0,1,1
facebook,parent_enrolling,pass_exam,ielts,busy_call_back,1,0.0,1,1
google_ads,parent_enrolling,hobby,kids_english,interested_need_time,3,38.0,0,2-3
facebook,student_y3_y4,study_abroad,communication_english,not_answering,3,0.0,1,2-3
google_ads,unemployed,career_advancement,toeic,positive_interaction,2,23.0,1,2-3
facebook,working_professional,pass_exam,data_analysis,not_answering,4,10.0,0,4-5
tiktok,working_professional,career_advancement,communication_english,interested_need_time,4,10.0,0,4-5
website_organic,unemployed,study_abroad,data_analysis,positive_interaction,8,26.0,1,6+
tiktok,student_y3_y4,career_advancement,frontend,interested_need_time,2,19.0,1,2-3
google_ads,student_y3_y4,study_abroad,communication_english,busy_call_back,2,10.0,1,2-3
google_ads,working_professional,career_advancement,communication_english,busy_call_back,7,13.0,0,6+
facebook,working_professional,career_advancement,toeic,not_answering,6,,0,6+
tiktok,unemployed,career_advancement,backend_nodejs,rejected,6,1.0,0,6+
google_ads,unemployed,career_advancement,backend_nodejs,interested_need_time,3,3.0,0,2-3
facebook,working_professional,career_advancement,frontend,interested_need_time,3,2.0,0,2-3
facebook,parent_enrolling,pass_exam,kids_english,busy_call_back,6,7.0,0,6+
referral,student_y1_y2,study_abroad,ielts,busy_call_back,3,1.0,1,2-3
google_ads,parent_enrolling,pass_exam,kids_english,not_answering,2,,0,2-3
google_ads,student_y1_y2,pass_exam,toeic,not_answering,8,4.0,0,6+
google_ads,working_professional,career_advancement,data_analysis,busy_call_back,5,34.0,0,4-5
google_ads,student_y1_y2,pass_exam,toeic,not_answering,1,2.0,1,1
google_ads,working_professional,career_advancement,toeic,not_answering,1,18.0,0,1
facebook,student_y3_y4,study_abroad,communication_english,interested_need_time,5,5.0,1,4-5
google_ads,student_y1_y2,study_abroad,ielts,busy_call_back,2,23.0,0,2-3
tiktok,working_professional,career_advancement,communication_english,busy_call_back,4,13.0,0,4-5
facebook,working_professional,company_training,toeic,positive_interaction,1,9.0,1,1
tiktok,student_y1_y2,career_advancement,communication_english,interested_need_time,1,0.0,1,1
facebook,working_professional,company_training,data_analysis,not_answering,4,5.0,0,4-5
tiktok,student_y1_y2,hobby,toeic,positive_interaction,7,7.0,1,6+
google_ads,student_y1_y2,study_abroad,communication_english,busy_call_back,3,8.0,0,2-3
tiktok,student_y1_y2,study_abroad,ielts,interested_need_time,1,14.0,0,1
google_ads,working_professional,career_advancement,communication_english,wrong_number,2,9.0,0,2-3
referral,working_professional,hobby,communication_english,not_answering,2,0.0,0,2-3
google_ads,working_professional,career_advancement,communication_english,interested_need_time,6,5.0,0,6+
tiktok,unemployed,study_abroad,frontend,not_answering,2,11.0,0,2-3
tiktok,working_professional,career_advancement,ielts,not_answering,6,14.0,0,6+
facebook,working_professional,career_advancement,data_analysis,busy_call_back,5,14.0,0,4-5
facebook,parent_enrolling,hobby,kids_english,not_answering,3,6.0,0,2-3
google_ads,student_y3_y4,career_advancement,backend_nodejs,not_answering,1,1.0,1,1
facebook,student_y1_y2,pass_exam,toeic,busy_call_back,7,2.0,0,6+
facebook,student_y1_y2,career_advancement,toeic,busy_call_back,1,27.0,0,1
facebook,working_professional,career_advancement,communication_english,busy_call_back,5,17.0,1,4-5
google_ads,student_y3_y4,career_advancement,communication_english,not_answering,2,11.0,1,2-3
facebook,student_y1_y2,hobby,toeic,busy_call_back,2,23.0,0,2-3
website_organic,unemployed,study_abroad,frontend,busy_call_back,2,5.0,0,2-3
google_ads,parent_enrolling,study_abroad,kids_english,busy_call_back,2,1.0,1,2-3
tiktok,student_y3_y4,study_abroad,ielts,positive_interaction,4,0.0,1,4-5
facebook,,pass_exam,toeic,rejected,3,4.0,1,2-3
google_ads,student_y1_y2,career_advancement,toeic,not_answering,2,5.0,0,2-3
facebook,student_y3_y4,career_advancement,toeic,busy_call_back,3,7.0,1,2-3
tiktok,unemployed,career_advancement,backend_nodejs,wrong_number,2,10.0,0,2-3
facebook,working_professional,career_advancement,ielts,interested_need_time,6,7.0,0,6+
referral,student_y1_y2,hobby,toeic,rejected,5,4.0,0,4-5
facebook,student_y3_y4,study_abroad,ielts,positive_interaction,3,5.0,1,2-3
google_ads,student_y1_y2,career_advancement,toeic,positive_interaction,7,9.0,1,6+
facebook,student_y3_y4,hobby,backend_nodejs,not_answering,2,9.0,0,2-3
google_ads,student_y3_y4,pass_exam,communication_english,not_answering,1,10.0,0,1
google_ads,working_professional,career_advancement,data_analysis,interested_need_time,1,8.0,0,1
facebook,student_y3_y4,pass_exam,communication_english,interested_need_time,5,9.0,0,4-5
facebook,unemployed,career_advancement,data_analysis,positive_interaction,2,15.0,0,2-3
facebook,student_y1_y2,study_abroad,communication_english,rejected,5,,0,4-5
facebook,working_professional,pass_exam,data_analysis,not_answering,3,25.0,0,2-3
other,student_y1_y2,study_abroad,ielts,busy_call_back,1,28.0,0,1
google_ads,student_y3_y4,study_abroad,ielts,wrong_number,3,17.0,1,2-3
facebook,unemployed,study_abroad,communication_english,positive_interaction,3,27.0,1,2-3
referral,working_professional,career_advancement,data_analysis,positive_interaction,3,8.0,1,2-3
facebook,student_y1_y2,pass_exam,ielts,interested_need_time,5,15.0,0,4-5
google_ads,student_y3_y4,pass_exam,toeic,rejected,3,6.0,1,2-3
tiktok,working_professional,company_training,data_analysis,busy_call_back,2,4.0,0,2-3
referral,parent_enrolling,hobby,kids_english,not_answering,4,37.0,0,4-5
tiktok,working_professional,career_advancement,toeic,not_answering,2,3.0,1,2-3
google_ads,student_y1_y2,pass_exam,communication_english,busy_call_back,5,9.0,0,4-5
referral,student_y3_y4,pass_exam,communication_english,positive_interaction,2,0.0,1,2-3
facebook,student_y1_y2,hobby,toeic,busy_call_back,4,9.0,0,4-5
other,student_y1_y2,study_abroad,ielts,interested_need_time,2,3.0,0,2-3
website_organic,working_professional,hobby,communication_english,busy_call_back,1,10.0,0,1
referral,working_professional,career_advancement,toeic,positive_interaction,3,1.0,1,2-3
facebook,student_y1_y2,pass_exam,toeic,not_answering,2,1.0,0,2-3
facebook,working_professional,career_advancement,frontend,interested_need_time,3,12.0,0,2-3
tiktok,working_professional,career_advancement,ielts,not_answering,3,0.0,1,2-3
google_ads,working_professional,career_advancement,communication_english,busy_call_back,1,1.0,1,1
google_ads,student_y1_y2,pass_exam,toeic,busy_call_back,2,3.0,1,2-3
referral,student_y3_y4,career_advancement,toeic,interested_need_time,4,24.0,1,4-5
google_ads,student_y1_y2,hobby,toeic,interested_need_time,3,0.0,0,2-3
facebook,student_y1_y2,pass_exam,toeic,rejected,3,9.0,0,2-3
google_ads,student_y3_y4,study_abroad,ielts,rejected,1,3.0,0,1
facebook,student_y3_y4,hobby,toeic,not_answering,2,7.0,1,2-3
facebook,student_y1_y2,pass_exam,communication_english,not_answering,4,25.0,0,4-5
facebook,student_y1_y2,study_abroad,communication_english,not_answering,5,21.0,0,4-5
website_organic,parent_enrolling,pass_exam,kids_english,not_answering,3,12.0,0,2-3
tiktok,working_professional,career_advancement,ielts,not_answering,3,0.0,1,2-3
google_ads,student_y3_y4,pass_exam,ielts,wrong_number,3,8.0,0,2-3
facebook,parent_enrolling,pass_exam,kids_english,rejected,4,0.0,0,4-5
tiktok,student_y1_y2,hobby,ielts,not_answering,4,14.0,0,4-5
website_organic,student_y3_y4,study_abroad,ielts,positive_interaction,2,5.0,1,2-3
website_organic,unemployed,study_abroad,frontend,positive_interaction,4,10.0,1,4-5
google_ads,student_y3_y4,study_abroad,ielts,busy_call_back,2,4.0,1,2-3
website_organic,student_y1_y2,study_abroad,ielts,wrong_number,1,2.0,1,1
google_ads,student_y3_y4,study_abroad,ielts,rejected,1,1.0,1,1
google_ads,student_y3_y4,study_abroad,communication_english,rejected,1,1.0,0,1
website_organic,working_professional,career_advancement,frontend,positive_interaction,2,16.0,1,2-3
facebook,student_y3_y4,pass_exam,toeic,busy_call_back,1,22.0,0,1
facebook,student_y3_y4,study_abroad,ielts,not_answering,1,6.0,0,1
facebook,student_y3_y4,study_abroad,ielts,rejected,1,5.0,0,1
google_ads,student_y3_y4,study_abroad,ielts,not_answering,1,2.0,1,1
google_ads,student_y1_y2,study_abroad,communication_english,busy_call_back,2,,0,2-3
tiktok,unemployed,career_advancement,frontend,not_answering,5,0.0,0,4-5
google_ads,working_professional,career_advancement,data_analysis,busy_call_back,3,21.0,0,2-3
facebook,student_y3_y4,pass_exam,toeic,not_answering,1,19.0,1,1
website_organic,working_professional,company_training,data_analysis,positive_interaction,2,3.0,1,2-3
facebook,student_y1_y2,career_advancement,toeic,interested_need_time,2,5.0,1,2-3
referral,student_y3_y4,hobby,toeic,busy_call_back,1,1.0,1,1
facebook,student_y3_y4,pass_exam,communication_english,busy_call_back,2,0.0,1,2-3
google_ads,student_y3_y4,study_abroad,communication_english,interested_need_time,2,0.0,1,2-3
google_ads,working_professional,career_advancement,communication_english,positive_interaction,3,2.0,1,2-3
website_organic,parent_enrolling,hobby,kids_english,rejected,4,0.0,0,4-5
facebook,student_y3_y4,career_advancement,communication_english,positive_interaction,3,22.0,1,2-3
referral,student_y3_y4,pass_exam,communication_english,busy_call_back,1,1.0,1,1
google_ads,working_professional,hobby,frontend,positive_interaction,1,1.0,1,1
google_ads,student_y3_y4,pass_exam,communication_english,interested_need_time,5,2.0,0,4-5
google_ads,student_y1_y2,hobby,communication_english,interested_need_time,4,0.0,0,4-5
facebook,parent_enrolling,pass_exam,kids_english,positive_interaction,4,9.0,1,4-5
google_ads,unemployed,hobby,backend_nodejs,busy_call_back,6,6.0,0,6+
facebook,parent_enrolling,hobby,communication_english,busy_call_back,3,,0,2-3
facebook,student_y1_y2,pass_exam,communication_english,positive_interaction,1,4.0,1,1
google_ads,student_y1_y2,pass_exam,toeic,busy_call_back,4,0.0,0,4-5
google_ads,student_y3_y4,pass_exam,frontend,positive_interaction,1,17.0,1,1
facebook,parent_enrolling,pass_exam,kids_english,busy_call_back,4,0.0,0,4-5
facebook,student_y1_y2,study_abroad,ielts,interested_need_time,2,30.0,1,2-3
facebook,student_y1_y2,study_abroad,ielts,positive_interaction,1,1.0,1,1
facebook,student_y1_y2,pass_exam,toeic,not_answering,1,1.0,0,1
google_ads,working_professional,hobby,data_analysis,not_answering,2,,1,2-3
facebook,working_professional,hobby,toeic,interested_need_time,3,4.0,0,2-3
website_organic,working_professional,career_advancement,toeic,not_answering,1,0.0,1,1
facebook,student_y1_y2,hobby,toeic,not_answering,1,5.0,0,1
facebook,working_professional,career_advancement,ielts,positive_interaction,2,20.0,1,2-3
website_organic,student_y3_y4,hobby,toeic,not_answering,5,2.0,0,4-5
facebook,student_y1_y2,career_advancement,toeic,interested_need_time,4,9.0,0,4-5
google_ads,student_y3_y4,study_abroad,ielts,not_answering,4,20.0,1,4-5
referral,student_y3_y4,hobby,toeic,not_answering,2,4.0,0,2-3
referral,student_y3_y4,career_advancement,toeic,busy_call_back,2,16.0,1,2-3
tiktok,parent_enrolling,study_abroad,kids_english,rejected,2,1.0,0,2-3
facebook,student_y3_y4,career_advancement,frontend,interested_need_time,1,14.0,1,1
google_ads,student_y3_y4,career_advancement,communication_english,busy_call_back,1,6.0,1,1
other,working_professional,career_advancement,ielts,busy_call_back,5,5.0,1,4-5
referral,working_professional,career_advancement,toeic,interested_need_time,3,9.0,1,2-3
facebook,student_y1_y2,study_abroad,ielts,interested_need_time,1,4.0,1,1
facebook,working_professional,career_advancement,toeic,not_answering,3,1.0,0,2-3
facebook,student_y1_y2,pass_exam,frontend,not_answering,2,2.0,0,2-3
facebook,,hobby,toeic,busy_call_back,2,1.0,0,2-3
tiktok,working_professional,pass_exam,toeic,interested_need_time,4,0.0,0,4-5
facebook,working_professional,career_advancement,ielts,positive_interaction,5,14.0,1,4-5
facebook,student_y3_y4,study_abroad,communication_english,interested_need_time,4,12.0,1,4-5
facebook,student_y1_y2,study_abroad,ielts,positive_interaction,5,11.0,1,4-5
google_ads,student_y3_y4,pass_exam,backend_nodejs,busy_call_back,2,2.0,1,2-3
facebook,student_y3_y4,pass_exam,toeic,interested_need_time,4,8.0,0,4-5
google_ads,parent_enrolling,pass_exam,kids_english,interested_need_time,5,8.0,0,4-5
facebook,student_y3_y4,pass_exam,communication_english,not_answering,2,4.0,1,2-3
referral,unemployed,hobby,communication_english,rejected,4,3.0,0,4-5
facebook,student_y3_y4,pass_exam,toeic,busy_call_back,6,21.0,1,6+
google_ads,unemployed,hobby,data_analysis,interested_need_time,3,0.0,0,2-3
facebook,student_y1_y2,pass_exam,communication_english,interested_need_time,1,12.0,1,1
facebook,student_y3_y4,pass_exam,ielts,wrong_number,2,13.0,0,2-3
facebook,student_y1_y2,hobby,communication_english,not_answering,4,1.0,0,4-5
facebook,student_y1_y2,pass_exam,toeic,wrong_number,5,4.0,0,4-5
facebook,parent_enrolling,hobby,kids_english,not_answering,1,5.0,1,1
google_ads,working_professional,company_training,ielts,not_answering,2,,1,2-3
tiktok,working_professional,company_training,data_analysis,wrong_number,2,,0,2-3
facebook,student_y3_y4,study_abroad,toeic,not_answering,2,6.0,1,2-3
google_ads,working_professional,career_advancement,ielts,interested_need_time,4,8.0,1,4-5
google_ads,working_professional,career_advancement,data_analysis,busy_call_back,3,5.0,0,2-3
facebook,unemployed,study_abroad,frontend,rejected,3,0.0,1,2-3
facebook,working_professional,career_advancement,communication_english,positive_interaction,3,2.0,1,2-3
facebook,working_professional,hobby,data_analysis,busy_call_back,3,8.0,0,2-3
facebook,student_y3_y4,pass_exam,ielts,positive_interaction,4,3.0,0,4-5
google_ads,parent_enrolling,hobby,ielts,not_answering,1,1.0,0,1
other,student_y1_y2,study_abroad,toeic,interested_need_time,1,1.0,1,1
other,student_y3_y4,hobby,toeic,positive_interaction,5,1.0,1,4-5
referral,unemployed,study_abroad,frontend,positive_interaction,3,16.0,1,2-3
google_ads,student_y1_y2,hobby,communication_english,positive_interaction,2,12.0,1,2-3
facebook,student_y1_y2,study_abroad,ielts,positive_interaction,3,1.0,1,2-3
facebook,student_y3_y4,pass_exam,toeic,interested_need_time,4,0.0,1,4-5
facebook,student_y3_y4,study_abroad,communication_english,rejected,1,0.0,1,1
facebook,parent_enrolling,pass_exam,kids_english,not_answering,3,0.0,1,2-3
facebook,unemployed,hobby,communication_english,busy_call_back,1,7.0,0,1
google_ads,student_y3_y4,pass_exam,toeic,positive_interaction,5,7.0,1,4-5
facebook,parent_enrolling,study_abroad,kids_english,busy_call_back,3,0.0,1,2-3
facebook,working_professional,hobby,toeic,busy_call_back,5,6.0,0,4-5
tiktok,unemployed,career_advancement,backend_nodejs,positive_interaction,4,4.0,0,4-5
facebook,student_y1_y2,hobby,toeic,interested_need_time,5,1.0,0,4-5
website_organic,student_y3_y4,hobby,communication_english,not_answering,2,3.0,0,2-3
facebook,student_y1_y2,hobby,toeic,not_answering,1,7.0,0,1
google_ads,student_y1_y2,pass_exam,toeic,busy_call_back,5,29.0,0,4-5
facebook,working_professional,company_training,frontend,busy_call_back,5,18.0,1,4-5
google_ads,student_y1_y2,study_abroad,ielts,not_answering,5,12.0,0,4-5
facebook,student_y3_y4,pass_exam,communication_english,positive_interaction,8,0.0,1,6+
facebook,working_professional,pass_exam,toeic,not_answering,3,8.0,1,2-3
google_ads,student_y1_y2,study_abroad,ielts,positive_interaction,3,4.0,1,2-3
facebook,student_y3_y4,hobby,ielts,rejected,4,6.0,0,4-5
facebook,working_professional,career_advancement,data_analysis,busy_call_back,1,10.0,1,1
referral,unemployed,study_abroad,toeic,rejected,4,4.0,0,4-5
facebook,student_y3_y4,study_abroad,ielts,not_answering,5,2.0,0,4-5
google_ads,parent_enrolling,study_abroad,kids_english,interested_need_time,3,0.0,0,2-3
google_ads,unemployed,career_advancement,toeic,rejected,2,10.0,0,2-3
facebook,working_professional,career_advancement,ielts,positive_interaction,4,0.0,1,4-5
google_ads,student_y3_y4,study_abroad,ielts,not_answering,6,8.0,1,6+
facebook,working_professional,career_advancement,data_analysis,not_answering,1,0.0,1,1
tiktok,unemployed,study_abroad,frontend,not_answering,2,8.0,0,2-3
facebook,student_y3_y4,pass_exam,frontend,rejected,4,7.0,0,4-5
facebook,parent_enrolling,study_abroad,kids_english,not_answering,5,36.0,0,4-5
facebook,parent_enrolling,hobby,kids_english,interested_need_time,4,4.0,0,4-5
referral,student_y3_y4,pass_exam,communication_english,busy_call_back,3,5.0,0,2-3
tiktok,working_professional,company_training,data_analysis,busy_call_back,1,20.0,1,1
referral,student_y3_y4,hobby,toeic,busy_call_back,2,2.0,1,2-3
tiktok,working_professional,pass_exam,communication_english,busy_call_back,5,7.0,0,4-5
tiktok,unemployed,career_advancement,communication_english,interested_need_time,2,5.0,1,2-3
google_ads,student_y1_y2,pass_exam,toeic,busy_call_back,2,4.0,1,2-3
referral,student_y1_y2,hobby,ielts,busy_call_back,2,12.0,0,2-3
google_ads,student_y3_y4,career_advancement,toeic,interested_need_time,2,5.0,1,2-3
facebook,parent_enrolling,hobby,kids_english,busy_call_back,2,7.0,0,2-3
google_ads,student_y3_y4,career_advancement,communication_english,positive_interaction,4,10.0,1,4-5
google_ads,unemployed,career_advancement,frontend,interested_need_time,3,6.0,0,2-3
facebook,student_y3_y4,hobby,toeic,interested_need_time,3,4.0,0,2-3
facebook,student_y3_y4,career_advancement,backend_nodejs,not_answering,2,4.0,0,2-3
facebook,parent_enrolling,pass_exam,kids_english,not_answering,5,5.0,0,4-5
website_organic,working_professional,career_advancement,frontend,positive_interaction,1,9.0,1,1
facebook,student_y3_y4,study_abroad,ielts,wrong_number,1,9.0,0,1
website_organic,student_y1_y2,pass_exam,backend_nodejs,not_answering,2,9.0,0,2-3
google_ads,student_y1_y2,hobby,communication_english,busy_call_back,7,9.0,0,6+
tiktok,student_y1_y2,hobby,communication_english,busy_call_back,4,9.0,0,4-5
facebook,student_y3_y4,hobby,toeic,positive_interaction,3,15.0,1,2-3
referral,working_professional,career_advancement,frontend,not_answering,2,0.0,0,2-3
google_ads,student_y3_y4,study_abroad,ielts,rejected,2,13.0,1,2-3
facebook,student_y1_y2,career_advancement,communication_english,not_answering,7,10.0,0,6+
facebook,student_y3_y4,pass_exam,toeic,rejected,2,15.0,1,2-3
facebook,student_y3_y4,study_abroad,ielts,not_answering,4,0.0,1,4-5
facebook,parent_enrolling,pass_exam,kids_english,busy_call_back,5,0.0,0,4-5
tiktok,student_y3_y4,career_advancement,toeic,not_answering,4,1.0,0,4-5
referral,,pass_exam,communication_english,not_answering,2,14.0,1,2-3
tiktok,working_professional,career_advancement,toeic,rejected,2,27.0,0,2-3
google_ads,parent_enrolling,pass_exam,kids_english,busy_call_back,1,6.0,1,1
google_ads,working_professional,career_advancement,toeic,not_answering,7,8.0,0,6+
website_organic,unemployed,hobby,data_analysis,rejected,5,4.0,0,4-5
website_organic,parent_enrolling,hobby,communication_english,not_answering,2,1.0,0,2-3
facebook,working_professional,company_training,toeic,not_answering,5,8.0,0,4-5
referral,parent_enrolling,pass_exam,kids_english,not_answering,1,12.0,0,1
facebook,student_y1_y2,pass_exam,toeic,busy_call_back,1,,0,1
website_organic,unemployed,career_advancement,backend_nodejs,rejected,1,4.0,0,1
referral,unemployed,hobby,communication_english,not_answering,5,2.0,0,4-5
tiktok,parent_enrolling,study_abroad,kids_english,positive_interaction,1,6.0,1,1
facebook,student_y3_y4,study_abroad,ielts,not_answering,1,9.0,0,1
google_ads,working_professional,career_advancement,communication_english,not_answering,1,26.0,0,1
facebook,student_y1_y2,hobby,communication_english,positive_interaction,2,9.0,0,2-3
tiktok,working_professional,career_advancement,communication_english,positive_interaction,3,8.0,1,2-3
facebook,student_y3_y4,pass_exam,toeic,interested_need_time,2,4.0,1,2-3
tiktok,working_professional,pass_exam,communication_english,not_answering,5,3.0,0,4-5
referral,working_professional,career_advancement,ielts,not_answering,7,19.0,1,6+
facebook,student_y3_y4,study_abroad,ielts,positive_interaction,2,5.0,1,2-3
facebook,student_y1_y2,study_abroad,ielts,interested_need_time,6,23.0,1,6+
google_ads,student_y3_y4,hobby,toeic,busy_call_back,5,2.0,0,4-5
google_ads,working_professional,company_training,communication_english,not_answering,5,4.0,0,4-5
facebook,working_professional,hobby,frontend,positive_interaction,1,16.0,1,1
facebook,working_professional,hobby,frontend,not_answering,5,1.0,0,4-5
google_ads,student_y1_y2,career_advancement,toeic,interested_need_time,3,2.0,1,2-3
google_ads,unemployed,career_advancement,communication_english,positive_interaction,1,3.0,1,1
google_ads,working_professional,career_advancement,toeic,not_answering,4,2.0,0,4-5
facebook,student_y1_y2,career_advancement,communication_english,busy_call_back,2,7.0,1,2-3
google_ads,student_y3_y4,hobby,toeic,interested_need_time,4,4.0,0,4-5
facebook,student_y3_y4,career_advancement,communication_english,interested_need_time,3,1.0,1,2-3
facebook,student_y3_y4,hobby,communication_english,rejected,3,1.0,0,2-3
tiktok,student_y1_y2,pass_exam,toeic,interested_need_time,1,8.0,0,1
facebook,student_y1_y2,hobby,communication_english,not_answering,5,35.0,0,4-5
google_ads,student_y1_y2,career_advancement,communication_english,busy_call_back,1,8.0,1,1
referral,student_y1_y2,career_advancement,communication_english,interested_need_time,5,6.0,1,4-5
google_ads,student_y3_y4,hobby,frontend,busy_call_back,4,0.0,0,4-5
google_ads,unemployed,career_advancement,communication_english,positive_interaction,1,10.0,1,1
facebook,student_y3_y4,pass_exam,toeic,not_answering,3,3.0,1,2-3
facebook,student_y3_y4,career_advancement,ielts,not_answering,7,32.0,1,6+
facebook,working_professional,career_advancement,toeic,not_answering,6,2.0,0,6+
tiktok,student_y3_y4,study_abroad,communication_english,wrong_number,1,34.0,0,1
website_organic,student_y1_y2,study_abroad,ielts,positive_interaction,1,3.0,1,1
facebook,student_y1_y2,pass_exam,communication_english,interested_need_time,1,21.0,0,1
facebook,student_y1_y2,study_abroad,communication_english,busy_call_back,4,8.0,0,4-5
facebook,working_professional,pass_exam,communication_english,rejected,1,20.0,0,1
google_ads,student_y3_y4,pass_exam,toeic,wrong_number,1,10.0,0,1
google_ads,student_y3_y4,pass_exam,toeic,busy_call_back,2,10.0,0,2-3
tiktok,working_professional,career_advancement,communication_english,positive_interaction,7,4.0,0,6+
referral,parent_enrolling,hobby,kids_english,rejected,2,49.0,0,2-3
facebook,student_y3_y4,career_advancement,toeic,busy_call_back,4,5.0,1,4-5
tiktok,student_y3_y4,pass_exam,toeic,busy_call_back,1,4.0,1,1
google_ads,student_y3_y4,pass_exam,toeic,interested_need_time,3,0.0,1,2-3
facebook,working_professional,hobby,ielts,busy_call_back,3,1.0,0,2-3
referral,working_professional,career_advancement,communication_english,positive_interaction,6,3.0,1,6+
facebook,working_professional,career_advancement,data_analysis,interested_need_time,4,,1,4-5
tiktok,student_y1_y2,pass_exam,toeic,not_answering,1,25.0,1,1
tiktok,student_y3_y4,hobby,ielts,busy_call_back,2,16.0,0,2-3
referral,unemployed,hobby,communication_english,positive_interaction,1,4.0,1,1
google_ads,student_y3_y4,pass_exam,toeic,not_answering,2,2.0,0,2-3
facebook,parent_enrolling,study_abroad,kids_english,busy_call_back,7,5.0,0,6+
website_organic,,pass_exam,ielts,not_answering,3,12.0,1,2-3
tiktok,student_y3_y4,study_abroad,communication_english,positive_interaction,5,1.0,1,4-5
google_ads,student_y3_y4,pass_exam,toeic,not_answering,1,10.0,0,1
tiktok,student_y3_y4,pass_exam,communication_english,not_answering,5,1.0,0,4-5
facebook,unemployed,career_advancement,communication_english,positive_interaction,5,7.0,1,4-5
google_ads,student_y1_y2,career_advancement,communication_english,not_answering,4,4.0,0,4-5
website_organic,working_professional,company_training,data_analysis,positive_interaction,1,5.0,1,1
facebook,working_professional,company_training,data_analysis,busy_call_back,5,13.0,0,4-5
google_ads,unemployed,career_advancement,communication_english,positive_interaction,5,16.0,1,4-5
referral,working_professional,career_advancement,communication_english,not_answering,2,1.0,1,2-3
tiktok,parent_enrolling,pass_exam,kids_english,not_answering,6,4.0,0,6+
website_organic,unemployed,career_advancement,backend_nodejs,not_answering,5,4.0,1,4-5
facebook,,career_advancement,communication_english,rejected,2,16.0,0,2-3
other,unemployed,study_abroad,communication_english,positive_interaction,2,5.0,1,2-3
facebook,parent_enrolling,pass_exam,kids_english,not_answering,2,8.0,1,2-3
google_ads,student_y3_y4,study_abroad,ielts,not_answering,3,2.0,1,2-3
google_ads,working_professional,hobby,toeic,not_answering,5,1.0,0,4-5
tiktok,student_y3_y4,study_abroad,ielts,not_answering,5,7.0,1,4-5
referral,working_professional,career_advancement,data_analysis,not_answering,1,2.0,0,1
tiktok,student_y1_y2,study_abroad,communication_english,wrong_number,3,8.0,0,2-3
google_ads,working_professional,company_training,toeic,not_answering,3,3.0,0,2-3
google_ads,student_y3_y4,study_abroad,communication_english,wrong_number,3,0.0,0,2-3
google_ads,working_professional,career_advancement,toeic,not_answering,4,28.0,1,4-5
google_ads,student_y1_y2,pass_exam,communication_english,positive_interaction,3,7.0,1,2-3
facebook,working_professional,career_advancement,ielts,busy_call_back,2,5.0,0,2-3
google_ads,student_y3_y4,pass_exam,toeic,not_answering,2,36.0,0,2-3
website_organic,working_professional,career_advancement,communication_english,positive_interaction,5,4.0,0,4-5
tiktok,student_y3_y4,pass_exam,communication_english,not_answering,2,34.0,0,2-3
tiktok,student_y1_y2,pass_exam,toeic,wrong_number,2,3.0,0,2-3
facebook,student_y3_y4,pass_exam,toeic,positive_interaction,7,6.0,1,6+
google_ads,parent_enrolling,hobby,kids_english,rejected,5,32.0,0,4-5
facebook,student_y1_y2,career_advancement,toeic,positive_interaction,4,7.0,1,4-5
facebook,working_professional,career_advancement,frontend,not_answering,2,1.0,1,2-3
google_ads,student_y1_y2,pass_exam,ielts,busy_call_back,3,15.0,0,2-3
facebook,working_professional,career_advancement,toeic,positive_interaction,3,10.0,1,2-3
facebook,student_y1_y2,hobby,toeic,busy_call_back,2,2.0,0,2-3
tiktok,student_y3_y4,hobby,frontend,interested_need_time,1,3.0,1,1
google_ads,student_y3_y4,pass_exam,toeic,not_answering,2,10.0,0,2-3
google_ads,student_y1_y2,career_advancement,toeic,positive_interaction,3,26.0,1,2-3
facebook,student_y3_y4,career_advancement,toeic,busy_call_back,7,13.0,1,6+
google_ads,student_y3_y4,pass_exam,communication_english,not_answering,4,1.0,0,4-5
google_ads,student_y3_y4,career_advancement,communication_english,rejected,1,12.0,0,1
google_ads,parent_enrolling,study_abroad,kids_english,positive_interaction,2,4.0,1,2-3
google_ads,student_y3_y4,study_abroad,ielts,busy_call_back,3,4.0,1,2-3
facebook,parent_enrolling,pass_exam,kids_english,not_answering,3,1.0,0,2-3
referral,student_y3_y4,study_abroad,ielts,positive_interaction,1,1.0,1,1
facebook,student_y1_y2,pass_exam,communication_english,not_answering,6,19.0,0,6+
google_ads,student_y1_y2,pass_exam,backend_nodejs,interested_need_time,6,26.0,0,6+
facebook,student_y3_y4,pass_exam,toeic,positive_interaction,6,29.0,0,6+
google_ads,student_y3_y4,hobby,communication_english,not_answering,2,1.0,0,2-3
facebook,unemployed,study_abroad,frontend,not_answering,5,5.0,0,4-5
website_organic,working_professional,career_advancement,data_analysis,not_answering,4,7.0,0,4-5
facebook,working_professional,career_advancement,data_analysis,busy_call_back,3,5.0,0,2-3
google_ads,student_y3_y4,pass_exam,toeic,interested_need_time,1,,0,1
facebook,student_y3_y4,pass_exam,communication_english,not_answering,1,19.0,0,1
facebook,working_professional,career_advancement,ielts,rejected,2,0.0,0,2-3
google_ads,student_y1_y2,pass_exam,toeic,positive_interaction,5,4.0,1,4-5
google_ads,student_y1_y2,pass_exam,communication_english,not_answering,4,2.0,0,4-5
google_ads,student_y3_y4,career_advancement,toeic,interested_need_time,8,15.0,0,6+
referral,student_y1_y2,pass_exam,communication_english,busy_call_back,3,22.0,0,2-3
tiktok,working_professional,career_advancement,data_analysis,busy_call_back,1,0.0,0,1
other,student_y1_y2,career_advancement,toeic,interested_need_time,3,0.0,0,2-3
facebook,student_y1_y2,study_abroad,communication_english,not_answering,1,0.0,1,1
tiktok,parent_enrolling,pass_exam,kids_english,not_answering,6,8.0,0,6+
google_ads,parent_enrolling,pass_exam,kids_english,not_answering,2,25.0,0,2-3
google_ads,student_y3_y4,study_abroad,ielts,not_answering,1,4.0,0,1
other,,pass_exam,toeic,positive_interaction,3,10.0,1,2-3
tiktok,working_professional,career_advancement,communication_english,rejected,5,11.0,0,4-5
website_organic,student_y1_y2,pass_exam,toeic,positive_interaction,3,1.0,1,2-3
tiktok,student_y3_y4,study_abroad,communication_english,rejected,1,2.0,1,1
facebook,student_y1_y2,pass_exam,communication_english,interested_need_time,4,19.0,0,4-5
tiktok,student_y3_y4,pass_exam,toeic,not_answering,1,1.0,1,1
google_ads,parent_enrolling,hobby,kids_english,wrong_number,3,9.0,0,2-3
referral,working_professional,career_advancement,toeic,not_answering,3,6.0,1,2-3
website_organic,parent_enrolling,study_abroad,kids_english,not_answering,2,2.0,0,2-3
facebook,working_professional,pass_exam,toeic,rejected,2,3.0,1,2-3
facebook,working_professional,career_advancement,data_analysis,positive_interaction,1,7.0,1,1
facebook,working_professional,company_training,toeic,rejected,2,0.0,0,2-3
google_ads,working_professional,pass_exam,ielts,not_answering,3,40.0,0,2-3
facebook,student_y3_y4,pass_exam,toeic,positive_interaction,2,12.0,1,2-3
tiktok,student_y3_y4,pass_exam,communication_english,not_answering,1,8.0,1,1
google_ads,student_y3_y4,study_abroad,ielts,busy_call_back,4,4.0,1,4-5
website_organic,student_y3_y4,hobby,toeic,wrong_number,4,13.0,0,4-5
facebook,student_y3_y4,career_advancement,ielts,busy_call_back,5,2.0,0,4-5
google_ads,student_y1_y2,pass_exam,toeic,positive_interaction,5,4.0,1,4-5
facebook,working_professional,career_advancement,ielts,wrong_number,3,3.0,0,2-3
website_organic,student_y1_y2,pass_exam,ielts,wrong_number,2,30.0,0,2-3
facebook,student_y3_y4,study_abroad,ielts,not_answering,3,23.0,1,2-3
facebook,student_y3_y4,hobby,toeic,not_answering,4,5.0,0,4-5
facebook,student_y1_y2,career_advancement,toeic,rejected,3,18.0,0,2-3
website_organic,parent_enrolling,pass_exam,kids_english,interested_need_time,8,13.0,0,6+
facebook,student_y3_y4,pass_exam,communication_english,busy_call_back,3,13.0,1,2-3
google_ads,student_y3_y4,pass_exam,toeic,not_answering,2,43.0,0,2-3
tiktok,student_y1_y2,pass_exam,communication_english,not_answering,4,7.0,0,4-5
tiktok,unemployed,study_abroad,backend_nodejs,rejected,1,,1,1
facebook,working_professional,pass_exam,communication_english,busy_call_back,6,9.0,0,6+
facebook,student_y3_y4,pass_exam,communication_english,positive_interaction,2,5.0,1,2-3
google_ads,student_y1_y2,pass_exam,communication_english,not_answering,4,7.0,0,4-5
facebook,working_professional,company_training,communication_english,not_answering,3,1.0,0,2-3
tiktok,parent_enrolling,hobby,kids_english,interested_need_time,1,5.0,0,1
facebook,student_y3_y4,study_abroad,ielts,wrong_number,4,1.0,1,4-5
google_ads,student_y1_y2,study_abroad,ielts,not_answering,2,6.0,1,2-3
facebook,student_y1_y2,hobby,frontend,busy_call_back,2,11.0,0,2-3
google_ads,student_y1_y2,study_abroad,ielts,interested_need_time,1,4.0,0,1
facebook,working_professional,company_training,data_analysis,not_answering,5,6.0,0,4-5
tiktok,parent_enrolling,study_abroad,kids_english,busy_call_back,5,1.0,1,4-5
facebook,parent_enrolling,hobby,kids_english,interested_need_time,1,2.0,0,1
referral,working_professional,career_advancement,ielts,not_answering,5,5.0,1,4-5
tiktok,student_y1_y2,pass_exam,toeic,interested_need_time,5,21.0,0,4-5
facebook,parent_enrolling,hobby,kids_english,not_answering,1,0.0,0,1
facebook,student_y3_y4,pass_exam,communication_english,positive_interaction,8,1.0,1,6+
facebook,student_y3_y4,career_advancement,toeic,positive_interaction,1,19.0,0,1
facebook,working_professional,career_advancement,communication_english,positive_interaction,5,20.0,1,4-5
facebook,student_y1_y2,study_abroad,ielts,positive_interaction,3,1.0,1,2-3
website_organic,unemployed,career_advancement,toeic,interested_need_time,7,9.0,0,6+
google_ads,parent_enrolling,study_abroad,ielts,busy_call_back,2,43.0,0,2-3
facebook,working_professional,pass_exam,ielts,busy_call_back,2,5.0,0,2-3
google_ads,working_professional,company_training,toeic,not_answering,5,0.0,0,4-5
facebook,student_y3_y4,career_advancement,communication_english,positive_interaction,4,13.0,1,4-5
referral,student_y1_y2,pass_exam,toeic,not_answering,3,47.0,0,2-3
facebook,working_professional,career_advancement,toeic,busy_call_back,3,7.0,0,2-3
tiktok,working_professional,company_training,toeic,interested_need_time,4,,0,4-5
tiktok,parent_enrolling,pass_exam,kids_english,positive_interaction,1,1.0,1,1
facebook,student_y1_y2,hobby,toeic,busy_call_back,1,21.0,0,1
facebook,student_y3_y4,study_abroad,communication_english,busy_call_back,1,7.0,0,1
facebook,student_y3_y4,career_advancement,communication_english,interested_need_time,1,8.0,1,1
website_organic,working_professional,company_training,communication_english,rejected,5,11.0,0,4-5
google_ads,working_professional,pass_exam,data_analysis,positive_interaction,2,27.0,1,2-3
tiktok,parent_enrolling,hobby,kids_english,not_answering,3,2.0,0,2-3
tiktok,student_y3_y4,study_abroad,ielts,positive_interaction,1,3.0,1,1
website_organic,student_y3_y4,study_abroad,communication_english,not_answering,5,23.0,0,4-5
google_ads,student_y1_y2,career_advancement,toeic,not_answering,1,7.0,0,1
google_ads,student_y3_y4,hobby,toeic,not_answering,1,5.0,1,1
tiktok,student_y3_y4,study_abroad,ielts,busy_call_back,5,6.0,1,4-5
facebook,working_professional,career_advancement,frontend,interested_need_time,1,14.0,1,1
website_organic,student_y3_y4,pass_exam,frontend,interested_need_time,4,23.0,1,4-5
facebook,student_y3_y4,pass_exam,communication_english,positive_interaction,2,19.0,1,2-3
facebook,working_professional,career_advancement,data_analysis,interested_need_time,4,,0,4-5
website_organic,unemployed,study_abroad,frontend,not_answering,1,1.0,0,1
facebook,student_y1_y2,pass_exam,communication_english,interested_need_time,2,3.0,1,2-3
facebook,student_y3_y4,career_advancement,toeic,positive_interaction,3,2.0,1,2-3
facebook,working_professional,company_training,data_analysis,interested_need_time,3,0.0,1,2-3
google_ads,working_professional,company_training,toeic,busy_call_back,5,28.0,0,4-5
website_organic,unemployed,career_advancement,toeic,interested_need_time,2,2.0,1,2-3
facebook,student_y1_y2,study_abroad,ielts,interested_need_time,4,1.0,1,4-5
facebook,student_y3_y4,hobby,toeic,busy_call_back,1,25.0,0,1
google_ads,parent_enrolling,pass_exam,kids_english,wrong_number,4,3.0,0,4-5
referral,student_y3_y4,career_advancement,backend_nodejs,not_answering,6,0.0,1,6+
facebook,student_y3_y4,study_abroad,ielts,not_answering,1,10.0,1,1
referral,parent_enrolling,pass_exam,kids_english,positive_interaction,1,2.0,1,1
website_organic,student_y1_y2,hobby,toeic,positive_interaction,4,26.0,1,4-5
facebook,working_professional,career_advancement,toeic,interested_need_time,5,16.0,0,4-5
website_organic,unemployed,career_advancement,communication_english,busy_call_back,3,0.0,1,2-3
tiktok,student_y1_y2,study_abroad,ielts,rejected,3,9.0,1,2-3
google_ads,working_professional,pass_exam,ielts,busy_call_back,4,4.0,0,4-5
google_ads,student_y3_y4,pass_exam,ielts,busy_call_back,2,16.0,0,2-3
website_organic,unemployed,career_advancement,communication_english,interested_need_time,8,17.0,0,6+
tiktok,parent_enrolling,pass_exam,ielts,busy_call_back,5,18.0,1,4-5
tiktok,unemployed,hobby,communication_english,interested_need_time,5,1.0,0,4-5
other,student_y1_y2,career_advancement,communication_english,rejected,5,21.0,0,4-5
google_ads,working_professional,company_training,data_analysis,not_answering,6,3.0,0,6+
website_organic,parent_enrolling,hobby,kids_english,not_answering,1,1.0,0,1
website_organic,working_professional,career_advancement,frontend,busy_call_back,6,2.0,1,6+
facebook,working_professional,career_advancement,data_analysis,interested_need_time,2,1.0,0,2-3
facebook,student_y1_y2,study_abroad,ielts,positive_interaction,2,27.0,1,2-3
google_ads,unemployed,career_advancement,backend_nodejs,rejected,2,11.0,0,2-3
website_organic,student_y1_y2,career_advancement,ielts,positive_interaction,2,25.0,1,2-3
facebook,student_y3_y4,study_abroad,ielts,rejected,2,41.0,0,2-3
tiktok,parent_enrolling,pass_exam,kids_english,not_answering,3,17.0,0,2-3
facebook,parent_enrolling,pass_exam,kids_english,not_answering,1,28.0,0,1
facebook,parent_enrolling,pass_exam,kids_english,busy_call_back,2,2.0,0,2-3
google_ads,student_y3_y4,study_abroad,communication_english,positive_interaction,2,1.0,1,2-3
facebook,student_y1_y2,study_abroad,ielts,not_answering,4,4.0,0,4-5
website_organic,student_y3_y4,career_advancement,toeic,not_answering,3,14.0,1,2-3
facebook,student_y1_y2,career_advancement,communication_english,busy_call_back,4,10.0,0,4-5
referral,unemployed,career_advancement,backend_nodejs,busy_call_back,4,10.0,1,4-5
facebook,working_professional,career_advancement,data_analysis,interested_need_time,4,15.0,0,4-5
other,student_y3_y4,study_abroad,ielts,wrong_number,2,3.0,0,2-3
google_ads,student_y1_y2,hobby,toeic,not_answering,3,3.0,0,2-3
facebook,,pass_exam,communication_english,interested_need_time,3,8.0,0,2-3
facebook,unemployed,career_advancement,toeic,not_answering,1,11.0,0,1
facebook,working_professional,career_advancement,communication_english,not_answering,5,3.0,0,4-5
google_ads,student_y1_y2,pass_exam,toeic,busy_call_back,1,1.0,0,1
website_organic,student_y1_y2,pass_exam,toeic,interested_need_time,7,6.0,0,6+
google_ads,student_y3_y4,pass_exam,toeic,interested_need_time,1,,1,1
google_ads,student_y1_y2,study_abroad,ielts,interested_need_time,4,9.0,1,4-5
google_ads,parent_enrolling,pass_exam,kids_english,positive_interaction,2,7.0,1,2-3
google_ads,working_professional,career_advancement,toeic,not_answering,6,6.0,0,6+
tiktok,student_y1_y2,pass_exam,toeic,positive_interaction,5,11.0,1,4-5
google_ads,working_professional,pass_exam,communication_english,positive_interaction,1,22.0,1,1
tiktok,student_y3_y4,pass_exam,communication_english,not_answering,1,1.0,0,1
other,student_y1_y2,study_abroad,ielts,busy_call_back,3,27.0,0,2-3
facebook,working_professional,company_training,data_analysis,not_answering,1,17.0,0,1
facebook,student_y1_y2,hobby,frontend,not_answering,1,5.0,0,1
facebook,student_y3_y4,study_abroad,communication_english,not_answering,7,18.0,0,6+
google_ads,unemployed,career_advancement,data_analysis,not_answering,3,18.0,1,2-3
facebook,parent_enrolling,study_abroad,kids_english,rejected,1,5.0,1,1
referral,student_y3_y4,pass_exam,communication_english,wrong_number,3,1.0,1,2-3
google_ads,working_professional,career_advancement,frontend,interested_need_time,1,10.0,0,1
google_ads,student_y1_y2,pass_exam,ielts,positive_interaction,5,2.0,0,4-5
tiktok,working_professional,career_advancement,data_analysis,rejected,1,4.0,0,1
facebook,student_y3_y4,pass_exam,toeic,busy_call_back,2,6.0,1,2-3
website_organic,working_professional,career_advancement,communication_english,interested_need_time,2,8.0,0,2-3
facebook,student_y1_y2,pass_exam,ielts,positive_interaction,8,1.0,1,6+
google_ads,parent_enrolling,pass_exam,kids_english,rejected,1,21.0,0,1
referral,unemployed,hobby,communication_english,positive_interaction,4,4.0,0,4-5
tiktok,student_y3_y4,hobby,communication_english,not_answering,3,14.0,0,2-3
website_organic,working_professional,company_training,frontend,positive_interaction,5,23.0,0,4-5
facebook,student_y1_y2,study_abroad,toeic,not_answering,2,3.0,0,2-3
website_organic,working_professional,career_advancement,communication_english,not_answering,5,14.0,0,4-5
google_ads,student_y3_y4,career_advancement,toeic,interested_need_time,7,14.0,1,6+
google_ads,student_y1_y2,study_abroad,ielts,positive_interaction,2,4.0,1,2-3
facebook,working_professional,career_advancement,frontend,not_answering,2,12.0,1,2-3
facebook,student_y3_y4,pass_exam,toeic,busy_call_back,7,0.0,1,6+
google_ads,student_y3_y4,study_abroad,communication_english,positive_interaction,2,2.0,1,2-3
facebook,student_y3_y4,career_advancement,toeic,not_answering,5,1.0,0,4-5
tiktok,student_y1_y2,hobby,communication_english,positive_interaction,5,2.0,0,4-5
website_organic,student_y1_y2,career_advancement,toeic,busy_call_back,2,11.0,0,2-3
referral,working_professional,career_advancement,data_analysis,interested_need_time,1,3.0,1,1
facebook,working_professional,career_advancement,communication_english,not_answering,2,2.0,0,2-3
referral,student_y1_y2,study_abroad,communication_english,rejected,3,15.0,0,2-3
facebook,student_y3_y4,pass_exam,communication_english,rejected,3,,0,2-3
google_ads,working_professional,career_advancement,frontend,not_answering,4,16.0,0,4-5
website_organic,working_professional,career_advancement,data_analysis,positive_interaction,3,34.0,1,2-3
facebook,unemployed,study_abroad,backend_nodejs,positive_interaction,5,20.0,1,4-5
facebook,student_y3_y4,pass_exam,communication_english,not_answering,1,4.0,0,1
facebook,student_y3_y4,hobby,toeic,interested_need_time,2,3.0,1,2-3
google_ads,working_professional,company_training,communication_english,wrong_number,1,0.0,0,1
website_organic,student_y3_y4,career_advancement,communication_english,interested_need_time,1,6.0,1,1
facebook,student_y1_y2,hobby,communication_english,rejected,2,5.0,0,2-3
facebook,student_y1_y2,pass_exam,communication_english,not_answering,6,14.0,0,6+
google_ads,unemployed,study_abroad,communication_english,rejected,2,,0,2-3
facebook,student_y1_y2,pass_exam,communication_english,rejected,2,0.0,0,2-3
tiktok,working_professional,career_advancement,communication_english,not_answering,4,5.0,1,4-5
referral,working_professional,career_advancement,toeic,busy_call_back,4,14.0,0,4-5
tiktok,student_y3_y4,study_abroad,ielts,interested_need_time,3,1.0,1,2-3
website_organic,unemployed,career_advancement,data_analysis,wrong_number,2,10.0,0,2-3
google_ads,working_professional,career_advancement,data_analysis,not_answering,2,21.0,1,2-3
website_organic,student_y1_y2,pass_exam,toeic,busy_call_back,1,19.0,0,1
facebook,working_professional,career_advancement,data_analysis,positive_interaction,2,9.0,1,2-3
facebook,student_y3_y4,hobby,toeic,busy_call_back,1,3.0,0,1
tiktok,student_y3_y4,pass_exam,toeic,interested_need_time,3,9.0,0,2-3
facebook,working_professional,career_advancement,communication_english,interested_need_time,5,9.0,0,4-5
website_organic,working_professional,hobby,data_analysis,rejected,2,11.0,0,2-3
tiktok,student_y3_y4,study_abroad,ielts,not_answering,2,0.0,1,2-3
referral,parent_enrolling,pass_exam,kids_english,rejected,5,2.0,0,4-5
facebook,working_professional,career_advancement,frontend,interested_need_time,3,19.0,0,2-3
google_ads,working_professional,career_advancement,communication_english,rejected,4,,0,4-5
tiktok,student_y1_y2,pass_exam,toeic,not_answering,5,2.0,0,4-5
facebook,student_y3_y4,hobby,communication_english,interested_need_time,4,1.0,0,4-5
google_ads,student_y3_y4,career_advancement,ielts,positive_interaction,4,7.0,1,4-5
tiktok,working_professional,career_advancement,data_analysis,positive_interaction,2,10.0,1,2-3
referral,student_y3_y4,career_advancement,toeic,not_answering,6,,1,6+
tiktok,working_professional,career_advancement,data_analysis,busy_call_back,4,42.0,0,4-5
facebook,student_y3_y4,hobby,toeic,not_answering,1,17.0,0,1
google_ads,working_professional,hobby,ielts,not_answering,3,2.0,0,2-3
google_ads,,study_abroad,communication_english,positive_interaction,1,0.0,1,1
facebook,working_professional,career_advancement,data_analysis,rejected,3,0.0,0,2-3
google_ads,working_professional,career_advancement,communication_english,interested_need_time,1,4.0,1,1
facebook,unemployed,hobby,communication_english,not_answering,3,22.0,0,2-3
facebook,student_y1_y2,study_abroad,toeic,not_answering,3,30.0,1,2-3
google_ads,working_professional,career_advancement,ielts,busy_call_back,3,1.0,1,2-3
facebook,parent_enrolling,pass_exam,kids_english,not_answering,3,6.0,0,2-3
google_ads,working_professional,career_advancement,toeic,positive_interaction,2,46.0,0,2-3
facebook,student_y1_y2,pass_exam,ielts,not_answering,2,2.0,1,2-3
tiktok,parent_enrolling,hobby,kids_english,not_answering,3,6.0,0,2-3
facebook,student_y1_y2,pass_exam,communication_english,positive_interaction,3,2.0,1,2-3
website_organic,student_y3_y4,study_abroad,ielts,not_answering,6,2.0,1,6+
facebook,student_y1_y2,pass_exam,toeic,busy_call_back,2,5.0,0,2-3
google_ads,student_y3_y4,study_abroad,ielts,interested_need_time,3,25.0,0,2-3
facebook,student_y3_y4,career_advancement,toeic,not_answering,6,7.0,1,6+
facebook,,study_abroad,ielts,interested_need_time,4,12.0,1,4-5
google_ads,parent_enrolling,pass_exam,ielts,busy_call_back,2,12.0,0,2-3
website_organic,student_y3_y4,study_abroad,communication_english,positive_interaction,2,4.0,1,2-3
referral,student_y3_y4,study_abroad,ielts,not_answering,5,2.0,1,4-5
facebook,unemployed,career_advancement,frontend,busy_call_back,2,40.0,0,2-3
facebook,unemployed,hobby,frontend,positive_interaction,2,32.0,0,2-3
tiktok,student_y1_y2,pass_exam,toeic,not_answering,3,15.0,0,2-3
google_ads,student_y1_y2,pass_exam,toeic,not_answering,1,0.0,1,1
facebook,working_professional,career_advancement,ielts,not_answering,3,9.0,0,2-3
tiktok,unemployed,career_advancement,communication_english,not_answering,8,37.0,0,6+
google_ads,working_professional,career_advancement,communication_english,not_answering,7,0.0,1,6+
tiktok,student_y1_y2,study_abroad,ielts,rejected,3,8.0,0,2-3
facebook,working_professional,pass_exam,frontend,busy_call_back,5,12.0,0,4-5
google_ads,working_professional,career_advancement,ielts,interested_need_time,5,3.0,1,4-5
facebook,working_professional,company_training,ielts,not_answering,7,8.0,0,6+
tiktok,unemployed,career_advancement,toeic,not_answering,5,13.0,0,4-5
facebook,working_professional,career_advancement,toeic,positive_interaction,5,11.0,0,4-5
tiktok,working_professional,pass_exam,toeic,positive_interaction,2,16.0,0,2-3
tiktok,working_professional,career_advancement,communication_english,rejected,1,9.0,1,1
tiktok,working_professional,career_advancement,toeic,not_answering,1,15.0,0,1
facebook,student_y3_y4,study_abroad,ielts,not_answering,4,3.0,0,4-5
facebook,student_y3_y4,career_advancement,toeic,positive_interaction,6,12.0,0,6+
google_ads,working_professional,hobby,data_analysis,busy_call_back,8,,0,6+
google_ads,working_professional,company_training,data_analysis,not_answering,5,0.0,0,4-5
referral,student_y3_y4,hobby,toeic,busy_call_back,5,7.0,0,4-5
facebook,student_y1_y2,study_abroad,toeic,not_answering,3,17.0,0,2-3
website_organic,working_professional,company_training,communication_english,positive_interaction,3,8.0,1,2-3
facebook,working_professional,company_training,data_analysis,wrong_number,3,0.0,1,2-3
facebook,student_y3_y4,pass_exam,communication_english,interested_need_time,1,0.0,1,1
facebook,student_y3_y4,career_advancement,communication_english,busy_call_back,4,7.0,1,4-5
tiktok,student_y1_y2,pass_exam,communication_english,positive_interaction,4,15.0,0,4-5
facebook,parent_enrolling,study_abroad,kids_english,interested_need_time,1,13.0,0,1
facebook,unemployed,hobby,frontend,positive_interaction,3,3.0,0,2-3
tiktok,working_professional,hobby,data_analysis,interested_need_time,3,17.0,1,2-3
google_ads,student_y3_y4,career_advancement,communication_english,rejected,4,34.0,0,4-5
facebook,working_professional,career_advancement,data_analysis,not_answering,5,5.0,0,4-5
facebook,student_y3_y4,pass_exam,communication_english,interested_need_time,2,13.0,1,2-3
google_ads,parent_enrolling,pass_exam,kids_english,positive_interaction,5,1.0,1,4-5
facebook,student_y1_y2,study_abroad,ielts,wrong_number,1,16.0,0,1
facebook,student_y1_y2,study_abroad,ielts,rejected,2,2.0,0,2-3
google_ads,working_professional,career_advancement,toeic,busy_call_back,3,11.0,0,2-3
facebook,student_y1_y2,hobby,ielts,positive_interaction,5,0.0,1,4-5
google_ads,working_professional,pass_exam,communication_english,not_answering,6,14.0,0,6+
facebook,working_professional,career_advancement,toeic,interested_need_time,1,0.0,1,1
facebook,student_y1_y2,study_abroad,communication_english,not_answering,4,23.0,0,4-5
facebook,student_y3_y4,career_advancement,toeic,busy_call_back,5,0.0,1,4-5
facebook,working_professional,career_advancement,ielts,rejected,7,5.0,0,6+
facebook,unemployed,career_advancement,data_analysis,positive_interaction,2,22.0,1,2-3
facebook,student_y3_y4,career_advancement,toeic,busy_call_back,1,8.0,1,1
referral,student_y1_y2,hobby,ielts,not_answering,3,0.0,0,2-3
website_organic,working_professional,company_training,communication_english,busy_call_back,6,2.0,0,6+
facebook,student_y3_y4,pass_exam,communication_english,not_answering,2,11.0,0,2-3
google_ads,working_professional,career_advancement,communication_english,not_answering,3,0.0,0,2-3
google_ads,working_professional,career_advancement,communication_english,rejected,8,4.0,0,6+
website_organic,student_y3_y4,career_advancement,communication_english,busy_call_back,3,3.0,1,2-3
facebook,working_professional,career_advancement,data_analysis,not_answering,3,9.0,1,2-3
facebook,student_y3_y4,pass_exam,toeic,positive_interaction,8,1.0,0,6+
facebook,student_y1_y2,study_abroad,ielts,not_answering,2,0.0,1,2-3
facebook,working_professional,career_advancement,data_analysis,busy_call_back,2,4.0,1,2-3
facebook,parent_enrolling,pass_exam,kids_english,not_answering,2,18.0,0,2-3
website_organic,working_professional,career_advancement,data_analysis,not_answering,3,3.0,0,2-3
referral,student_y3_y4,study_abroad,ielts,interested_need_time,1,4.0,1,1
facebook,working_professional,company_training,data_analysis,positive_interaction,1,,0,1
google_ads,student_y3_y4,pass_exam,communication_english,busy_call_back,2,1.0,0,2-3
facebook,student_y3_y4,career_advancement,toeic,positive_interaction,3,19.0,0,2-3
google_ads,student_y3_y4,hobby,toeic,rejected,5,6.0,0,4-5
google_ads,,career_advancement,ielts,positive_interaction,3,16.0,0,2-3
facebook,student_y3_y4,hobby,communication_english,rejected,4,6.0,0,4-5
website_organic,parent_enrolling,hobby,kids_english,rejected,7,5.0,0,6+
referral,student_y3_y4,pass_exam,ielts,positive_interaction,4,7.0,1,4-5
tiktok,unemployed,career_advancement,data_analysis,not_answering,3,11.0,1,2-3
tiktok,working_professional,career_advancement,communication_english,not_answering,1,15.0,0,1
google_ads,student_y3_y4,pass_exam,communication_english,positive_interaction,2,2.0,1,2-3
facebook,student_y1_y2,pass_exam,toeic,positive_interaction,2,10.0,0,2-3
facebook,student_y1_y2,hobby,communication_english,positive_interaction,3,2.0,1,2-3
google_ads,student_y1_y2,career_advancement,toeic,interested_need_time,7,12.0,0,6+
facebook,working_professional,career_advancement,data_analysis,positive_interaction,2,,1,2-3
website_organic,parent_enrolling,pass_exam,kids_english,positive_interaction,1,7.0,0,1
google_ads,unemployed,study_abroad,communication_english,positive_interaction,5,10.0,1,4-5
google_ads,student_y1_y2,hobby,toeic,not_answering,8,2.0,0,6+
facebook,student_y3_y4,pass_exam,toeic,busy_call_back,4,11.0,0,4-5
referral,student_y1_y2,hobby,communication_english,not_answering,1,13.0,0,1
facebook,parent_enrolling,hobby,kids_english,not_answering,3,,0,2-3
facebook,student_y1_y2,hobby,communication_english,interested_need_time,2,2.0,0,2-3
facebook,student_y1_y2,study_abroad,communication_english,not_answering,3,10.0,1,2-3
tiktok,working_professional,company_training,data_analysis,rejected,4,2.0,0,4-5
other,working_professional,career_advancement,frontend,busy_call_back,5,56.0,1,4-5
facebook,student_y1_y2,pass_exam,backend_nodejs,positive_interaction,2,4.0,0,2-3
referral,working_professional,career_advancement,communication_english,not_answering,7,3.0,0,6+
facebook,student_y1_y2,pass_exam,communication_english,positive_interaction,2,3.0,1,2-3
google_ads,student_y1_y2,pass_exam,ielts,busy_call_back,1,,1,1
facebook,student_y1_y2,study_abroad,ielts,interested_need_time,5,2.0,1,4-5
google_ads,student_y3_y4,study_abroad,communication_english,interested_need_time,3,2.0,1,2-3
tiktok,parent_enrolling,hobby,kids_english,interested_need_time,3,,0,2-3
google_ads,student_y3_y4,hobby,toeic,interested_need_time,2,10.0,0,2-3
facebook,working_professional,company_training,data_analysis,positive_interaction,1,23.0,1,1
website_organic,student_y3_y4,study_abroad,ielts,positive_interaction,1,12.0,1,1
referral,working_professional,company_training,toeic,busy_call_back,4,12.0,0,4-5
google_ads,parent_enrolling,pass_exam,kids_english,rejected,2,0.0,0,2-3
google_ads,,career_advancement,toeic,busy_call_back,8,4.0,1,6+
tiktok,parent_enrolling,pass_exam,communication_english,not_answering,4,6.0,0,4-5
facebook,working_professional,company_training,data_analysis,busy_call_back,5,2.0,0,4-5
website_organic,working_professional,career_advancement,communication_english,busy_call_back,5,3.0,0,4-5
facebook,student_y3_y4,study_abroad,ielts,busy_call_back,4,8.0,1,4-5
tiktok,working_professional,career_advancement,communication_english,positive_interaction,3,0.0,1,2-3
facebook,student_y3_y4,study_abroad,ielts,interested_need_time,6,21.0,0,6+
facebook,parent_enrolling,pass_exam,ielts,rejected,2,9.0,0,2-3
google_ads,parent_enrolling,pass_exam,kids_english,not_answering,1,6.0,1,1
google_ads,student_y3_y4,study_abroad,ielts,interested_need_time,3,0.0,1,2-3
website_organic,parent_enrolling,pass_exam,kids_english,not_answering,1,3.0,1,1
other,unemployed,study_abroad,frontend,busy_call_back,4,15.0,0,4-5
facebook,working_professional,career_advancement,toeic,busy_call_back,8,7.0,0,6+
facebook,student_y1_y2,study_abroad,ielts,positive_interaction,4,10.0,1,4-5
facebook,student_y1_y2,study_abroad,ielts,positive_interaction,2,6.0,1,2-3
google_ads,student_y1_y2,study_abroad,communication_english,not_answering,1,4.0,0,1
google_ads,student_y1_y2,study_abroad,communication_english,not_answering,2,7.0,0,2-3
website_organic,parent_enrolling,pass_exam,kids_english,busy_call_back,1,12.0,1,1
tiktok,student_y1_y2,study_abroad,communication_english,not_answering,3,21.0,0,2-3
facebook,working_professional,career_advancement,ielts,positive_interaction,4,43.0,0,4-5
google_ads,working_professional,pass_exam,communication_english,interested_need_time,4,2.0,1,4-5
google_ads,working_professional,career_advancement,data_analysis,positive_interaction,3,9.0,1,2-3
google_ads,student_y1_y2,hobby,communication_english,rejected,2,2.0,0,2-3
facebook,working_professional,career_advancement,data_analysis,busy_call_back,1,0.0,1,1
facebook,,career_advancement,data_analysis,rejected,3,12.0,0,2-3
google_ads,working_professional,career_advancement,data_analysis,positive_interaction,2,5.0,1,2-3
facebook,student_y1_y2,pass_exam,toeic,not_answering,2,8.0,0,2-3
tiktok,working_professional,company_training,toeic,positive_interaction,4,4.0,1,4-5
facebook,student_y1_y2,pass_exam,toeic,busy_call_back,2,,1,2-3
google_ads,working_professional,hobby,toeic,positive_interaction,1,3.0,1,1
google_ads,student_y3_y4,study_abroad,ielts,positive_interaction,3,9.0,1,2-3
website_organic,student_y3_y4,career_advancement,communication_english,wrong_number,2,15.0,0,2-3
facebook,unemployed,career_advancement,communication_english,positive_interaction,4,4.0,0,4-5
facebook,student_y1_y2,pass_exam,ielts,positive_interaction,1,1.0,1,1
facebook,parent_enrolling,study_abroad,kids_english,busy_call_back,5,11.0,0,4-5
google_ads,unemployed,hobby,data_analysis,rejected,3,15.0,0,2-3
facebook,student_y3_y4,hobby,communication_english,positive_interaction,1,26.0,0,1
tiktok,student_y3_y4,pass_exam,toeic,positive_interaction,1,6.0,1,1
facebook,student_y1_y2,study_abroad,communication_english,wrong_number,6,0.0,0,6+
facebook,parent_enrolling,study_abroad,kids_english,not_answering,3,6.0,1,2-3
google_ads,working_professional,company_training,toeic,busy_call_back,4,11.0,0,4-5
tiktok,student_y1_y2,pass_exam,ielts,positive_interaction,5,1.0,1,4-5
website_organic,student_y3_y4,study_abroad,ielts,rejected,2,2.0,1,2-3
tiktok,student_y1_y2,pass_exam,communication_english,positive_interaction,3,,0,2-3
google_ads,working_professional,career_advancement,communication_english,busy_call_back,4,2.0,0,4-5
tiktok,student_y3_y4,study_abroad,communication_english,not_answering,5,16.0,1,4-5
tiktok,student_y1_y2,pass_exam,communication_english,interested_need_time,2,3.0,1,2-3
facebook,unemployed,hobby,communication_english,busy_call_back,7,6.0,0,6+
google_ads,student_y3_y4,pass_exam,toeic,wrong_number,3,6.0,0,2-3
tiktok,student_y3_y4,study_abroad,communication_english,interested_need_time,5,12.0,1,4-5
facebook,working_professional,career_advancement,ielts,busy_call_back,1,13.0,0,1
tiktok,parent_enrolling,pass_exam,kids_english,busy_call_back,3,,0,2-3
google_ads,student_y3_y4,study_abroad,communication_english,rejected,1,0.0,0,1
google_ads,parent_enrolling,hobby,kids_english,interested_need_time,6,9.0,0,6+
facebook,,study_abroad,toeic,not_answering,2,1.0,1,2-3
tiktok,unemployed,study_abroad,toeic,interested_need_time,4,22.0,0,4-5
website_organic,student_y1_y2,pass_exam,toeic,busy_call_back,1,13.0,1,1
facebook,working_professional,career_advancement,data_analysis,busy_call_back,2,7.0,1,2-3
facebook,student_y1_y2,pass_exam,toeic,positive_interaction,2,9.0,1,2-3
facebook,parent_enrolling,study_abroad,kids_english,not_answering,4,4.0,0,4-5
facebook,parent_enrolling,hobby,kids_english,busy_call_back,2,1.0,0,2-3
other,student_y3_y4,career_advancement,toeic,busy_call_back,5,12.0,0,4-5
google_ads,student_y3_y4,study_abroad,ielts,busy_call_back,4,37.0,0,4-5
facebook,working_professional,career_advancement,toeic,interested_need_time,8,7.0,0,6+
facebook,student_y3_y4,career_advancement,communication_english,positive_interaction,4,0.0,0,4-5
other,working_professional,career_advancement,data_analysis,not_answering,3,0.0,0,2-3
facebook,working_professional,career_advancement,toeic,not_answering,3,11.0,0,2-3
tiktok,student_y3_y4,study_abroad,ielts,positive_interaction,1,1.0,1,1
facebook,student_y1_y2,pass_exam,toeic,rejected,3,0.0,0,2-3
facebook,parent_enrolling,pass_exam,kids_english,not_answering,5,2.0,0,4-5
tiktok,student_y1_y2,study_abroad,communication_english,not_answering,1,3.0,1,1
facebook,working_professional,career_advancement,communication_english,rejected,1,7.0,0,1
tiktok,student_y1_y2,study_abroad,ielts,not_answering,3,2.0,0,2-3
facebook,student_y1_y2,career_advancement,toeic,rejected,5,6.0,0,4-5
tiktok,student_y1_y2,pass_exam,toeic,positive_interaction,2,44.0,0,2-3
tiktok,student_y3_y4,study_abroad,ielts,not_answering,5,17.0,0,4-5
tiktok,working_professional,career_advancement,communication_english,not_answering,2,5.0,0,2-3
facebook,student_y3_y4,study_abroad,ielts,rejected,3,8.0,0,2-3
tiktok,working_professional,company_training,communication_english,not_answering,7,0.0,0,6+
other,working_professional,career_advancement,communication_english,interested_need_time,2,3.0,1,2-3
facebook,student_y1_y2,hobby,toeic,not_answering,3,19.0,0,2-3
facebook,student_y1_y2,pass_exam,ielts,interested_need_time,6,9.0,0,6+
website_organic,working_professional,career_advancement,communication_english,positive_interaction,2,5.0,1,2-3
facebook,working_professional,career_advancement,data_analysis,positive_interaction,1,40.0,0,1
tiktok,working_professional,career_advancement,frontend,not_answering,7,0.0,0,6+
tiktok,student_y1_y2,career_advancement,communication_english,interested_need_time,3,15.0,0,2-3
facebook,unemployed,career_advancement,backend_nodejs,positive_interaction,7,14.0,0,6+
google_ads,student_y1_y2,hobby,ielts,not_answering,5,0.0,0,4-5
google_ads,working_professional,career_advancement,data_analysis,positive_interaction,3,21.0,1,2-3
facebook,student_y1_y2,career_advancement,frontend,interested_need_time,3,6.0,1,2-3
website_organic,working_professional,career_advancement,data_analysis,not_answering,3,7.0,0,2-3
facebook,student_y3_y4,study_abroad,communication_english,rejected,1,0.0,1,1
facebook,working_professional,company_training,frontend,busy_call_back,3,6.0,0,2-3
website_organic,student_y1_y2,pass_exam,toeic,not_answering,5,3.0,0,4-5
facebook,working_professional,career_advancement,frontend,not_answering,8,18.0,0,6+
website_organic,student_y1_y2,pass_exam,communication_english,busy_call_back,7,5.0,0,6+
facebook,working_professional,pass_exam,frontend,busy_call_back,7,21.0,0,6+
google_ads,student_y1_y2,study_abroad,communication_english,not_answering,1,18.0,1,1
facebook,student_y1_y2,pass_exam,toeic,positive_interaction,3,15.0,0,2-3
tiktok,working_professional,career_advancement,data_analysis,interested_need_time,2,2.0,1,2-3
tiktok,student_y1_y2,pass_exam,toeic,not_answering,3,29.0,0,2-3
website_organic,student_y1_y2,study_abroad,ielts,positive_interaction,6,9.0,0,6+
other,unemployed,study_abroad,frontend,positive_interaction,5,2.0,1,4-5
tiktok,unemployed,study_abroad,frontend,interested_need_time,5,7.0,0,4-5
tiktok,unemployed,hobby,backend_nodejs,rejected,2,0.0,0,2-3
google_ads,student_y3_y4,pass_exam,toeic,not_answering,3,1.0,0,2-3
referral,student_y3_y4,hobby,toeic,not_answering,2,8.0,0,2-3
google_ads,working_professional,company_training,communication_english,not_answering,3,4.0,1,2-3
website_organic,student_y1_y2,career_advancement,toeic,busy_call_back,2,2.0,1,2-3
facebook,working_professional,career_advancement,data_analysis,busy_call_back,5,9.0,0,4-5
google_ads,student_y1_y2,pass_exam,toeic,not_answering,3,0.0,0,2-3
tiktok,parent_enrolling,hobby,kids_english,interested_need_time,4,8.0,1,4-5
facebook,working_professional,pass_exam,data_analysis,rejected,5,0.0,0,4-5
facebook,student_y3_y4,study_abroad,ielts,positive_interaction,2,0.0,1,2-3
referral,student_y3_y4,hobby,communication_english,positive_interaction,3,5.0,1,2-3
google_ads,student_y1_y2,study_abroad,communication_english,positive_interaction,5,4.0,1,4-5
facebook,student_y3_y4,hobby,toeic,positive_interaction,7,18.0,0,6+
facebook,working_professional,career_advancement,data_analysis,busy_call_back,1,6.0,0,1
facebook,student_y3_y4,career_advancement,toeic,busy_call_back,4,,0,4-5
google_ads,student_y3_y4,career_advancement,communication_english,busy_call_back,2,45.0,0,2-3
referral,student_y1_y2,pass_exam,communication_english,not_answering,2,21.0,1,2-3
other,working_professional,career_advancement,data_analysis,interested_need_time,1,4.0,0,1
tiktok,student_y3_y4,pass_exam,ielts,busy_call_back,3,,0,2-3
tiktok,student_y1_y2,pass_exam,backend_nodejs,not_answering,2,6.0,0,2-3
facebook,parent_enrolling,hobby,kids_english,not_answering,4,8.0,0,4-5
website_organic,student_y3_y4,hobby,toeic,positive_interaction,2,11.0,1,2-3
facebook,student_y3_y4,study_abroad,toeic,not_answering,1,6.0,1,1
facebook,parent_enrolling,hobby,kids_english,busy_call_back,4,17.0,0,4-5
referral,student_y3_y4,hobby,toeic,not_answering,1,7.0,0,1
website_organic,parent_enrolling,pass_exam,kids_english,not_answering,2,29.0,0,2-3
facebook,working_professional,career_advancement,data_analysis,positive_interaction,2,29.0,0,2-3
tiktok,,career_advancement,data_analysis,not_answering,2,7.0,1,2-3
google_ads,student_y1_y2,pass_exam,toeic,not_answering,3,4.0,1,2-3
facebook,student_y1_y2,career_advancement,toeic,rejected,5,9.0,0,4-5
facebook,student_y3_y4,career_advancement,communication_english,busy_call_back,4,6.0,0,4-5
facebook,student_y1_y2,study_abroad,communication_english,interested_need_time,1,25.0,1,1
google_ads,,hobby,toeic,interested_need_time,1,4.0,1,1
google_ads,working_professional,company_training,communication_english,not_answering,5,1.0,0,4-5
google_ads,working_professional,career_advancement,data_analysis,busy_call_back,2,10.0,0,2-3
facebook,student_y1_y2,career_advancement,ielts,busy_call_back,2,23.0,1,2-3
referral,working_professional,company_training,data_analysis,not_answering,1,9.0,0,1
google_ads,,study_abroad,kids_english,not_answering,4,,0,4-5
website_organic,working_professional,career_advancement,data_analysis,interested_need_time,4,6.0,0,4-5
facebook,,company_training,communication_english,not_answering,2,1.0,1,2-3
google_ads,working_professional,career_advancement,communication_english,not_answering,1,2.0,1,1
website_organic,student_y1_y2,study_abroad,ielts,interested_need_time,4,18.0,1,4-5
facebook,student_y3_y4,pass_exam,toeic,busy_call_back,1,35.0,0,1
facebook,parent_enrolling,pass_exam,kids_english,interested_need_time,3,0.0,0,2-3
facebook,working_professional,pass_exam,communication_english,not_answering,5,7.0,0,4-5
facebook,working_professional,career_advancement,data_analysis,positive_interaction,2,1.0,1,2-3
google_ads,parent_enrolling,study_abroad,kids_english,positive_interaction,2,7.0,1,2-3
facebook,student_y1_y2,pass_exam,frontend,interested_need_time,4,3.0,1,4-5
facebook,student_y3_y4,hobby,toeic,positive_interaction,4,14.0,1,4-5
google_ads,working_professional,career_advancement,communication_english,busy_call_back,3,4.0,1,2-3
facebook,student_y1_y2,pass_exam,toeic,not_answering,2,4.0,0,2-3
facebook,working_professional,company_training,communication_english,busy_call_back,2,11.0,1,2-3
tiktok,unemployed,career_advancement,communication_english,busy_call_back,3,20.0,1,2-3
facebook,working_professional,career_advancement,toeic,wrong_number,2,17.0,0,2-3
facebook,student_y3_y4,study_abroad,ielts,busy_call_back,2,5.0,0,2-3
facebook,working_professional,career_advancement,toeic,busy_call_back,2,25.0,1,2-3
facebook,student_y1_y2,career_advancement,toeic,wrong_number,3,4.0,0,2-3
google_ads,unemployed,career_advancement,data_analysis,not_answering,2,3.0,0,2-3
facebook,student_y1_y2,study_abroad,ielts,interested_need_time,3,0.0,1,2-3
facebook,unemployed,career_advancement,communication_english,busy_call_back,3,5.0,0,2-3
other,student_y3_y4,pass_exam,ielts,rejected,8,26.0,0,6+
referral,student_y3_y4,study_abroad,ielts,not_answering,3,13.0,0,2-3
facebook,student_y3_y4,pass_exam,toeic,positive_interaction,4,7.0,0,4-5
facebook,student_y1_y2,pass_exam,communication_english,interested_need_time,1,1.0,1,1
google_ads,student_y3_y4,pass_exam,ielts,rejected,4,62.0,0,4-5
website_organic,unemployed,hobby,toeic,rejected,3,28.0,0,2-3
website_organic,unemployed,study_abroad,toeic,positive_interaction,5,8.0,1,4-5
facebook,student_y1_y2,hobby,toeic,not_answering,7,3.0,0,6+
facebook,working_professional,career_advancement,communication_english,busy_call_back,2,2.0,0,2-3
google_ads,unemployed,hobby,backend_nodejs,wrong_number,6,4.0,0,6+
website_organic,unemployed,career_advancement,data_analysis,interested_need_time,4,13.0,0,4-5
website_organic,student_y3_y4,career_advancement,communication_english,wrong_number,4,4.0,0,4-5
facebook,student_y1_y2,study_abroad,ielts,positive_interaction,3,39.0,0,2-3
google_ads,parent_enrolling,study_abroad,kids_english,busy_call_back,2,6.0,0,2-3
facebook,student_y3_y4,study_abroad,ielts,not_answering,5,19.0,0,4-5
tiktok,student_y3_y4,pass_exam,toeic,busy_call_back,1,14.0,0,1
referral,working_professional,career_advancement,toeic,positive_interaction,3,12.0,0,2-3
google_ads,student_y3_y4,hobby,toeic,busy_call_back,1,5.0,0,1
facebook,unemployed,study_abroad,communication_english,not_answering,2,9.0,0,2-3
google_ads,student_y1_y2,pass_exam,backend_nodejs,positive_interaction,4,6.0,0,4-5
google_ads,working_professional,company_training,data_analysis,not_answering,4,0.0,0,4-5
website_organic,parent_enrolling,hobby,kids_english,busy_call_back,5,17.0,1,4-5
facebook,parent_enrolling,hobby,kids_english,busy_call_back,4,28.0,0,4-5
website_organic,parent_enrolling,hobby,communication_english,interested_need_time,4,19.0,0,4-5
facebook,unemployed,study_abroad,backend_nodejs,not_answering,6,18.0,0,6+
facebook,student_y3_y4,study_abroad,ielts,positive_interaction,3,5.0,1,2-3
facebook,parent_enrolling,pass_exam,ielts,positive_interaction,4,2.0,1,4-5
facebook,parent_enrolling,study_abroad,kids_english,positive_interaction,5,7.0,1,4-5
facebook,student_y3_y4,career_advancement,toeic,rejected,4,1.0,0,4-5
tiktok,student_y3_y4,career_advancement,ielts,not_answering,4,0.0,1,4-5
facebook,student_y1_y2,pass_exam,toeic,not_answering,3,11.0,0,2-3
facebook,working_professional,company_training,communication_english,not_answering,3,3.0,0,2-3
facebook,working_professional,pass_exam,communication_english,positive_interaction,3,4.0,1,2-3
facebook,student_y3_y4,pass_exam,toeic,not_answering,4,22.0,0,4-5
website_organic,student_y3_y4,career_advancement,communication_english,rejected,3,1.0,0,2-3
referral,working_professional,hobby,ielts,interested_need_time,1,8.0,1,1
facebook,student_y1_y2,study_abroad,ielts,positive_interaction,2,9.0,1,2-3
tiktok,parent_enrolling,pass_exam,ielts,busy_call_back,3,0.0,0,2-3
tiktok,student_y3_y4,pass_exam,ielts,positive_interaction,2,,1,2-3
other,student_y1_y2,hobby,communication_english,busy_call_back,2,2.0,0,2-3
facebook,student_y1_y2,study_abroad,toeic,interested_need_time,1,6.0,1,1
facebook,unemployed,hobby,backend_nodejs,positive_interaction,1,9.0,0,1
google_ads,unemployed,career_advancement,frontend,not_answering,5,4.0,0,4-5
website_organic,student_y1_y2,pass_exam,frontend,wrong_number,3,7.0,0,2-3
tiktok,student_y1_y2,study_abroad,communication_english,positive_interaction,4,25.0,0,4-5
google_ads,student_y3_y4,pass_exam,ielts,positive_interaction,1,4.0,1,1
facebook,student_y1_y2,study_abroad,communication_english,not_answering,2,17.0,0,2-3
tiktok,working_professional,career_advancement,frontend,not_answering,1,1.0,0,1
website_organic,student_y1_y2,study_abroad,ielts,not_answering,1,0.0,1,1
facebook,student_y3_y4,pass_exam,toeic,interested_need_time,1,4.0,1,1
tiktok,student_y3_y4,pass_exam,toeic,not_answering,3,4.0,0,2-3
google_ads,student_y3_y4,study_abroad,ielts,rejected,1,4.0,1,1
google_ads,student_y3_y4,study_abroad,communication_english,rejected,4,4.0,0,4-5
google_ads,student_y1_y2,study_abroad,ielts,not_answering,3,3.0,0,2-3
tiktok,student_y1_y2,hobby,toeic,positive_interaction,2,12.0,0,2-3
referral,student_y1_y2,study_abroad,toeic,not_answering,5,7.0,1,4-5
google_ads,student_y1_y2,career_advancement,communication_english,busy_call_back,3,13.0,0,2-3
facebook,parent_enrolling,study_abroad,ielts,not_answering,2,0.0,0,2-3
facebook,student_y3_y4,career_advancement,toeic,positive_interaction,3,18.0,1,2-3
facebook,student_y3_y4,study_abroad,communication_english,wrong_number,4,0.0,1,4-5
facebook,,career_advancement,toeic,not_answering,3,3.0,0,2-3
facebook,working_professional,career_advancement,data_analysis,not_answering,6,9.0,1,6+
google_ads,parent_enrolling,pass_exam,kids_english,busy_call_back,2,2.0,0,2-3
facebook,working_professional,career_advancement,communication_english,interested_need_time,2,11.0,1,2-3
facebook,working_professional,career_advancement,frontend,not_answering,5,10.0,0,4-5
tiktok,unemployed,study_abroad,data_analysis,positive_interaction,3,15.0,0,2-3
facebook,student_y3_y4,hobby,backend_nodejs,rejected,7,2.0,0,6+
google_ads,unemployed,career_advancement,communication_english,busy_call_back,4,7.0,0,4-5
referral,working_professional,hobby,data_analysis,wrong_number,3,16.0,0,2-3
google_ads,student_y1_y2,pass_exam,backend_nodejs,positive_interaction,3,1.0,1,2-3
facebook,student_y3_y4,pass_exam,frontend,interested_need_time,2,,0,2-3
facebook,student_y3_y4,study_abroad,ielts,positive_interaction,1,2.0,1,1
google_ads,student_y1_y2,hobby,communication_english,busy_call_back,2,2.0,0,2-3
google_ads,unemployed,hobby,backend_nodejs,interested_need_time,2,9.0,1,2-3
facebook,student_y1_y2,pass_exam,toeic,not_answering,4,17.0,0,4-5
google_ads,working_professional,career_advancement,communication_english,positive_interaction,4,1.0,1,4-5
google_ads,parent_enrolling,pass_exam,kids_english,not_answering,6,1.0,0,6+
facebook,student_y3_y4,pass_exam,communication_english,not_answering,1,8.0,0,1
google_ads,student_y3_y4,pass_exam,toeic,busy_call_back,3,1.0,1,2-3
facebook,working_professional,pass_exam,ielts,busy_call_back,2,2.0,1,2-3
facebook,unemployed,study_abroad,communication_english,not_answering,3,10.0,0,2-3
website_organic,student_y1_y2,career_advancement,toeic,not_answering,1,0.0,1,1
facebook,student_y3_y4,study_abroad,communication_english,wrong_number,3,4.0,0,2-3
google_ads,working_professional,career_advancement,ielts,interested_need_time,4,5.0,1,4-5
google_ads,parent_enrolling,hobby,kids_english,busy_call_back,2,0.0,0,2-3
facebook,student_y3_y4,pass_exam,ielts,positive_interaction,4,36.0,1,4-5
referral,student_y3_y4,study_abroad,ielts,positive_interaction,2,1.0,1,2-3
facebook,parent_enrolling,pass_exam,communication_english,not_answering,2,1.0,0,2-3
facebook,student_y1_y2,pass_exam,backend_nodejs,interested_need_time,6,4.0,0,6+
referral,student_y1_y2,study_abroad,ielts,busy_call_back,1,24.0,0,1
tiktok,working_professional,career_advancement,data_analysis,interested_need_time,2,4.0,1,2-3
tiktok,student_y1_y2,study_abroad,ielts,positive_interaction,6,13.0,0,6+
facebook,student_y1_y2,pass_exam,ielts,not_answering,1,4.0,0,1
facebook,working_professional,company_training,data_analysis,interested_need_time,2,9.0,1,2-3
google_ads,working_professional,career_advancement,toeic,not_answering,3,6.0,0,2-3
facebook,student_y3_y4,career_advancement,toeic,interested_need_time,4,11.0,1,4-5
facebook,student_y3_y4,hobby,ielts,not_answering,3,18.0,0,2-3
tiktok,working_professional,career_advancement,frontend,positive_interaction,3,5.0,0,2-3
facebook,working_professional,company_training,data_analysis,interested_need_time,6,25.0,0,6+
facebook,unemployed,career_advancement,toeic,not_answering,2,16.0,0,2-3
facebook,working_professional,career_advancement,frontend,positive_interaction,3,17.0,0,2-3
google_ads,working_professional,career_advancement,toeic,not_answering,7,12.0,0,6+
google_ads,unemployed,study_abroad,frontend,interested_need_time,1,1.0,1,1
website_organic,unemployed,career_advancement,data_analysis,interested_need_time,6,18.0,0,6+
facebook,student_y1_y2,pass_exam,ielts,not_answering,6,19.0,0,6+
facebook,parent_enrolling,hobby,kids_english,not_answering,7,0.0,0,6+
google_ads,unemployed,hobby,toeic,not_answering,1,16.0,0,1
facebook,student_y3_y4,hobby,communication_english,positive_interaction,3,11.0,1,2-3
google_ads,student_y1_y2,study_abroad,communication_english,positive_interaction,5,7.0,1,4-5
referral,,career_advancement,data_analysis,not_answering,2,2.0,0,2-3
google_ads,student_y3_y4,pass_exam,toeic,not_answering,3,5.0,1,2-3
google_ads,working_professional,career_advancement,frontend,wrong_number,2,7.0,1,2-3
other,student_y3_y4,pass_exam,toeic,not_answering,1,3.0,1,1
facebook,student_y1_y2,pass_exam,toeic,busy_call_back,5,0.0,1,4-5
referral,student_y1_y2,hobby,toeic,positive_interaction,8,11.0,0,6+
google_ads,unemployed,career_advancement,toeic,not_answering,1,16.0,0,1
google_ads,student_y1_y2,pass_exam,toeic,rejected,1,2.0,1,1
referral,working_professional,hobby,data_analysis,not_answering,3,5.0,1,2-3
google_ads,student_y3_y4,pass_exam,communication_english,positive_interaction,1,35.0,1,1
google_ads,student_y3_y4,study_abroad,communication_english,busy_call_back,3,27.0,1,2-3
facebook,,pass_exam,ielts,not_answering,4,7.0,1,4-5
tiktok,student_y3_y4,study_abroad,communication_english,busy_call_back,2,2.0,1,2-3
google_ads,working_professional,pass_exam,frontend,rejected,4,8.0,0,4-5
facebook,working_professional,company_training,communication_english,interested_need_time,1,1.0,1,1
tiktok,student_y1_y2,pass_exam,communication_english,not_answering,2,27.0,0,2-3
google_ads,student_y3_y4,pass_exam,communication_english,rejected,5,3.0,0,4-5
facebook,working_professional,company_training,data_analysis,not_answering,1,,1,1
facebook,working_professional,career_advancement,frontend,not_answering,2,8.0,0,2-3
google_ads,student_y3_y4,study_abroad,ielts,not_answering,3,6.0,1,2-3
facebook,working_professional,career_advancement,communication_english,positive_interaction,2,2.0,1,2-3
facebook,student_y1_y2,career_advancement,toeic,not_answering,3,2.0,0,2-3
google_ads,student_y1_y2,study_abroad,ielts,not_answering,5,5.0,0,4-5
facebook,working_professional,career_advancement,communication_english,rejected,2,21.0,0,2-3
facebook,working_professional,career_advancement,frontend,interested_need_time,2,5.0,0,2-3
tiktok,unemployed,study_abroad,communication_english,not_answering,1,6.0,1,1
facebook,student_y1_y2,pass_exam,communication_english,interested_need_time,4,0.0,1,4-5
other,student_y3_y4,pass_exam,toeic,not_answering,2,,1,2-3
referral,working_professional,career_advancement,data_analysis,busy_call_back,5,21.0,0,4-5
google_ads,student_y1_y2,hobby,toeic,busy_call_back,1,0.0,0,1
referral,student_y3_y4,hobby,ielts,interested_need_time,4,0.0,0,4-5
website_organic,working_professional,pass_exam,data_analysis,positive_interaction,5,21.0,1,4-5
facebook,student_y1_y2,hobby,communication_english,busy_call_back,4,11.0,0,4-5
tiktok,student_y3_y4,hobby,toeic,not_answering,4,4.0,0,4-5
facebook,student_y1_y2,career_advancement,communication_english,busy_call_back,2,37.0,0,2-3
tiktok,parent_enrolling,pass_exam,kids_english,positive_interaction,2,1.0,1,2-3
google_ads,student_y1_y2,pass_exam,toeic,positive_interaction,2,4.0,1,2-3
facebook,student_y1_y2,pass_exam,toeic,positive_interaction,2,10.0,1,2-3
facebook,student_y1_y2,pass_exam,communication_english,rejected,3,4.0,0,2-3
referral,student_y1_y2,pass_exam,toeic,positive_interaction,4,9.0,1,4-5
facebook,student_y1_y2,pass_exam,toeic,rejected,3,1.0,0,2-3
facebook,working_professional,career_advancement,ielts,interested_need_time,7,50.0,0,6+
facebook,student_y1_y2,pass_exam,toeic,not_answering,4,0.0,0,4-5
google_ads,student_y3_y4,study_abroad,communication_english,interested_need_time,2,15.0,1,2-3
website_organic,student_y1_y2,study_abroad,ielts,not_answering,2,2.0,0,2-3
tiktok,student_y3_y4,study_abroad,ielts,not_answering,3,26.0,0,2-3
google_ads,student_y1_y2,study_abroad,toeic,busy_call_back,2,5.0,1,2-3
facebook,working_professional,pass_exam,data_analysis,busy_call_back,2,15.0,0,2-3
facebook,working_professional,career_advancement,data_analysis,positive_interaction,3,25.0,1,2-3
google_ads,working_professional,pass_exam,ielts,busy_call_back,4,7.0,0,4-5
website_organic,student_y1_y2,pass_exam,toeic,not_answering,2,1.0,1,2-3
tiktok,unemployed,career_advancement,data_analysis,rejected,2,,0,2-3
google_ads,working_professional,career_advancement,toeic,interested_need_time,2,16.0,0,2-3
google_ads,student_y1_y2,pass_exam,toeic,not_answering,2,12.0,0,2-3
google_ads,student_y3_y4,hobby,toeic,not_answering,2,3.0,0,2-3
google_ads,working_professional,career_advancement,data_analysis,not_answering,4,2.0,0,4-5
google_ads,student_y3_y4,study_abroad,communication_english,rejected,3,6.0,0,2-3
tiktok,student_y3_y4,career_advancement,toeic,not_answering,2,4.0,0,2-3
google_ads,working_professional,career_advancement,communication_english,rejected,8,1.0,0,6+
referral,student_y1_y2,career_advancement,frontend,not_answering,3,1.0,1,2-3
google_ads,parent_enrolling,pass_exam,kids_english,positive_interaction,1,11.0,0,1
facebook,student_y1_y2,career_advancement,backend_nodejs,not_answering,5,4.0,0,4-5
facebook,student_y1_y2,study_abroad,ielts,busy_call_back,4,4.0,1,4-5
google_ads,student_y1_y2,career_advancement,ielts,busy_call_back,3,5.0,0,2-3
google_ads,student_y3_y4,career_advancement,ielts,busy_call_back,2,7.0,1,2-3
google_ads,unemployed,career_advancement,backend_nodejs,rejected,5,1.0,0,4-5
tiktok,unemployed,career_advancement,frontend,positive_interaction,1,1.0,1,1
facebook,parent_enrolling,pass_exam,kids_english,not_answering,2,1.0,1,2-3
tiktok,student_y3_y4,pass_exam,communication_english,positive_interaction,5,6.0,1,4-5
tiktok,student_y3_y4,hobby,toeic,not_answering,5,1.0,0,4-5
google_ads,student_y3_y4,study_abroad,ielts,rejected,3,8.0,0,2-3
google_ads,student_y1_y2,study_abroad,ielts,busy_call_back,1,6.0,0,1
facebook,parent_enrolling,study_abroad,communication_english,not_answering,2,1.0,1,2-3
google_ads,student_y3_y4,study_abroad,communication_english,not_answering,5,28.0,1,4-5
tiktok,,career_advancement,toeic,not_answering,4,13.0,0,4-5
referral,student_y3_y4,pass_exam,toeic,rejected,5,43.0,0,4-5
google_ads,working_professional,career_advancement,frontend,busy_call_back,1,11.0,0,1
facebook,student_y1_y2,study_abroad,ielts,not_answering,6,1.0,0,6+
tiktok,working_professional,career_advancement,toeic,positive_interaction,2,2.0,1,2-3
tiktok,working_professional,pass_exam,toeic,not_answering,2,14.0,0,2-3
facebook,unemployed,hobby,communication_english,not_answering,5,8.0,0,4-5
website_organic,student_y1_y2,pass_exam,toeic,positive_interaction,2,3.0,1,2-3
facebook,student_y1_y2,hobby,toeic,not_answering,3,2.0,0,2-3
facebook,,career_advancement,toeic,positive_interaction,3,8.0,1,2-3
facebook,unemployed,hobby,frontend,interested_need_time,5,17.0,0,4-5
facebook,parent_enrolling,study_abroad,kids_english,not_answering,1,10.0,0,1
website_organic,working_professional,career_advancement,frontend,busy_call_back,1,2.0,1,1
google_ads,student_y1_y2,study_abroad,ielts,not_answering,3,10.0,0,2-3
facebook,,study_abroad,ielts,interested_need_time,5,20.0,0,4-5
google_ads,working_professional,career_advancement,toeic,interested_need_time,6,1.0,0,6+
facebook,student_y1_y2,pass_exam,toeic,positive_interaction,2,56.0,0,2-3
facebook,working_professional,company_training,ielts,busy_call_back,4,15.0,0,4-5
facebook,unemployed,hobby,frontend,positive_interaction,2,1.0,1,2-3
tiktok,student_y3_y4,career_advancement,toeic,not_answering,2,7.0,0,2-3
facebook,student_y3_y4,study_abroad,ielts,rejected,1,,0,1
tiktok,student_y1_y2,pass_exam,communication_english,not_answering,2,11.0,0,2-3
facebook,student_y3_y4,pass_exam,communication_english,positive_interaction,1,2.0,1,1
tiktok,working_professional,company_training,communication_english,busy_call_back,2,1.0,0,2-3
website_organic,student_y3_y4,pass_exam,communication_english,not_answering,2,1.0,1,2-3
facebook,student_y1_y2,career_advancement,ielts,busy_call_back,5,2.0,0,4-5
facebook,student_y1_y2,pass_exam,ielts,rejected,2,6.0,0,2-3
referral,student_y1_y2,pass_exam,toeic,positive_interaction,5,21.0,0,4-5
google_ads,working_professional,company_training,communication_english,positive_interaction,5,13.0,1,4-5
google_ads,working_professional,career_advancement,communication_english,busy_call_back,3,4.0,0,2-3
facebook,student_y3_y4,career_advancement,frontend,interested_need_time,4,11.0,0,4-5
facebook,student_y3_y4,hobby,toeic,not_answering,2,5.0,1,2-3
google_ads,student_y1_y2,study_abroad,communication_english,interested_need_time,1,3.0,1,1
website_organic,student_y3_y4,pass_exam,toeic,not_answering,4,2.0,0,4-5
facebook,student_y1_y2,pass_exam,communication_english,positive_interaction,3,6.0,0,2-3
tiktok,parent_enrolling,study_abroad,kids_english,positive_interaction,3,4.0,0,2-3
tiktok,student_y1_y2,pass_exam,communication_english,busy_call_back,5,14.0,0,4-5
facebook,student_y3_y4,study_abroad,ielts,positive_interaction,4,5.0,1,4-5
facebook,student_y1_y2,pass_exam,backend_nodejs,busy_call_back,2,20.0,0,2-3
facebook,working_professional,company_training,data_analysis,not_answering,1,11.0,0,1
google_ads,student_y1_y2,study_abroad,toeic,not_answering,5,1.0,0,4-5
google_ads,parent_enrolling,pass_exam,kids_english,not_answering,8,6.0,0,6+
google_ads,student_y1_y2,pass_exam,ielts,not_answering,3,1.0,1,2-3
facebook,unemployed,career_advancement,communication_english,positive_interaction,4,3.0,0,4-5
tiktok,working_professional,career_advancement,data_analysis,positive_interaction,3,6.0,1,2-3
google_ads,student_y1_y2,study_abroad,ielts,busy_call_back,2,0.0,0,2-3
google_ads,student_y1_y2,pass_exam,communication_english,rejected,6,2.0,0,6+
google_ads,student_y3_y4,pass_exam,communication_english,wrong_number,4,14.0,0,4-5
facebook,unemployed,career_advancement,toeic,not_answering,3,17.0,0,2-3
tiktok,unemployed,career_advancement,backend_nodejs,busy_call_back,4,35.0,0,4-5
facebook,student_y1_y2,pass_exam,toeic,rejected,3,20.0,0,2-3
facebook,student_y3_y4,career_advancement,communication_english,not_answering,1,8.0,1,1
facebook,student_y1_y2,career_advancement,communication_english,busy_call_back,4,46.0,0,4-5
google_ads,student_y1_y2,study_abroad,communication_english,rejected,1,39.0,0,1
google_ads,working_professional,career_advancement,frontend,positive_interaction,2,17.0,1,2-3
facebook,,pass_exam,toeic,positive_interaction,1,14.0,1,1
website_organic,student_y1_y2,career_advancement,toeic,wrong_number,2,9.0,0,2-3
website_organic,unemployed,career_advancement,communication_english,not_answering,6,1.0,0,6+
facebook,working_professional,career_advancement,data_analysis,positive_interaction,1,25.0,1,1
tiktok,working_professional,career_advancement,communication_english,positive_interaction,2,45.0,0,2-3
facebook,student_y1_y2,pass_exam,toeic,not_answering,4,7.0,0,4-5
other,parent_enrolling,pass_exam,kids_english,not_answering,5,4.0,0,4-5
facebook,,hobby,data_analysis,not_answering,4,0.0,0,4-5
facebook,student_y3_y4,pass_exam,toeic,positive_interaction,7,1.0,1,6+
google_ads,student_y1_y2,pass_exam,toeic,positive_interaction,4,13.0,1,4-5
facebook,unemployed,career_advancement,toeic,wrong_number,4,11.0,0,4-5
tiktok,student_y3_y4,career_advancement,toeic,busy_call_back,2,12.0,0,2-3
google_ads,unemployed,career_advancement,backend_nodejs,interested_need_time,2,9.0,0,2-3
facebook,,pass_exam,communication_english,not_answering,3,2.0,1,2-3
google_ads,working_professional,hobby,communication_english,rejected,4,11.0,0,4-5
website_organic,working_professional,company_training,communication_english,interested_need_time,4,11.0,1,4-5
tiktok,parent_enrolling,study_abroad,kids_english,positive_interaction,4,1.0,1,4-5
google_ads,student_y1_y2,study_abroad,communication_english,not_answering,3,7.0,0,2-3
facebook,,study_abroad,communication_english,not_answering,4,14.0,0,4-5
facebook,working_professional,career_advancement,data_analysis,not_answering,1,7.0,0,1
website_organic,student_y3_y4,pass_exam,communication_english,positive_interaction,2,,1,2-3
tiktok,working_professional,career_advancement,toeic,not_answering,3,2.0,0,2-3
google_ads,working_professional,career_advancement,ielts,positive_interaction,1,8.0,1,1
website_organic,student_y3_y4,study_abroad,ielts,not_answering,6,31.0,0,6+
facebook,working_professional,company_training,communication_english,interested_need_time,2,,0,2-3
tiktok,student_y3_y4,pass_exam,toeic,not_answering,1,18.0,0,1
facebook,unemployed,hobby,toeic,not_answering,4,17.0,0,4-5
facebook,student_y1_y2,hobby,toeic,interested_need_time,1,16.0,0,1
google_ads,working_professional,career_advancement,frontend,busy_call_back,3,2.0,1,2-3
facebook,unemployed,career_advancement,frontend,busy_call_back,2,2.0,0,2-3
referral,student_y3_y4,hobby,toeic,interested_need_time,1,0.0,1,1
facebook,student_y3_y4,pass_exam,ielts,busy_call_back,4,5.0,0,4-5
website_organic,student_y3_y4,study_abroad,toeic,interested_need_time,2,1.0,1,2-3
tiktok,working_professional,company_training,toeic,positive_interaction,3,4.0,1,2-3
tiktok,student_y3_y4,career_advancement,communication_english,not_answering,2,11.0,1,2-3
referral,student_y1_y2,hobby,toeic,busy_call_back,3,7.0,0,2-3
google_ads,unemployed,hobby,communication_english,not_answering,2,6.0,0,2-3
facebook,student_y1_y2,pass_exam,backend_nodejs,not_answering,1,1.0,1,1
facebook,student_y3_y4,hobby,communication_english,not_answering,4,16.0,0,4-5
facebook,working_professional,pass_exam,toeic,interested_need_time,3,9.0,0,2-3
website_organic,student_y1_y2,career_advancement,communication_english,not_answering,6,1.0,0,6+
google_ads,student_y1_y2,career_advancement,communication_english,wrong_number,5,15.0,0,4-5
facebook,parent_enrolling,study_abroad,ielts,positive_interaction,3,13.0,0,2-3
facebook,working_professional,career_advancement,frontend,not_answering,1,3.0,0,1
google_ads,student_y1_y2,pass_exam,toeic,interested_need_time,4,3.0,0,4-5
tiktok,working_professional,company_training,data_analysis,not_answering,3,14.0,0,2-3
facebook,student_y3_y4,hobby,toeic,not_answering,5,4.0,0,4-5
tiktok,student_y1_y2,pass_exam,communication_english,rejected,3,2.0,0,2-3
google_ads,working_professional,hobby,ielts,busy_call_back,1,6.0,0,1
tiktok,student_y3_y4,hobby,toeic,not_answering,5,4.0,0,4-5
facebook,student_y1_y2,hobby,toeic,wrong_number,4,4.0,0,4-5
google_ads,unemployed,study_abroad,frontend,rejected,1,2.0,0,1
facebook,student_y3_y4,pass_exam,communication_english,interested_need_time,4,,1,4-5
facebook,student_y3_y4,career_advancement,toeic,positive_interaction,3,24.0,1,2-3
tiktok,student_y3_y4,pass_exam,communication_english,positive_interaction,3,4.0,1,2-3
google_ads,working_professional,pass_exam,data_analysis,positive_interaction,5,8.0,0,4-5
facebook,working_professional,career_advancement,data_analysis,busy_call_back,2,2.0,0,2-3
website_organic,parent_enrolling,pass_exam,kids_english,positive_interaction,1,5.0,1,1
facebook,student_y1_y2,pass_exam,toeic,interested_need_time,2,25.0,0,2-3
google_ads,working_professional,career_advancement,communication_english,not_answering,6,2.0,0,6+
other,working_professional,career_advancement,data_analysis,not_answering,2,5.0,0,2-3
google_ads,student_y3_y4,pass_exam,toeic,busy_call_back,4,1.0,1,4-5
website_organic,student_y1_y2,study_abroad,communication_english,not_answering,4,3.0,1,4-5
google_ads,unemployed,study_abroad,frontend,not_answering,5,14.0,0,4-5
tiktok,student_y1_y2,career_advancement,ielts,busy_call_back,1,25.0,1,1
tiktok,working_professional,company_training,data_analysis,rejected,1,10.0,0,1
tiktok,student_y3_y4,pass_exam,toeic,not_answering,8,1.0,0,6+
facebook,student_y1_y2,pass_exam,toeic,not_answering,3,2.0,1,2-3
tiktok,parent_enrolling,hobby,kids_english,positive_interaction,1,2.0,1,1
facebook,unemployed,hobby,toeic,busy_call_back,1,10.0,0,1
other,student_y3_y4,study_abroad,ielts,positive_interaction,5,0.0,1,4-5
facebook,working_professional,pass_exam,toeic,interested_need_time,6,32.0,0,6+
facebook,student_y3_y4,pass_exam,toeic,interested_need_time,3,1.0,0,2-3
website_organic,working_professional,career_advancement,frontend,not_answering,2,0.0,1,2-3
facebook,student_y1_y2,pass_exam,ielts,busy_call_back,4,1.0,0,4-5
facebook,student_y3_y4,pass_exam,frontend,interested_need_time,1,18.0,1,1
tiktok,student_y3_y4,pass_exam,frontend,not_answering,5,2.0,1,4-5
facebook,student_y3_y4,pass_exam,ielts,not_answering,2,21.0,0,2-3
facebook,student_y3_y4,career_advancement,communication_english,busy_call_back,1,11.0,1,1
google_ads,student_y1_y2,pass_exam,communication_english,positive_interaction,2,2.0,1,2-3
facebook,parent_enrolling,study_abroad,kids_english,interested_need_time,1,6.0,0,1
facebook,student_y1_y2,study_abroad,toeic,positive_interaction,2,16.0,1,2-3
facebook,student_y1_y2,hobby,communication_english,positive_interaction,4,3.0,1,4-5
facebook,student_y3_y4,pass_exam,toeic,not_answering,3,2.0,0,2-3
facebook,working_professional,company_training,ielts,rejected,4,3.0,0,4-5
facebook,,study_abroad,ielts,positive_interaction,2,29.0,1,2-3
google_ads,student_y3_y4,pass_exam,toeic,not_answering,2,11.0,0,2-3
google_ads,working_professional,pass_exam,data_analysis,busy_call_back,3,12.0,0,2-3
facebook,student_y1_y2,pass_exam,toeic,busy_call_back,3,19.0,0,2-3
facebook,,pass_exam,kids_english,rejected,1,12.0,0,1
website_organic,student_y3_y4,study_abroad,ielts,busy_call_back,5,0.0,1,4-5
google_ads,working_professional,career_advancement,ielts,busy_call_back,1,14.0,0,1
google_ads,student_y1_y2,career_advancement,communication_english,rejected,1,2.0,1,1
google_ads,working_professional,career_advancement,ielts,interested_need_time,2,12.0,1,2-3
facebook,unemployed,hobby,toeic,not_answering,4,0.0,0,4-5
website_organic,student_y1_y2,pass_exam,toeic,interested_need_time,1,10.0,1,1
referral,student_y1_y2,pass_exam,ielts,positive_interaction,1,3.0,1,1
referral,student_y3_y4,study_abroad,ielts,busy_call_back,3,3.0,1,2-3
facebook,student_y1_y2,hobby,backend_nodejs,interested_need_time,2,3.0,0,2-3
facebook,parent_enrolling,pass_exam,kids_english,interested_need_time,1,2.0,1,1
facebook,working_professional,company_training,communication_english,interested_need_time,4,13.0,0,4-5
facebook,working_professional,company_training,communication_english,rejected,3,2.0,0,2-3
facebook,parent_enrolling,hobby,ielts,interested_need_time,1,12.0,0,1
google_ads,unemployed,study_abroad,backend_nodejs,interested_need_time,2,8.0,0,2-3
facebook,unemployed,career_advancement,communication_english,positive_interaction,2,,1,2-3
referral,student_y3_y4,career_advancement,toeic,not_answering,8,1.0,0,6+
facebook,student_y3_y4,career_advancement,toeic,not_answering,4,17.0,0,4-5
facebook,student_y3_y4,pass_exam,communication_english,rejected,2,12.0,0,2-3
website_organic,student_y3_y4,study_abroad,ielts,positive_interaction,7,6.0,1,6+
tiktok,student_y3_y4,study_abroad,ielts,busy_call_back,3,4.0,1,2-3
facebook,student_y1_y2,career_advancement,communication_english,not_answering,2,6.0,0,2-3
google_ads,student_y3_y4,study_abroad,ielts,not_answering,6,7.0,0,6+
facebook,student_y3_y4,study_abroad,ielts,not_answering,4,28.0,1,4-5
facebook,student_y3_y4,study_abroad,ielts,busy_call_back,3,7.0,1,2-3
google_ads,student_y1_y2,hobby,ielts,interested_need_time,3,2.0,0,2-3
facebook,student_y3_y4,study_abroad,communication_english,not_answering,7,8.0,0,6+
google_ads,student_y3_y4,study_abroad,ielts,interested_need_time,1,32.0,1,1
